time,runoff_month_HadGEM2-ES_rcp85
2006-01-31 00:00:00+00:00,0.008596285
2006-02-28 00:00:00+00:00,8.2772945e-05
2006-03-31 00:00:00+00:00,0.008163907
2006-04-30 00:00:00+00:00,0.0029147957
2006-05-31 00:00:00+00:00,0.0010855587
2006-06-30 00:00:00+00:00,3.669899e-05
2006-07-31 00:00:00+00:00,0.0008426097
2006-08-31 00:00:00+00:00,0.0043941494
2006-09-30 00:00:00+00:00,4.7016485e-05
2006-10-31 00:00:00+00:00,0.000112301714
2006-11-30 00:00:00+00:00,0.0059213284
2006-12-31 00:00:00+00:00,0.020958772
2007-01-31 00:00:00+00:00,0.008164676
2007-02-28 00:00:00+00:00,0.0018626462
2007-03-31 00:00:00+00:00,0.0060196584
2007-04-30 00:00:00+00:00,0.002360546
2007-05-31 00:00:00+00:00,0.0027509504
2007-06-30 00:00:00+00:00,4.1265976e-05
2007-07-31 00:00:00+00:00,0.0027270352
2007-08-31 00:00:00+00:00,0.0034817215
2007-09-30 00:00:00+00:00,0.009799341
2007-10-31 00:00:00+00:00,0.00016220662
2007-11-30 00:00:00+00:00,0.0148914205
2007-12-31 00:00:00+00:00,0.00091470836
2008-01-31 00:00:00+00:00,0.0081237145
2008-02-29 00:00:00+00:00,0.012757985
2008-03-31 00:00:00+00:00,0.023595417
2008-04-30 00:00:00+00:00,0.007912395
2008-05-31 00:00:00+00:00,0.0017044097
2008-06-30 00:00:00+00:00,0.00022984936
2008-07-31 00:00:00+00:00,2.1042015e-05
2008-08-31 00:00:00+00:00,0.00349973
2008-09-30 00:00:00+00:00,2.520422e-06
2008-10-31 00:00:00+00:00,0.0039466345
2008-11-30 00:00:00+00:00,0.0022608917
2008-12-31 00:00:00+00:00,0.016670944
2009-01-31 00:00:00+00:00,0.041715864
2009-02-28 00:00:00+00:00,0.1447867
2009-03-31 00:00:00+00:00,0.11733659
2009-04-30 00:00:00+00:00,0.026670806
2009-05-31 00:00:00+00:00,0.026659952
2009-06-30 00:00:00+00:00,0.008535156
2009-07-31 00:00:00+00:00,0.0015069107
2009-08-31 00:00:00+00:00,0.0054127458
2009-09-30 00:00:00+00:00,0.03251705
2009-10-31 00:00:00+00:00,0.0020142603
2009-11-30 00:00:00+00:00,0.012002356
2009-12-31 00:00:00+00:00,0.00017840657
2010-01-31 00:00:00+00:00,0.06611656
2010-02-28 00:00:00+00:00,0.10066749
2010-03-31 00:00:00+00:00,0.119134985
2010-04-30 00:00:00+00:00,0.019831384
2010-05-31 00:00:00+00:00,0.020529367
2010-06-30 00:00:00+00:00,0.0045030187
2010-07-31 00:00:00+00:00,0.0031215595
2010-08-31 00:00:00+00:00,0.0011450504
2010-09-30 00:00:00+00:00,0.001032728
2010-10-31 00:00:00+00:00,0.0024677913
2010-11-30 00:00:00+00:00,0.032740753
2010-12-31 00:00:00+00:00,0.014399658
2011-01-31 00:00:00+00:00,0.11417461
2011-02-28 00:00:00+00:00,0.047951795
2011-03-31 00:00:00+00:00,0.10965532
2011-04-30 00:00:00+00:00,0.027187504
2011-05-31 00:00:00+00:00,0.016498255
2011-06-30 00:00:00+00:00,0.0036816364
2011-07-31 00:00:00+00:00,0.0008157432
2011-08-31 00:00:00+00:00,0.0037617623
2011-09-30 00:00:00+00:00,0.0011772631
2011-10-31 00:00:00+00:00,0.0006053482
2011-11-30 00:00:00+00:00,0.0036656822
2011-12-31 00:00:00+00:00,0.0037085295
2012-01-31 00:00:00+00:00,0.0003516278
2012-02-29 00:00:00+00:00,0.016586743
2012-03-31 00:00:00+00:00,0.0779351
2012-04-30 00:00:00+00:00,0.017125897
2012-05-31 00:00:00+00:00,0.00058499863
2012-06-30 00:00:00+00:00,6.152938e-05
2012-07-31 00:00:00+00:00,0.0007246784
2012-08-31 00:00:00+00:00,0.00070872594
2012-09-30 00:00:00+00:00,0.00015650479
2012-10-31 00:00:00+00:00,0.000115212184
2012-11-30 00:00:00+00:00,0.13936543
2012-12-31 00:00:00+00:00,0.021426834
2013-01-31 00:00:00+00:00,0.032413352
2013-02-28 00:00:00+00:00,0.055324156
2013-03-31 00:00:00+00:00,0.056096785
2013-04-30 00:00:00+00:00,0.0060457
2013-05-31 00:00:00+00:00,0.0023694555
2013-06-30 00:00:00+00:00,0.0005202338
2013-07-31 00:00:00+00:00,0.0025256653
2013-08-31 00:00:00+00:00,0.0020583763
2013-09-30 00:00:00+00:00,4.832056e-05
2013-10-31 00:00:00+00:00,0.00095127296
2013-11-30 00:00:00+00:00,0.000783193
2013-12-31 00:00:00+00:00,0.0070457608
2014-01-31 00:00:00+00:00,0.0025531736
2014-02-28 00:00:00+00:00,0.0018589157
2014-03-31 00:00:00+00:00,0.037330672
2014-04-30 00:00:00+00:00,0.005567327
2014-05-31 00:00:00+00:00,0.0016492974
2014-06-30 00:00:00+00:00,0.00011548903
2014-07-31 00:00:00+00:00,0.0055233683
2014-08-31 00:00:00+00:00,0.0015415733
2014-09-30 00:00:00+00:00,0.0063845087
2014-10-31 00:00:00+00:00,0.0039380547
2014-11-30 00:00:00+00:00,0.0027933784
2014-12-31 00:00:00+00:00,0.002135936
2015-01-31 00:00:00+00:00,0.07939064
2015-02-28 00:00:00+00:00,0.39077723
2015-03-31 00:00:00+00:00,0.10720662
2015-04-30 00:00:00+00:00,0.046793696
2015-05-31 00:00:00+00:00,0.049555924
2015-06-30 00:00:00+00:00,0.02713572
2015-07-31 00:00:00+00:00,0.0059967767
2015-08-31 00:00:00+00:00,0.0019206338
2015-09-30 00:00:00+00:00,5.5744465e-05
2015-10-31 00:00:00+00:00,0.0028676465
2015-11-30 00:00:00+00:00,0.0030694746
2015-12-31 00:00:00+00:00,0.0067530926
2016-01-31 00:00:00+00:00,0.012885264
2016-02-29 00:00:00+00:00,0.42099375
2016-03-31 00:00:00+00:00,0.0179487
2016-04-30 00:00:00+00:00,0.016280726
2016-05-31 00:00:00+00:00,0.009064341
2016-06-30 00:00:00+00:00,0.0024902779
2016-07-31 00:00:00+00:00,0.010922299
2016-08-31 00:00:00+00:00,0.0027162365
2016-09-30 00:00:00+00:00,0.00037151412
2016-10-31 00:00:00+00:00,5.5952794e-05
2016-11-30 00:00:00+00:00,0.037675463
2016-12-31 00:00:00+00:00,0.008842355
2017-01-31 00:00:00+00:00,0.04228275
2017-02-28 00:00:00+00:00,0.10871195
2017-03-31 00:00:00+00:00,0.026680129
2017-04-30 00:00:00+00:00,0.014891846
2017-05-31 00:00:00+00:00,0.007797964
2017-06-30 00:00:00+00:00,0.003416239
2017-07-31 00:00:00+00:00,0.0024182915
2017-08-31 00:00:00+00:00,0.0037531804
2017-09-30 00:00:00+00:00,7.016005e-05
2017-10-31 00:00:00+00:00,0.0039303578
2017-11-30 00:00:00+00:00,0.009896698
2017-12-31 00:00:00+00:00,0.007871429
2018-01-31 00:00:00+00:00,0.07415029
2018-02-28 00:00:00+00:00,0.05438733
2018-03-31 00:00:00+00:00,0.014058566
2018-04-30 00:00:00+00:00,0.0062539573
2018-05-31 00:00:00+00:00,0.011724255
2018-06-30 00:00:00+00:00,0.0005682863
2018-07-31 00:00:00+00:00,0.0010306936
2018-08-31 00:00:00+00:00,0.0027950814
2018-09-30 00:00:00+00:00,8.735992e-06
2018-10-31 00:00:00+00:00,0.06357369
2018-11-30 00:00:00+00:00,0.004006812
2018-12-31 00:00:00+00:00,0.005713747
2019-01-31 00:00:00+00:00,0.005736382
2019-02-28 00:00:00+00:00,0.04200565
2019-03-31 00:00:00+00:00,0.012028715
2019-04-30 00:00:00+00:00,0.0020801493
2019-05-31 00:00:00+00:00,0.00029029508
2019-06-30 00:00:00+00:00,0.00037542588
2019-07-31 00:00:00+00:00,0.001871027
2019-08-31 00:00:00+00:00,0.0033855424
2019-09-30 00:00:00+00:00,0.0005095093
2019-10-31 00:00:00+00:00,0.0033245008
2019-11-30 00:00:00+00:00,0.0003223654
2019-12-31 00:00:00+00:00,0.00045632495
2020-01-31 00:00:00+00:00,0.013565646
2020-02-29 00:00:00+00:00,0.009492406
2020-03-31 00:00:00+00:00,0.018469306
2020-04-30 00:00:00+00:00,0.0008295473
2020-05-31 00:00:00+00:00,2.7192464e-06
2020-06-30 00:00:00+00:00,4.3788856e-05
2020-07-31 00:00:00+00:00,0.005137189
2020-08-31 00:00:00+00:00,0.0018467007
2020-09-30 00:00:00+00:00,0.009467431
2020-10-31 00:00:00+00:00,0.02531724
2020-11-30 00:00:00+00:00,0.0009122445
2020-12-31 00:00:00+00:00,0.09105776
2021-01-31 00:00:00+00:00,0.19672757
2021-02-28 00:00:00+00:00,0.023868257
2021-03-31 00:00:00+00:00,0.017463366
2021-04-30 00:00:00+00:00,0.037770595
2021-05-31 00:00:00+00:00,0.02753885
2021-06-30 00:00:00+00:00,0.0057859113
2021-07-31 00:00:00+00:00,0.0018603944
2021-08-31 00:00:00+00:00,0.004888566
2021-09-30 00:00:00+00:00,0.0020737634
2021-10-31 00:00:00+00:00,3.759237e-05
2021-11-30 00:00:00+00:00,0.013336585
2021-12-31 00:00:00+00:00,0.0019078354
2022-01-31 00:00:00+00:00,0.04318944
2022-02-28 00:00:00+00:00,0.026075743
2022-03-31 00:00:00+00:00,0.010345473
2022-04-30 00:00:00+00:00,0.0011424015
2022-05-31 00:00:00+00:00,0.00026722124
2022-06-30 00:00:00+00:00,0.0011150823
2022-07-31 00:00:00+00:00,0.0010774041
2022-08-31 00:00:00+00:00,0.008270224
2022-09-30 00:00:00+00:00,0.008750455
2022-10-31 00:00:00+00:00,0.00010094076
2022-11-30 00:00:00+00:00,0.00033354803
2022-12-31 00:00:00+00:00,0.0037118285
2023-01-31 00:00:00+00:00,0.004718377
2023-02-28 00:00:00+00:00,0.17166878
2023-03-31 00:00:00+00:00,0.05807868
2023-04-30 00:00:00+00:00,0.03536851
2023-05-31 00:00:00+00:00,0.022282131
2023-06-30 00:00:00+00:00,0.0032764624
2023-07-31 00:00:00+00:00,0.0024100237
2023-08-31 00:00:00+00:00,0.011755719
2023-09-30 00:00:00+00:00,0.00028835755
2023-10-31 00:00:00+00:00,0.0027556943
2023-11-30 00:00:00+00:00,0.007903198
2023-12-31 00:00:00+00:00,0.01845076
2024-01-31 00:00:00+00:00,0.0144681195
2024-02-29 00:00:00+00:00,0.004911813
2024-03-31 00:00:00+00:00,0.4529847
2024-04-30 00:00:00+00:00,0.05507769
2024-05-31 00:00:00+00:00,0.014055725
2024-06-30 00:00:00+00:00,0.005379937
2024-07-31 00:00:00+00:00,0.0010084457
2024-08-31 00:00:00+00:00,0.001952698
2024-09-30 00:00:00+00:00,0.014319577
2024-10-31 00:00:00+00:00,0.0023090723
2024-11-30 00:00:00+00:00,0.15504383
2024-12-31 00:00:00+00:00,0.009362817
2025-01-31 00:00:00+00:00,0.079518326
2025-02-28 00:00:00+00:00,0.0022950282
2025-03-31 00:00:00+00:00,0.012797503
2025-04-30 00:00:00+00:00,0.0018742228
2025-05-31 00:00:00+00:00,0.0022223922
2025-06-30 00:00:00+00:00,3.277466e-05
2025-07-31 00:00:00+00:00,0.0043019624
2025-08-31 00:00:00+00:00,0.052283444
2025-09-30 00:00:00+00:00,0.00018390415
2025-10-31 00:00:00+00:00,2.4972982e-05
2025-11-30 00:00:00+00:00,0.0077085462
2025-12-31 00:00:00+00:00,0.01751241
2026-01-31 00:00:00+00:00,0.05967878
2026-02-28 00:00:00+00:00,0.020777853
2026-03-31 00:00:00+00:00,0.04550015
2026-04-30 00:00:00+00:00,0.016588889
2026-05-31 00:00:00+00:00,0.0018204243
2026-06-30 00:00:00+00:00,0.0013261007
2026-07-31 00:00:00+00:00,0.0011078318
2026-08-31 00:00:00+00:00,7.5631855e-05
2026-09-30 00:00:00+00:00,0.00097382977
2026-10-31 00:00:00+00:00,0.0009811808
2026-11-30 00:00:00+00:00,0.013408441
2026-12-31 00:00:00+00:00,0.011257826
2027-01-31 00:00:00+00:00,0.02512726
2027-02-28 00:00:00+00:00,0.0038404416
2027-03-31 00:00:00+00:00,0.032606553
2027-04-30 00:00:00+00:00,0.01394192
2027-05-31 00:00:00+00:00,0.0020742544
2027-06-30 00:00:00+00:00,3.917373e-05
2027-07-31 00:00:00+00:00,0.0026541916
2027-08-31 00:00:00+00:00,0.022042269
2027-09-30 00:00:00+00:00,5.4373835e-05
2027-10-31 00:00:00+00:00,1.4060706e-07
2027-11-30 00:00:00+00:00,0.0015213486
2027-12-31 00:00:00+00:00,0.049536407
2028-01-31 00:00:00+00:00,0.013384382
2028-02-29 00:00:00+00:00,0.07550257
2028-03-31 00:00:00+00:00,0.01090375
2028-04-30 00:00:00+00:00,0.0007602774
2028-05-31 00:00:00+00:00,5.7578214e-05
2028-06-30 00:00:00+00:00,0.0003018345
2028-07-31 00:00:00+00:00,0.0005803086
2028-08-31 00:00:00+00:00,0.0069177295
2028-09-30 00:00:00+00:00,0.6487289
2028-10-31 00:00:00+00:00,0.0013041624
2028-11-30 00:00:00+00:00,0.009804869
2028-12-31 00:00:00+00:00,0.008975843
2029-01-31 00:00:00+00:00,0.03893529
2029-02-28 00:00:00+00:00,0.007930988
2029-03-31 00:00:00+00:00,0.0005379762
2029-04-30 00:00:00+00:00,0.0008386015
2029-05-31 00:00:00+00:00,0.00020436788
2029-06-30 00:00:00+00:00,0.0001239385
2029-07-31 00:00:00+00:00,0.0022280086
2029-08-31 00:00:00+00:00,0.0012991676
2029-09-30 00:00:00+00:00,0.04177776
2029-10-31 00:00:00+00:00,0.032663513
2029-11-30 00:00:00+00:00,0.003222723
2029-12-31 00:00:00+00:00,0.01309953
2030-01-31 00:00:00+00:00,0.0050750333
2030-02-28 00:00:00+00:00,0.004484144
2030-03-31 00:00:00+00:00,0.019352414
2030-04-30 00:00:00+00:00,0.01919597
2030-05-31 00:00:00+00:00,0.0006300205
2030-06-30 00:00:00+00:00,0.00035820206
2030-07-31 00:00:00+00:00,0.00056617707
2030-08-31 00:00:00+00:00,6.3139028e-06
2030-09-30 00:00:00+00:00,0.00019539893
2030-10-31 00:00:00+00:00,9.0925474e-05
2030-11-30 00:00:00+00:00,0.029586809
2030-12-31 00:00:00+00:00,0.0022290496
2031-01-31 00:00:00+00:00,0.0019884603
2031-02-28 00:00:00+00:00,0.06271316
2031-03-31 00:00:00+00:00,0.022452457
2031-04-30 00:00:00+00:00,0.003059793
2031-05-31 00:00:00+00:00,0.0016884197
2031-06-30 00:00:00+00:00,0.00014502545
2031-07-31 00:00:00+00:00,0.002527432
2031-08-31 00:00:00+00:00,0.0055939057
2031-09-30 00:00:00+00:00,0.0011330787
2031-10-31 00:00:00+00:00,0.00021497243
2031-11-30 00:00:00+00:00,0.0027044923
2031-12-31 00:00:00+00:00,0.011683297
2032-01-31 00:00:00+00:00,0.017643927
2032-02-29 00:00:00+00:00,0.010747742
2032-03-31 00:00:00+00:00,0.0047440194
2032-04-30 00:00:00+00:00,0.0014566284
2032-05-31 00:00:00+00:00,0.0010996567
2032-06-30 00:00:00+00:00,2.32311e-06
2032-07-31 00:00:00+00:00,0.0016378424
2032-08-31 00:00:00+00:00,0.002643444
2032-09-30 00:00:00+00:00,0.008869279
2032-10-31 00:00:00+00:00,0.0010777996
2032-11-30 00:00:00+00:00,0.069643185
2032-12-31 00:00:00+00:00,0.007108475
2033-01-31 00:00:00+00:00,0.5009377
2033-02-28 00:00:00+00:00,0.21345314
2033-03-31 00:00:00+00:00,0.094761856
2033-04-30 00:00:00+00:00,0.07096375
2033-05-31 00:00:00+00:00,0.11407896
2033-06-30 00:00:00+00:00,0.040913798
2033-07-31 00:00:00+00:00,0.011683291
2033-08-31 00:00:00+00:00,0.0052218433
2033-09-30 00:00:00+00:00,0.041652225
2033-10-31 00:00:00+00:00,0.0034484935
2033-11-30 00:00:00+00:00,0.00054556667
2033-12-31 00:00:00+00:00,0.00010263081
2034-01-31 00:00:00+00:00,0.054451983
2034-02-28 00:00:00+00:00,0.07588237
2034-03-31 00:00:00+00:00,0.11196815
2034-04-30 00:00:00+00:00,0.002604507
2034-05-31 00:00:00+00:00,0.0023123731
2034-06-30 00:00:00+00:00,6.267294e-05
2034-07-31 00:00:00+00:00,0.002273063
2034-08-31 00:00:00+00:00,0.0016417581
2034-09-30 00:00:00+00:00,0.0006293178
2034-10-31 00:00:00+00:00,0.009246558
2034-11-30 00:00:00+00:00,0.014004332
2034-12-31 00:00:00+00:00,0.1162869
2035-01-31 00:00:00+00:00,0.31460682
2035-02-28 00:00:00+00:00,0.123304285
2035-03-31 00:00:00+00:00,0.111291945
2035-04-30 00:00:00+00:00,0.017038321
2035-05-31 00:00:00+00:00,0.005695495
2035-06-30 00:00:00+00:00,0.0021067518
2035-07-31 00:00:00+00:00,0.00025286325
2035-08-31 00:00:00+00:00,0.0020811926
2035-09-30 00:00:00+00:00,0.00044640046
2035-10-31 00:00:00+00:00,5.9973598e-05
2035-11-30 00:00:00+00:00,0.010904935
2035-12-31 00:00:00+00:00,0.033436935
2036-01-31 00:00:00+00:00,0.37325162
2036-02-29 00:00:00+00:00,0.2068826
2036-03-31 00:00:00+00:00,0.029507209
2036-04-30 00:00:00+00:00,0.025530957
2036-05-31 00:00:00+00:00,0.02961221
2036-06-30 00:00:00+00:00,0.013330767
2036-07-31 00:00:00+00:00,0.0049276296
2036-08-31 00:00:00+00:00,0.0041124085
2036-09-30 00:00:00+00:00,0.00040024784
2036-10-31 00:00:00+00:00,9.8727185e-05
2036-11-30 00:00:00+00:00,0.0041198316
2036-12-31 00:00:00+00:00,0.014245256
2037-01-31 00:00:00+00:00,0.12638795
2037-02-28 00:00:00+00:00,0.008273357
2037-03-31 00:00:00+00:00,0.010412955
2037-04-30 00:00:00+00:00,0.005748673
2037-05-31 00:00:00+00:00,0.005387454
2037-06-30 00:00:00+00:00,0.0005123052
2037-07-31 00:00:00+00:00,0.0039085904
2037-08-31 00:00:00+00:00,0.00044649772
2037-09-30 00:00:00+00:00,0.0011749961
2037-10-31 00:00:00+00:00,0.0
2037-11-30 00:00:00+00:00,0.010400935
2037-12-31 00:00:00+00:00,0.010396644
2038-01-31 00:00:00+00:00,0.050205942
2038-02-28 00:00:00+00:00,0.03566165
2038-03-31 00:00:00+00:00,0.039935417
2038-04-30 00:00:00+00:00,0.004590734
2038-05-31 00:00:00+00:00,0.0026316599
2038-06-30 00:00:00+00:00,0.0010305902
2038-07-31 00:00:00+00:00,0.00063843373
2038-08-31 00:00:00+00:00,0.0040821526
2038-09-30 00:00:00+00:00,0.012783098
2038-10-31 00:00:00+00:00,0.0003493862
2038-11-30 00:00:00+00:00,0.0011273532
2038-12-31 00:00:00+00:00,0.027591038
2039-01-31 00:00:00+00:00,0.11774319
2039-02-28 00:00:00+00:00,0.41918293
2039-03-31 00:00:00+00:00,0.08372886
2039-04-30 00:00:00+00:00,0.022913668
2039-05-31 00:00:00+00:00,0.0150593445
2039-06-30 00:00:00+00:00,0.006135964
2039-07-31 00:00:00+00:00,0.0034228987
2039-08-31 00:00:00+00:00,0.0068749576
2039-09-30 00:00:00+00:00,5.7023804e-05
2039-10-31 00:00:00+00:00,0.0014506681
2039-11-30 00:00:00+00:00,0.00043173588
2039-12-31 00:00:00+00:00,0.028591303
2040-01-31 00:00:00+00:00,0.024902243
2040-02-29 00:00:00+00:00,0.02480133
2040-03-31 00:00:00+00:00,0.010909177
2040-04-30 00:00:00+00:00,0.0025798432
2040-05-31 00:00:00+00:00,0.0024771334
2040-06-30 00:00:00+00:00,0.00012944012
2040-07-31 00:00:00+00:00,0.012224027
2040-08-31 00:00:00+00:00,0.004572798
2040-09-30 00:00:00+00:00,0.00038344928
2040-10-31 00:00:00+00:00,7.264524e-05
2040-11-30 00:00:00+00:00,0.01568592
2040-12-31 00:00:00+00:00,0.018461835
2041-01-31 00:00:00+00:00,0.0015638712
2041-02-28 00:00:00+00:00,0.0013579266
2041-03-31 00:00:00+00:00,0.053158637
2041-04-30 00:00:00+00:00,0.050897807
2041-05-31 00:00:00+00:00,0.0004507668
2041-06-30 00:00:00+00:00,9.9423e-08
2041-07-31 00:00:00+00:00,0.0030624259
2041-08-31 00:00:00+00:00,0.0053614527
2041-09-30 00:00:00+00:00,0.00040808012
2041-10-31 00:00:00+00:00,0.0070268526
2041-11-30 00:00:00+00:00,0.00044461727
2041-12-31 00:00:00+00:00,0.0012377287
2042-01-31 00:00:00+00:00,0.0072500343
2042-02-28 00:00:00+00:00,0.0021549102
2042-03-31 00:00:00+00:00,0.03444854
2042-04-30 00:00:00+00:00,0.01170921
2042-05-31 00:00:00+00:00,0.0039090347
2042-06-30 00:00:00+00:00,0.00054726563
2042-07-31 00:00:00+00:00,0.0023144484
2042-08-31 00:00:00+00:00,0.00046488232
2042-09-30 00:00:00+00:00,0.0025857736
2042-10-31 00:00:00+00:00,7.145494e-06
2042-11-30 00:00:00+00:00,0.00084441766
2042-12-31 00:00:00+00:00,0.00020445464
2043-01-31 00:00:00+00:00,0.015187508
2043-02-28 00:00:00+00:00,0.004005677
2043-03-31 00:00:00+00:00,0.0024100996
2043-04-30 00:00:00+00:00,0.00030362332
2043-05-31 00:00:00+00:00,7.5861746e-05
2043-06-30 00:00:00+00:00,8.633808e-05
2043-07-31 00:00:00+00:00,0.00038427746
2043-08-31 00:00:00+00:00,0.00317844
2043-09-30 00:00:00+00:00,0.0067105554
2043-10-31 00:00:00+00:00,0.013138572
2043-11-30 00:00:00+00:00,0.019228287
2043-12-31 00:00:00+00:00,0.04743823
2044-01-31 00:00:00+00:00,0.092539705
2044-02-29 00:00:00+00:00,0.13338858
2044-03-31 00:00:00+00:00,0.09980116
2044-04-30 00:00:00+00:00,0.06076768
2044-05-31 00:00:00+00:00,0.0060618054
2044-06-30 00:00:00+00:00,0.0039314087
2044-07-31 00:00:00+00:00,0.0014917693
2044-08-31 00:00:00+00:00,0.0013196396
2044-09-30 00:00:00+00:00,0.0004426077
2044-10-31 00:00:00+00:00,0.007183109
2044-11-30 00:00:00+00:00,0.0070598684
2044-12-31 00:00:00+00:00,0.0019678355
2045-01-31 00:00:00+00:00,0.06654599
2045-02-28 00:00:00+00:00,0.007862797
2045-03-31 00:00:00+00:00,0.004313031
2045-04-30 00:00:00+00:00,0.0029343884
2045-05-31 00:00:00+00:00,5.5528606e-05
2045-06-30 00:00:00+00:00,0.00067371025
2045-07-31 00:00:00+00:00,0.002291138
2045-08-31 00:00:00+00:00,0.00092276203
2045-09-30 00:00:00+00:00,2.2846472e-05
2045-10-31 00:00:00+00:00,0.0008364439
2045-11-30 00:00:00+00:00,0.0013348914
2045-12-31 00:00:00+00:00,0.013772117
2046-01-31 00:00:00+00:00,0.033290166
2046-02-28 00:00:00+00:00,0.07338236
2046-03-31 00:00:00+00:00,0.012742057
2046-04-30 00:00:00+00:00,0.0034431124
2046-05-31 00:00:00+00:00,0.00035124188
2046-06-30 00:00:00+00:00,0.0
2046-07-31 00:00:00+00:00,0.0029073162
2046-08-31 00:00:00+00:00,0.003534097
2046-09-30 00:00:00+00:00,0.0013748229
2046-10-31 00:00:00+00:00,0.00013981522
2046-11-30 00:00:00+00:00,0.017521683
2046-12-31 00:00:00+00:00,0.009621817
2047-01-31 00:00:00+00:00,0.010335136
2047-02-28 00:00:00+00:00,0.0045501236
2047-03-31 00:00:00+00:00,0.0048471307
2047-04-30 00:00:00+00:00,0.000101551566
2047-05-31 00:00:00+00:00,0.00034712252
2047-06-30 00:00:00+00:00,0.00011642458
2047-07-31 00:00:00+00:00,0.00030045406
2047-08-31 00:00:00+00:00,0.016753213
2047-09-30 00:00:00+00:00,0.0049440367
2047-10-31 00:00:00+00:00,6.70835e-05
2047-11-30 00:00:00+00:00,0.030011546
2047-12-31 00:00:00+00:00,0.008171382
2048-01-31 00:00:00+00:00,0.09130866
2048-02-29 00:00:00+00:00,0.15793945
2048-03-31 00:00:00+00:00,0.46683818
2048-04-30 00:00:00+00:00,0.08549715
2048-05-31 00:00:00+00:00,0.0355882
2048-06-30 00:00:00+00:00,0.013196594
2048-07-31 00:00:00+00:00,0.003789217
2048-08-31 00:00:00+00:00,0.0093659265
2048-09-30 00:00:00+00:00,0.001034926
2048-10-31 00:00:00+00:00,4.4453693e-05
2048-11-30 00:00:00+00:00,0.004502856
2048-12-31 00:00:00+00:00,0.012820069
2049-01-31 00:00:00+00:00,0.013898908
2049-02-28 00:00:00+00:00,0.03159787
2049-03-31 00:00:00+00:00,0.15404917
2049-04-30 00:00:00+00:00,0.0056377044
2049-05-31 00:00:00+00:00,0.0007410971
2049-06-30 00:00:00+00:00,0.00047420769
2049-07-31 00:00:00+00:00,0.00068759493
2049-08-31 00:00:00+00:00,0.0030966229
2049-09-30 00:00:00+00:00,0.007220698
2049-10-31 00:00:00+00:00,0.00010584206
2049-11-30 00:00:00+00:00,0.0025325832
2049-12-31 00:00:00+00:00,5.9650734e-05
2050-01-31 00:00:00+00:00,0.007774173
2050-02-28 00:00:00+00:00,0.14189912
2050-03-31 00:00:00+00:00,0.017130213
2050-04-30 00:00:00+00:00,0.0041133785
2050-05-31 00:00:00+00:00,0.0030407647
2050-06-30 00:00:00+00:00,7.316708e-05
2050-07-31 00:00:00+00:00,0.0005962662
2050-08-31 00:00:00+00:00,0.0024428465
2050-09-30 00:00:00+00:00,0.06708094
2050-10-31 00:00:00+00:00,0.0003656467
2050-11-30 00:00:00+00:00,0.06313959
2050-12-31 00:00:00+00:00,0.0114553375
2051-01-31 00:00:00+00:00,0.06273909
2051-02-28 00:00:00+00:00,0.11496945
2051-03-31 00:00:00+00:00,0.01485896
2051-04-30 00:00:00+00:00,0.0042680856
2051-05-31 00:00:00+00:00,0.00057755294
2051-06-30 00:00:00+00:00,0.0005798698
2051-07-31 00:00:00+00:00,0.0030603614
2051-08-31 00:00:00+00:00,0.012773472
2051-09-30 00:00:00+00:00,0.0007807784
2051-10-31 00:00:00+00:00,0.005512583
2051-11-30 00:00:00+00:00,0.0028178862
2051-12-31 00:00:00+00:00,0.008748851
2052-01-31 00:00:00+00:00,0.13744378
2052-02-29 00:00:00+00:00,0.0049567167
2052-03-31 00:00:00+00:00,0.009052501
2052-04-30 00:00:00+00:00,0.0048861606
2052-05-31 00:00:00+00:00,0.00010383268
2052-06-30 00:00:00+00:00,4.944521e-06
2052-07-31 00:00:00+00:00,0.0021609275
2052-08-31 00:00:00+00:00,0.007457673
2052-09-30 00:00:00+00:00,0.0005134918
2052-10-31 00:00:00+00:00,6.687264e-05
2052-11-30 00:00:00+00:00,0.00084822567
2052-12-31 00:00:00+00:00,0.0014310344
2053-01-31 00:00:00+00:00,0.09392906
2053-02-28 00:00:00+00:00,0.043438826
2053-03-31 00:00:00+00:00,0.1592277
2053-04-30 00:00:00+00:00,0.024295315
2053-05-31 00:00:00+00:00,0.0029395218
2053-06-30 00:00:00+00:00,0.0004203431
2053-07-31 00:00:00+00:00,0.0044841375
2053-08-31 00:00:00+00:00,0.0059105637
2053-09-30 00:00:00+00:00,0.00016315117
2053-10-31 00:00:00+00:00,0.0026802835
2053-11-30 00:00:00+00:00,0.0034299525
2053-12-31 00:00:00+00:00,0.011525353
2054-01-31 00:00:00+00:00,0.000812502
2054-02-28 00:00:00+00:00,0.0037391323
2054-03-31 00:00:00+00:00,0.010177454
2054-04-30 00:00:00+00:00,0.0018415747
2054-05-31 00:00:00+00:00,0.00020505415
2054-06-30 00:00:00+00:00,0.00012980014
2054-07-31 00:00:00+00:00,0.001335321
2054-08-31 00:00:00+00:00,0.0036407022
2054-09-30 00:00:00+00:00,0.0021438173
2054-10-31 00:00:00+00:00,2.8129594e-05
2054-11-30 00:00:00+00:00,0.009566647
2054-12-31 00:00:00+00:00,0.0024169595
2055-01-31 00:00:00+00:00,0.04504029
2055-02-28 00:00:00+00:00,0.011254961
2055-03-31 00:00:00+00:00,0.0017855424
2055-04-30 00:00:00+00:00,0.008983122
2055-05-31 00:00:00+00:00,0.0005935723
2055-06-30 00:00:00+00:00,2.3938963e-05
2055-07-31 00:00:00+00:00,0.002710101
2055-08-31 00:00:00+00:00,0.004797124
2055-09-30 00:00:00+00:00,0.00031404453
2055-10-31 00:00:00+00:00,0.0025919136
2055-11-30 00:00:00+00:00,0.0014789379
2055-12-31 00:00:00+00:00,0.02243377
2056-01-31 00:00:00+00:00,0.002728677
2056-02-29 00:00:00+00:00,0.009787736
2056-03-31 00:00:00+00:00,0.0053821346
2056-04-30 00:00:00+00:00,0.0016100837
2056-05-31 00:00:00+00:00,3.854291e-05
2056-06-30 00:00:00+00:00,0.00026425178
2056-07-31 00:00:00+00:00,0.002965742
2056-08-31 00:00:00+00:00,0.005270809
2056-09-30 00:00:00+00:00,0.0007799251
2056-10-31 00:00:00+00:00,0.009761243
2056-11-30 00:00:00+00:00,0.018007727
2056-12-31 00:00:00+00:00,0.32598993
2057-01-31 00:00:00+00:00,0.19509447
2057-02-28 00:00:00+00:00,0.3307588
2057-03-31 00:00:00+00:00,0.3362881
2057-04-30 00:00:00+00:00,0.01054016
2057-05-31 00:00:00+00:00,0.0061784447
2057-06-30 00:00:00+00:00,0.0037356426
2057-07-31 00:00:00+00:00,0.0034810284
2057-08-31 00:00:00+00:00,0.0006201615
2057-09-30 00:00:00+00:00,0.0030513075
2057-10-31 00:00:00+00:00,0.0048400783
2057-11-30 00:00:00+00:00,0.00067686796
2057-12-31 00:00:00+00:00,0.015044849
2058-01-31 00:00:00+00:00,0.053245336
2058-02-28 00:00:00+00:00,0.0281306
2058-03-31 00:00:00+00:00,0.06760751
2058-04-30 00:00:00+00:00,0.001133371
2058-05-31 00:00:00+00:00,5.2606938e-05
2058-06-30 00:00:00+00:00,0.0025724736
2058-07-31 00:00:00+00:00,0.0014113092
2058-08-31 00:00:00+00:00,0.0078090103
2058-09-30 00:00:00+00:00,0.0005706518
2058-10-31 00:00:00+00:00,0.00053531124
2058-11-30 00:00:00+00:00,0.0014504296
2058-12-31 00:00:00+00:00,0.0066247517
2059-01-31 00:00:00+00:00,0.009243043
2059-02-28 00:00:00+00:00,0.3636909
2059-03-31 00:00:00+00:00,0.43245056
2059-04-30 00:00:00+00:00,0.024537649
2059-05-31 00:00:00+00:00,0.008763491
2059-06-30 00:00:00+00:00,0.0013509874
2059-07-31 00:00:00+00:00,0.00021153016
2059-08-31 00:00:00+00:00,0.0002937103
2059-09-30 00:00:00+00:00,4.6267846e-06
2059-10-31 00:00:00+00:00,0.0025162483
2059-11-30 00:00:00+00:00,0.008832046
2059-12-31 00:00:00+00:00,0.0005679207
2060-01-31 00:00:00+00:00,0.0011093233
2060-02-29 00:00:00+00:00,0.012849814
2060-03-31 00:00:00+00:00,0.11041507
2060-04-30 00:00:00+00:00,0.0033809217
2060-05-31 00:00:00+00:00,1.2524189e-05
2060-06-30 00:00:00+00:00,0.00038211205
2060-07-31 00:00:00+00:00,0.0003744124
2060-08-31 00:00:00+00:00,0.0044369637
2060-09-30 00:00:00+00:00,0.002451662
2060-10-31 00:00:00+00:00,7.4709365e-05
2060-11-30 00:00:00+00:00,0.0033464357
2060-12-31 00:00:00+00:00,0.012625365
2061-01-31 00:00:00+00:00,0.0002487001
2061-02-28 00:00:00+00:00,0.08362933
2061-03-31 00:00:00+00:00,0.005388182
2061-04-30 00:00:00+00:00,0.00060683937
2061-05-31 00:00:00+00:00,2.929311e-05
2061-06-30 00:00:00+00:00,6.753685e-05
2061-07-31 00:00:00+00:00,0.0018569482
2061-08-31 00:00:00+00:00,0.0028456135
2061-09-30 00:00:00+00:00,0.023087384
2061-10-31 00:00:00+00:00,0.0031541584
2061-11-30 00:00:00+00:00,0.0022638899
2061-12-31 00:00:00+00:00,0.04942173
2062-01-31 00:00:00+00:00,0.021392958
2062-02-28 00:00:00+00:00,0.0050002225
2062-03-31 00:00:00+00:00,0.00045336838
2062-04-30 00:00:00+00:00,0.000372616
2062-05-31 00:00:00+00:00,0.00019019748
2062-06-30 00:00:00+00:00,0.00014094703
2062-07-31 00:00:00+00:00,0.005090428
2062-08-31 00:00:00+00:00,0.00054569804
2062-09-30 00:00:00+00:00,6.4854146e-05
2062-10-31 00:00:00+00:00,0.014953224
2062-11-30 00:00:00+00:00,0.0022543457
2062-12-31 00:00:00+00:00,0.0028001214
2063-01-31 00:00:00+00:00,0.015079143
2063-02-28 00:00:00+00:00,0.0028262688
2063-03-31 00:00:00+00:00,0.016959485
2063-04-30 00:00:00+00:00,0.0012360653
2063-05-31 00:00:00+00:00,0.003022374
2063-06-30 00:00:00+00:00,0.00016550465
2063-07-31 00:00:00+00:00,0.0026087495
2063-08-31 00:00:00+00:00,0.00033548396
2063-09-30 00:00:00+00:00,0.00048010712
2063-10-31 00:00:00+00:00,5.3246877e-05
2063-11-30 00:00:00+00:00,0.00054003845
2063-12-31 00:00:00+00:00,0.0036408494
2064-01-31 00:00:00+00:00,0.0026804183
2064-02-29 00:00:00+00:00,0.005476879
2064-03-31 00:00:00+00:00,0.023547623
2064-04-30 00:00:00+00:00,0.0032372233
2064-05-31 00:00:00+00:00,0.00011730509
2064-06-30 00:00:00+00:00,0.00036628637
2064-07-31 00:00:00+00:00,0.0063498314
2064-08-31 00:00:00+00:00,0.008031944
2064-09-30 00:00:00+00:00,0.005302744
2064-10-31 00:00:00+00:00,0.0063368296
2064-11-30 00:00:00+00:00,0.07912592
2064-12-31 00:00:00+00:00,0.004911541
2065-01-31 00:00:00+00:00,0.002835659
2065-02-28 00:00:00+00:00,0.05093463
2065-03-31 00:00:00+00:00,0.010270675
2065-04-30 00:00:00+00:00,0.002672873
2065-05-31 00:00:00+00:00,0.004422274
2065-06-30 00:00:00+00:00,1.6661039e-06
2065-07-31 00:00:00+00:00,0.0006095026
2065-08-31 00:00:00+00:00,0.0050471546
2065-09-30 00:00:00+00:00,0.005273452
2065-10-31 00:00:00+00:00,0.0017946098
2065-11-30 00:00:00+00:00,0.005326142
2065-12-31 00:00:00+00:00,0.009736691
2066-01-31 00:00:00+00:00,0.058533724
2066-02-28 00:00:00+00:00,0.010739978
2066-03-31 00:00:00+00:00,0.0051584905
2066-04-30 00:00:00+00:00,0.001104056
2066-05-31 00:00:00+00:00,0.0001816862
2066-06-30 00:00:00+00:00,2.0811676e-07
2066-07-31 00:00:00+00:00,0.0008413504
2066-08-31 00:00:00+00:00,0.004739454
2066-09-30 00:00:00+00:00,0.0045211785
2066-10-31 00:00:00+00:00,5.8368863e-05
2066-11-30 00:00:00+00:00,0.0025567403
2066-12-31 00:00:00+00:00,5.245616e-06
2067-01-31 00:00:00+00:00,0.011693479
2067-02-28 00:00:00+00:00,0.006055257
2067-03-31 00:00:00+00:00,0.004591927
2067-04-30 00:00:00+00:00,0.0010539916
2067-05-31 00:00:00+00:00,9.357782e-05
2067-06-30 00:00:00+00:00,5.291103e-05
2067-07-31 00:00:00+00:00,0.0043660407
2067-08-31 00:00:00+00:00,0.002772823
2067-09-30 00:00:00+00:00,0.002294166
2067-10-31 00:00:00+00:00,3.058209e-05
2067-11-30 00:00:00+00:00,0.0015930365
2067-12-31 00:00:00+00:00,0.0029403616
2068-01-31 00:00:00+00:00,0.00037129747
2068-02-29 00:00:00+00:00,0.03676592
2068-03-31 00:00:00+00:00,0.002576967
2068-04-30 00:00:00+00:00,0.0042901216
2068-05-31 00:00:00+00:00,0.0001669604
2068-06-30 00:00:00+00:00,3.122887e-05
2068-07-31 00:00:00+00:00,0.00010242647
2068-08-31 00:00:00+00:00,0.0038785175
2068-09-30 00:00:00+00:00,0.0019053143
2068-10-31 00:00:00+00:00,0.00057425763
2068-11-30 00:00:00+00:00,0.0017549414
2068-12-31 00:00:00+00:00,0.0026783482
2069-01-31 00:00:00+00:00,0.0079993615
2069-02-28 00:00:00+00:00,0.008462315
2069-03-31 00:00:00+00:00,0.039133444
2069-04-30 00:00:00+00:00,0.0015880213
2069-05-31 00:00:00+00:00,4.611203e-05
2069-06-30 00:00:00+00:00,1.0674569e-05
2069-07-31 00:00:00+00:00,3.8164264e-05
2069-08-31 00:00:00+00:00,0.0014377572
2069-09-30 00:00:00+00:00,0.0004475796
2069-10-31 00:00:00+00:00,8.838087e-05
2069-11-30 00:00:00+00:00,0.004217895
2069-12-31 00:00:00+00:00,0.15689667
2070-01-31 00:00:00+00:00,0.0016071002
2070-02-28 00:00:00+00:00,0.050692942
2070-03-31 00:00:00+00:00,0.002721801
2070-04-30 00:00:00+00:00,0.0021483805
2070-05-31 00:00:00+00:00,0.0001230115
2070-06-30 00:00:00+00:00,9.692223e-05
2070-07-31 00:00:00+00:00,0.0007845491
2070-08-31 00:00:00+00:00,0.0012915628
2070-09-30 00:00:00+00:00,0.00054055185
2070-10-31 00:00:00+00:00,1.2191637e-06
2070-11-30 00:00:00+00:00,0.00010795821
2070-12-31 00:00:00+00:00,0.032881156
2071-01-31 00:00:00+00:00,1.0502479
2071-02-28 00:00:00+00:00,0.13035016
2071-03-31 00:00:00+00:00,0.054863103
2071-04-30 00:00:00+00:00,0.025754819
2071-05-31 00:00:00+00:00,0.009418637
2071-06-30 00:00:00+00:00,0.0018437523
2071-07-31 00:00:00+00:00,0.013415105
2071-08-31 00:00:00+00:00,0.004769094
2071-09-30 00:00:00+00:00,0.00054082077
2071-10-31 00:00:00+00:00,0.00014248048
2071-11-30 00:00:00+00:00,0.0
2071-12-31 00:00:00+00:00,0.009890837
2072-01-31 00:00:00+00:00,0.15278992
2072-02-29 00:00:00+00:00,0.01667406
2072-03-31 00:00:00+00:00,0.002566638
2072-04-30 00:00:00+00:00,0.0011411676
2072-05-31 00:00:00+00:00,0.00020114963
2072-06-30 00:00:00+00:00,0.00057516346
2072-07-31 00:00:00+00:00,0.0023128297
2072-08-31 00:00:00+00:00,0.00039616824
2072-09-30 00:00:00+00:00,0.0007417829
2072-10-31 00:00:00+00:00,0.0016167178
2072-11-30 00:00:00+00:00,7.364289e-05
2072-12-31 00:00:00+00:00,0.040073175
2073-01-31 00:00:00+00:00,0.010470165
2073-02-28 00:00:00+00:00,0.01916027
2073-03-31 00:00:00+00:00,0.087111704
2073-04-30 00:00:00+00:00,0.0049893647
2073-05-31 00:00:00+00:00,0.0005677479
2073-06-30 00:00:00+00:00,0.00091882644
2073-07-31 00:00:00+00:00,0.0012947887
2073-08-31 00:00:00+00:00,0.00057776377
2073-09-30 00:00:00+00:00,0.00066290016
2073-10-31 00:00:00+00:00,7.3139854e-05
2073-11-30 00:00:00+00:00,0.00070850225
2073-12-31 00:00:00+00:00,0.5899893
2074-01-31 00:00:00+00:00,0.06961109
2074-02-28 00:00:00+00:00,0.0060727233
2074-03-31 00:00:00+00:00,0.0065057585
2074-04-30 00:00:00+00:00,0.025289472
2074-05-31 00:00:00+00:00,0.0011330239
2074-06-30 00:00:00+00:00,0.001616854
2074-07-31 00:00:00+00:00,0.0016071916
2074-08-31 00:00:00+00:00,0.0015685325
2074-09-30 00:00:00+00:00,0.0007712538
2074-10-31 00:00:00+00:00,6.801989e-05
2074-11-30 00:00:00+00:00,0.008261017
2074-12-31 00:00:00+00:00,0.005677086
2075-01-31 00:00:00+00:00,0.00060386385
2075-02-28 00:00:00+00:00,0.00021598951
2075-03-31 00:00:00+00:00,0.032704543
2075-04-30 00:00:00+00:00,0.00061565056
2075-05-31 00:00:00+00:00,1.4013698e-06
2075-06-30 00:00:00+00:00,6.0761027e-05
2075-07-31 00:00:00+00:00,0.00038782766
2075-08-31 00:00:00+00:00,0.0034305137
2075-09-30 00:00:00+00:00,0.0016317654
2075-10-31 00:00:00+00:00,0.003752155
2075-11-30 00:00:00+00:00,0.0018969215
2075-12-31 00:00:00+00:00,0.00040345572
2076-01-31 00:00:00+00:00,0.05266668
2076-02-29 00:00:00+00:00,0.09268842
2076-03-31 00:00:00+00:00,0.015975896
2076-04-30 00:00:00+00:00,0.0033867783
2076-05-31 00:00:00+00:00,0.00033788837
2076-06-30 00:00:00+00:00,9.636e-05
2076-07-31 00:00:00+00:00,0.01574173
2076-08-31 00:00:00+00:00,0.005217548
2076-09-30 00:00:00+00:00,0.15650618
2076-10-31 00:00:00+00:00,0.014324664
2076-11-30 00:00:00+00:00,0.0006504426
2076-12-31 00:00:00+00:00,0.08982707
2077-01-31 00:00:00+00:00,0.06344089
2077-02-28 00:00:00+00:00,0.087970085
2077-03-31 00:00:00+00:00,0.0053110584
2077-04-30 00:00:00+00:00,0.008016738
2077-05-31 00:00:00+00:00,0.00017611132
2077-06-30 00:00:00+00:00,5.393554e-05
2077-07-31 00:00:00+00:00,0.0035127974
2077-08-31 00:00:00+00:00,0.005623468
2077-09-30 00:00:00+00:00,0.00093086006
2077-10-31 00:00:00+00:00,3.1645017e-05
2077-11-30 00:00:00+00:00,0.014581098
2077-12-31 00:00:00+00:00,0.018000945
2078-01-31 00:00:00+00:00,0.008147315
2078-02-28 00:00:00+00:00,0.041660845
2078-03-31 00:00:00+00:00,0.012839648
2078-04-30 00:00:00+00:00,0.0008412355
2078-05-31 00:00:00+00:00,1.8169483e-05
2078-06-30 00:00:00+00:00,0.00049955136
2078-07-31 00:00:00+00:00,0.004531365
2078-08-31 00:00:00+00:00,0.0063105607
2078-09-30 00:00:00+00:00,0.00034388897
2078-10-31 00:00:00+00:00,4.868699e-06
2078-11-30 00:00:00+00:00,0.1536765
2078-12-31 00:00:00+00:00,0.015766703
2079-01-31 00:00:00+00:00,0.07532899
2079-02-28 00:00:00+00:00,0.14647092
2079-03-31 00:00:00+00:00,0.0046723434
2079-04-30 00:00:00+00:00,0.008710865
2079-05-31 00:00:00+00:00,0.0001555041
2079-06-30 00:00:00+00:00,0.00021980864
2079-07-31 00:00:00+00:00,0.0020449343
2079-08-31 00:00:00+00:00,0.0022308968
2079-09-30 00:00:00+00:00,0.0056138034
2079-10-31 00:00:00+00:00,2.6777974e-05
2079-11-30 00:00:00+00:00,0.0028396165
2079-12-31 00:00:00+00:00,0.0034869271
2080-01-31 00:00:00+00:00,0.076252826
2080-02-29 00:00:00+00:00,0.07198727
2080-03-31 00:00:00+00:00,0.13243774
2080-04-30 00:00:00+00:00,0.008538625
2080-05-31 00:00:00+00:00,0.0011509617
2080-06-30 00:00:00+00:00,0.00018704153
2080-07-31 00:00:00+00:00,0.0032607375
2080-08-31 00:00:00+00:00,0.0071363673
2080-09-30 00:00:00+00:00,0.00058262184
2080-10-31 00:00:00+00:00,0.0039343117
2080-11-30 00:00:00+00:00,0.001337432
2080-12-31 00:00:00+00:00,0.0013070202
2081-01-31 00:00:00+00:00,0.2546385
2081-02-28 00:00:00+00:00,0.40430588
2081-03-31 00:00:00+00:00,0.05253051
2081-04-30 00:00:00+00:00,0.00694097
2081-05-31 00:00:00+00:00,0.0030739133
2081-06-30 00:00:00+00:00,3.3903623e-05
2081-07-31 00:00:00+00:00,0.0009508195
2081-08-31 00:00:00+00:00,0.0031277037
2081-09-30 00:00:00+00:00,0.00025787504
2081-10-31 00:00:00+00:00,5.059093e-05
2081-11-30 00:00:00+00:00,0.0053657684
2081-12-31 00:00:00+00:00,0.004630795
2082-01-31 00:00:00+00:00,0.015119339
2082-02-28 00:00:00+00:00,0.022146733
2082-03-31 00:00:00+00:00,0.0012712171
2082-04-30 00:00:00+00:00,0.00020471422
2082-05-31 00:00:00+00:00,5.3066283e-06
2082-06-30 00:00:00+00:00,0.00021455382
2082-07-31 00:00:00+00:00,0.002357908
2082-08-31 00:00:00+00:00,0.0025654817
2082-09-30 00:00:00+00:00,0.0010169862
2082-10-31 00:00:00+00:00,0.00051485706
2082-11-30 00:00:00+00:00,0.006973398
2082-12-31 00:00:00+00:00,0.056133904
2083-01-31 00:00:00+00:00,0.0026298694
2083-02-28 00:00:00+00:00,0.0024284872
2083-03-31 00:00:00+00:00,0.025410244
2083-04-30 00:00:00+00:00,0.0046061673
2083-05-31 00:00:00+00:00,7.0976097e-07
2083-06-30 00:00:00+00:00,5.2984565e-06
2083-07-31 00:00:00+00:00,0.0035842007
2083-08-31 00:00:00+00:00,0.0026484898
2083-09-30 00:00:00+00:00,0.0001901284
2083-10-31 00:00:00+00:00,9.968931e-06
2083-11-30 00:00:00+00:00,5.6551386e-07
2083-12-31 00:00:00+00:00,0.0059123067
2084-01-31 00:00:00+00:00,0.0104540335
2084-02-29 00:00:00+00:00,0.036578245
2084-03-31 00:00:00+00:00,0.0069137732
2084-04-30 00:00:00+00:00,0.00035799836
2084-05-31 00:00:00+00:00,4.325222e-05
2084-06-30 00:00:00+00:00,1.3036022e-07
2084-07-31 00:00:00+00:00,0.0021970589
2084-08-31 00:00:00+00:00,0.0039176936
2084-09-30 00:00:00+00:00,0.0014921536
2084-10-31 00:00:00+00:00,5.1431096e-05
2084-11-30 00:00:00+00:00,0.0019185836
2084-12-31 00:00:00+00:00,0.04559319
2085-01-31 00:00:00+00:00,0.039675273
2085-02-28 00:00:00+00:00,0.15787311
2085-03-31 00:00:00+00:00,0.006785789
2085-04-30 00:00:00+00:00,0.005665815
2085-05-31 00:00:00+00:00,0.000877009
2085-06-30 00:00:00+00:00,0.0
2085-07-31 00:00:00+00:00,0.0016943249
2085-08-31 00:00:00+00:00,0.004409141
2085-09-30 00:00:00+00:00,0.010578609
2085-10-31 00:00:00+00:00,0.012143977
2085-11-30 00:00:00+00:00,0.00017656622
2085-12-31 00:00:00+00:00,0.0022468052
2086-01-31 00:00:00+00:00,0.014668107
2086-02-28 00:00:00+00:00,1.0040097
2086-03-31 00:00:00+00:00,0.07330695
2086-04-30 00:00:00+00:00,0.009679049
2086-05-31 00:00:00+00:00,0.0014651918
2086-06-30 00:00:00+00:00,0.0012064533
2086-07-31 00:00:00+00:00,0.0023816375
2086-08-31 00:00:00+00:00,0.0042221253
2086-09-30 00:00:00+00:00,0.011801998
2086-10-31 00:00:00+00:00,0.0012802223
2086-11-30 00:00:00+00:00,0.00029182716
2086-12-31 00:00:00+00:00,0.020073364
2087-01-31 00:00:00+00:00,0.025613582
2087-02-28 00:00:00+00:00,0.11012708
2087-03-31 00:00:00+00:00,0.009740808
2087-04-30 00:00:00+00:00,0.0046630492
2087-05-31 00:00:00+00:00,0.0003468181
2087-06-30 00:00:00+00:00,0.0010305846
2087-07-31 00:00:00+00:00,0.005766095
2087-08-31 00:00:00+00:00,0.012507886
2087-09-30 00:00:00+00:00,0.0029902356
2087-10-31 00:00:00+00:00,0.0009860125
2087-11-30 00:00:00+00:00,0.012515486
2087-12-31 00:00:00+00:00,0.0022726452
2088-01-31 00:00:00+00:00,0.0774359
2088-02-29 00:00:00+00:00,0.18797722
2088-03-31 00:00:00+00:00,0.018044995
2088-04-30 00:00:00+00:00,0.0021757884
2088-05-31 00:00:00+00:00,0.0020865106
2088-06-30 00:00:00+00:00,0.00020199823
2088-07-31 00:00:00+00:00,0.00828987
2088-08-31 00:00:00+00:00,0.0008110048
2088-09-30 00:00:00+00:00,0.0005335007
2088-10-31 00:00:00+00:00,0.00010862787
2088-11-30 00:00:00+00:00,0.0007529014
2088-12-31 00:00:00+00:00,0.1389697
2089-01-31 00:00:00+00:00,0.042126827
2089-02-28 00:00:00+00:00,0.009016942
2089-03-31 00:00:00+00:00,0.005894753
2089-04-30 00:00:00+00:00,0.0035015354
2089-05-31 00:00:00+00:00,0.0024699913
2089-06-30 00:00:00+00:00,3.5865738e-05
2089-07-31 00:00:00+00:00,0.004433591
2089-08-31 00:00:00+00:00,0.0035685007
2089-09-30 00:00:00+00:00,0.006298954
2089-10-31 00:00:00+00:00,0.0024170724
2089-11-30 00:00:00+00:00,0.002060894
2089-12-31 00:00:00+00:00,0.001627515
2090-01-31 00:00:00+00:00,0.012030113
2090-02-28 00:00:00+00:00,0.18560502
2090-03-31 00:00:00+00:00,0.038593963
2090-04-30 00:00:00+00:00,0.0045352015
2090-05-31 00:00:00+00:00,5.5918743e-05
2090-06-30 00:00:00+00:00,0.00013996931
2090-07-31 00:00:00+00:00,0.0022059057
2090-08-31 00:00:00+00:00,0.0078060916
2090-09-30 00:00:00+00:00,0.28814307
2090-10-31 00:00:00+00:00,0.072867475
2090-11-30 00:00:00+00:00,0.005168692
2090-12-31 00:00:00+00:00,0.039870966
2091-01-31 00:00:00+00:00,0.005921351
2091-02-28 00:00:00+00:00,0.09684264
2091-03-31 00:00:00+00:00,0.12655371
2091-04-30 00:00:00+00:00,0.010625206
2091-05-31 00:00:00+00:00,0.0020864082
2091-06-30 00:00:00+00:00,0.0003348096
2091-07-31 00:00:00+00:00,0.0006553631
2091-08-31 00:00:00+00:00,0.00054745807
2091-09-30 00:00:00+00:00,0.0015978123
2091-10-31 00:00:00+00:00,0.0036397062
2091-11-30 00:00:00+00:00,0.0028119308
2091-12-31 00:00:00+00:00,0.00044183052
2092-01-31 00:00:00+00:00,0.00011949333
2092-02-29 00:00:00+00:00,0.0059356894
2092-03-31 00:00:00+00:00,0.0017509112
2092-04-30 00:00:00+00:00,0.00013719857
2092-05-31 00:00:00+00:00,3.622048e-05
2092-06-30 00:00:00+00:00,0.0001293264
2092-07-31 00:00:00+00:00,0.0062780688
2092-08-31 00:00:00+00:00,0.004379988
2092-09-30 00:00:00+00:00,0.0018999693
2092-10-31 00:00:00+00:00,0.0008433422
2092-11-30 00:00:00+00:00,0.04184269
2092-12-31 00:00:00+00:00,0.051388327
2093-01-31 00:00:00+00:00,0.15310682
2093-02-28 00:00:00+00:00,0.031553973
2093-03-31 00:00:00+00:00,0.03175312
2093-04-30 00:00:00+00:00,0.002685552
2093-05-31 00:00:00+00:00,0.0004643586
2093-06-30 00:00:00+00:00,0.00013268158
2093-07-31 00:00:00+00:00,0.0045814365
2093-08-31 00:00:00+00:00,0.0049175513
2093-09-30 00:00:00+00:00,0.0032256658
2093-10-31 00:00:00+00:00,0.0010197264
2093-11-30 00:00:00+00:00,0.003889905
2093-12-31 00:00:00+00:00,0.0036089763
2094-01-31 00:00:00+00:00,0.007958352
2094-02-28 00:00:00+00:00,0.023099082
2094-03-31 00:00:00+00:00,0.0012185841
2094-04-30 00:00:00+00:00,0.008163784
2094-05-31 00:00:00+00:00,0.00027442497
2094-06-30 00:00:00+00:00,2.4175808e-05
2094-07-31 00:00:00+00:00,0.0019337191
2094-08-31 00:00:00+00:00,0.0022638203
2094-09-30 00:00:00+00:00,0.0013351939
2094-10-31 00:00:00+00:00,0.006540338
2094-11-30 00:00:00+00:00,3.440226e-05
2094-12-31 00:00:00+00:00,0.0008137559
2095-01-31 00:00:00+00:00,0.023764733
2095-02-28 00:00:00+00:00,0.08485678
2095-03-31 00:00:00+00:00,0.00431788
2095-04-30 00:00:00+00:00,0.00067404
2095-05-31 00:00:00+00:00,2.0584079e-05
2095-06-30 00:00:00+00:00,7.867392e-05
2095-07-31 00:00:00+00:00,0.0039486685
2095-08-31 00:00:00+00:00,0.0029149246
2095-09-30 00:00:00+00:00,0.002621016
2095-10-31 00:00:00+00:00,0.0031248105
2095-11-30 00:00:00+00:00,0.026772832
2095-12-31 00:00:00+00:00,0.00339592
2096-01-31 00:00:00+00:00,0.07099965
2096-02-29 00:00:00+00:00,0.005222661
2096-03-31 00:00:00+00:00,0.033173297
2096-04-30 00:00:00+00:00,0.0020981408
2096-05-31 00:00:00+00:00,9.9298224e-05
2096-06-30 00:00:00+00:00,0.00013183356
2096-07-31 00:00:00+00:00,0.00084937346
2096-08-31 00:00:00+00:00,0.0057635405
2096-09-30 00:00:00+00:00,0.00075551873
2096-10-31 00:00:00+00:00,9.6818385e-06
2096-11-30 00:00:00+00:00,0.00014880714
2096-12-31 00:00:00+00:00,0.014094973
2097-01-31 00:00:00+00:00,0.085665174
2097-02-28 00:00:00+00:00,0.41378224
2097-03-31 00:00:00+00:00,0.059367172
2097-04-30 00:00:00+00:00,0.015399714
2097-05-31 00:00:00+00:00,0.002958359
2097-06-30 00:00:00+00:00,1.9361507e-07
2097-07-31 00:00:00+00:00,0.0016936043
2097-08-31 00:00:00+00:00,0.005957404
2097-09-30 00:00:00+00:00,0.0007267478
2097-10-31 00:00:00+00:00,0.003450458
2097-11-30 00:00:00+00:00,0.005341722
2097-12-31 00:00:00+00:00,0.015252843
2098-01-31 00:00:00+00:00,0.036572255
2098-02-28 00:00:00+00:00,0.24954252
2098-03-31 00:00:00+00:00,0.038978178
2098-04-30 00:00:00+00:00,0.00452116
2098-05-31 00:00:00+00:00,3.0485895e-05
2098-06-30 00:00:00+00:00,0.00034113304
2098-07-31 00:00:00+00:00,0.0008787158
2098-08-31 00:00:00+00:00,0.002990422
2098-09-30 00:00:00+00:00,0.0002703169
2098-10-31 00:00:00+00:00,0.0003367626
2098-11-30 00:00:00+00:00,7.603336e-05
2098-12-31 00:00:00+00:00,0.008543964
2099-01-31 00:00:00+00:00,0.0056086197
2099-02-28 00:00:00+00:00,0.7144571
2099-03-31 00:00:00+00:00,0.16091333
2099-04-30 00:00:00+00:00,0.015425886
2099-05-31 00:00:00+00:00,0.0020151597
2099-06-30 00:00:00+00:00,2.8647537e-07
2099-07-31 00:00:00+00:00,0.0020935545
2099-08-31 00:00:00+00:00,0.007285029
2099-09-30 00:00:00+00:00,0.0072099594
2099-10-31 00:00:00+00:00,0.0006603935
2099-11-30 00:00:00+00:00,0.0006693608
2099-12-31 00:00:00+00:00,0.00018221927
