time,et_month_CanESM2_rcp45
2006-01-31 00:00:00+00:00,0.5960079
2006-02-28 00:00:00+00:00,0.85277873
2006-03-31 00:00:00+00:00,0.73884624
2006-04-30 00:00:00+00:00,0.37442747
2006-05-31 00:00:00+00:00,0.27391466
2006-06-30 00:00:00+00:00,0.10095564
2006-07-31 00:00:00+00:00,0.1333344
2006-08-31 00:00:00+00:00,0.09393088
2006-09-30 00:00:00+00:00,0.02738994
2006-10-31 00:00:00+00:00,0.15077955
2006-11-30 00:00:00+00:00,0.14978811
2006-12-31 00:00:00+00:00,0.12928176
2007-01-31 00:00:00+00:00,0.45502156
2007-02-28 00:00:00+00:00,0.35912958
2007-03-31 00:00:00+00:00,0.22512087
2007-04-30 00:00:00+00:00,0.091305085
2007-05-31 00:00:00+00:00,0.04811757
2007-06-30 00:00:00+00:00,0.008042326
2007-07-31 00:00:00+00:00,0.009809011
2007-08-31 00:00:00+00:00,0.012829587
2007-09-30 00:00:00+00:00,0.10525209
2007-10-31 00:00:00+00:00,0.008063158
2007-11-30 00:00:00+00:00,0.04195202
2007-12-31 00:00:00+00:00,0.054948326
2008-01-31 00:00:00+00:00,0.21503013
2008-02-29 00:00:00+00:00,0.7710184
2008-03-31 00:00:00+00:00,0.53241444
2008-04-30 00:00:00+00:00,0.19839495
2008-05-31 00:00:00+00:00,0.11412371
2008-06-30 00:00:00+00:00,0.026093576
2008-07-31 00:00:00+00:00,0.34773308
2008-08-31 00:00:00+00:00,0.4232134
2008-09-30 00:00:00+00:00,0.09881913
2008-10-31 00:00:00+00:00,0.2041789
2008-11-30 00:00:00+00:00,0.448711
2008-12-31 00:00:00+00:00,0.34543946
2009-01-31 00:00:00+00:00,0.37935027
2009-02-28 00:00:00+00:00,0.6283469
2009-03-31 00:00:00+00:00,0.56642896
2009-04-30 00:00:00+00:00,0.4996017
2009-05-31 00:00:00+00:00,0.18824156
2009-06-30 00:00:00+00:00,0.076750055
2009-07-31 00:00:00+00:00,0.1302568
2009-08-31 00:00:00+00:00,0.34215793
2009-09-30 00:00:00+00:00,0.61412716
2009-10-31 00:00:00+00:00,0.22579716
2009-11-30 00:00:00+00:00,0.49310967
2009-12-31 00:00:00+00:00,0.38040826
2010-01-31 00:00:00+00:00,0.3173906
2010-02-28 00:00:00+00:00,0.52574164
2010-03-31 00:00:00+00:00,1.1137193
2010-04-30 00:00:00+00:00,1.0252255
2010-05-31 00:00:00+00:00,0.3049641
2010-06-30 00:00:00+00:00,0.14392653
2010-07-31 00:00:00+00:00,0.19859189
2010-08-31 00:00:00+00:00,0.092825904
2010-09-30 00:00:00+00:00,0.06968413
2010-10-31 00:00:00+00:00,0.018453829
2010-11-30 00:00:00+00:00,0.19961318
2010-12-31 00:00:00+00:00,0.22574002
2011-01-31 00:00:00+00:00,0.78497225
2011-02-28 00:00:00+00:00,0.841625
2011-03-31 00:00:00+00:00,1.0627725
2011-04-30 00:00:00+00:00,0.6495891
2011-05-31 00:00:00+00:00,0.2832852
2011-06-30 00:00:00+00:00,0.14264613
2011-07-31 00:00:00+00:00,0.18885711
2011-08-31 00:00:00+00:00,0.24140008
2011-09-30 00:00:00+00:00,0.10235032
2011-10-31 00:00:00+00:00,0.049005132
2011-11-30 00:00:00+00:00,0.23976444
2011-12-31 00:00:00+00:00,0.35773006
2012-01-31 00:00:00+00:00,0.25259763
2012-02-29 00:00:00+00:00,0.5104403
2012-03-31 00:00:00+00:00,0.44469908
2012-04-30 00:00:00+00:00,0.29360825
2012-05-31 00:00:00+00:00,0.14270443
2012-06-30 00:00:00+00:00,0.052176833
2012-07-31 00:00:00+00:00,0.13307959
2012-08-31 00:00:00+00:00,0.226936
2012-09-30 00:00:00+00:00,0.043972544
2012-10-31 00:00:00+00:00,0.062344525
2012-11-30 00:00:00+00:00,0.10078158
2012-12-31 00:00:00+00:00,0.17844217
2013-01-31 00:00:00+00:00,0.36556476
2013-02-28 00:00:00+00:00,0.4415551
2013-03-31 00:00:00+00:00,0.74396855
2013-04-30 00:00:00+00:00,0.30990705
2013-05-31 00:00:00+00:00,0.1961121
2013-06-30 00:00:00+00:00,0.06500099
2013-07-31 00:00:00+00:00,0.121851
2013-08-31 00:00:00+00:00,0.113574535
2013-09-30 00:00:00+00:00,0.0751727
2013-10-31 00:00:00+00:00,0.121121384
2013-11-30 00:00:00+00:00,0.043650508
2013-12-31 00:00:00+00:00,0.08376495
2014-01-31 00:00:00+00:00,0.14672627
2014-02-28 00:00:00+00:00,0.37261114
2014-03-31 00:00:00+00:00,0.50028116
2014-04-30 00:00:00+00:00,0.34876755
2014-05-31 00:00:00+00:00,0.11937362
2014-06-30 00:00:00+00:00,0.07049129
2014-07-31 00:00:00+00:00,0.04462167
2014-08-31 00:00:00+00:00,0.41041613
2014-09-30 00:00:00+00:00,0.061209325
2014-10-31 00:00:00+00:00,0.016840572
2014-11-30 00:00:00+00:00,0.039428085
2014-12-31 00:00:00+00:00,0.15564923
2015-01-31 00:00:00+00:00,0.7255331
2015-02-28 00:00:00+00:00,0.80860895
2015-03-31 00:00:00+00:00,1.3317946
2015-04-30 00:00:00+00:00,1.0600489
2015-05-31 00:00:00+00:00,0.5027559
2015-06-30 00:00:00+00:00,0.3327141
2015-07-31 00:00:00+00:00,0.12194247
2015-08-31 00:00:00+00:00,0.24080643
2015-09-30 00:00:00+00:00,0.15035065
2015-10-31 00:00:00+00:00,0.050101135
2015-11-30 00:00:00+00:00,0.11675222
2015-12-31 00:00:00+00:00,0.22422205
2016-01-31 00:00:00+00:00,0.75033385
2016-02-29 00:00:00+00:00,1.0411221
2016-03-31 00:00:00+00:00,1.238229
2016-04-30 00:00:00+00:00,1.1406053
2016-05-31 00:00:00+00:00,0.51240605
2016-06-30 00:00:00+00:00,0.24695799
2016-07-31 00:00:00+00:00,0.09680691
2016-08-31 00:00:00+00:00,0.47768602
2016-09-30 00:00:00+00:00,0.077808306
2016-10-31 00:00:00+00:00,0.008685404
2016-11-30 00:00:00+00:00,0.7659811
2016-12-31 00:00:00+00:00,0.47697252
2017-01-31 00:00:00+00:00,0.4956106
2017-02-28 00:00:00+00:00,0.87110615
2017-03-31 00:00:00+00:00,0.76480216
2017-04-30 00:00:00+00:00,0.5248457
2017-05-31 00:00:00+00:00,0.22905105
2017-06-30 00:00:00+00:00,0.09290718
2017-07-31 00:00:00+00:00,0.0726925
2017-08-31 00:00:00+00:00,0.23217067
2017-09-30 00:00:00+00:00,0.1082129
2017-10-31 00:00:00+00:00,0.7064313
2017-11-30 00:00:00+00:00,0.21713307
2017-12-31 00:00:00+00:00,0.06823409
2018-01-31 00:00:00+00:00,0.08276873
2018-02-28 00:00:00+00:00,0.5802455
2018-03-31 00:00:00+00:00,0.45113188
2018-04-30 00:00:00+00:00,0.13242371
2018-05-31 00:00:00+00:00,0.043570194
2018-06-30 00:00:00+00:00,0.023345182
2018-07-31 00:00:00+00:00,0.18834783
2018-08-31 00:00:00+00:00,0.22611834
2018-09-30 00:00:00+00:00,0.068295665
2018-10-31 00:00:00+00:00,0.0065956498
2018-11-30 00:00:00+00:00,0.14880875
2018-12-31 00:00:00+00:00,0.23228174
2019-01-31 00:00:00+00:00,0.076317325
2019-02-28 00:00:00+00:00,0.7034018
2019-03-31 00:00:00+00:00,0.47787076
2019-04-30 00:00:00+00:00,0.54799235
2019-05-31 00:00:00+00:00,0.31084856
2019-06-30 00:00:00+00:00,0.09653217
2019-07-31 00:00:00+00:00,0.13585892
2019-08-31 00:00:00+00:00,0.7427003
2019-09-30 00:00:00+00:00,1.1694137
2019-10-31 00:00:00+00:00,0.29373416
2019-11-30 00:00:00+00:00,0.14351995
2019-12-31 00:00:00+00:00,0.12637524
2020-01-31 00:00:00+00:00,0.3583476
2020-02-29 00:00:00+00:00,0.6887652
2020-03-31 00:00:00+00:00,0.69821966
2020-04-30 00:00:00+00:00,0.27979013
2020-05-31 00:00:00+00:00,0.16821538
2020-06-30 00:00:00+00:00,0.07992772
2020-07-31 00:00:00+00:00,0.1472354
2020-08-31 00:00:00+00:00,0.5467722
2020-09-30 00:00:00+00:00,0.50940657
2020-10-31 00:00:00+00:00,0.033967536
2020-11-30 00:00:00+00:00,0.012588247
2020-12-31 00:00:00+00:00,0.53438914
2021-01-31 00:00:00+00:00,0.42561856
2021-02-28 00:00:00+00:00,0.7399312
2021-03-31 00:00:00+00:00,0.79206544
2021-04-30 00:00:00+00:00,0.27438343
2021-05-31 00:00:00+00:00,0.12833828
2021-06-30 00:00:00+00:00,0.09689129
2021-07-31 00:00:00+00:00,0.24950075
2021-08-31 00:00:00+00:00,0.51974475
2021-09-30 00:00:00+00:00,0.9106468
2021-10-31 00:00:00+00:00,0.07986769
2021-11-30 00:00:00+00:00,0.066637374
2021-12-31 00:00:00+00:00,0.6063818
2022-01-31 00:00:00+00:00,0.8284962
2022-02-28 00:00:00+00:00,0.90048933
2022-03-31 00:00:00+00:00,1.6344029
2022-04-30 00:00:00+00:00,1.6165873
2022-05-31 00:00:00+00:00,0.90106046
2022-06-30 00:00:00+00:00,0.45187238
2022-07-31 00:00:00+00:00,0.20614783
2022-08-31 00:00:00+00:00,0.39456823
2022-09-30 00:00:00+00:00,0.14684601
2022-10-31 00:00:00+00:00,0.09873896
2022-11-30 00:00:00+00:00,0.046888478
2022-12-31 00:00:00+00:00,0.4367244
2023-01-31 00:00:00+00:00,0.6705756
2023-02-28 00:00:00+00:00,0.97246635
2023-03-31 00:00:00+00:00,1.2571298
2023-04-30 00:00:00+00:00,1.4640038
2023-05-31 00:00:00+00:00,0.58101505
2023-06-30 00:00:00+00:00,0.31371015
2023-07-31 00:00:00+00:00,0.23134984
2023-08-31 00:00:00+00:00,0.1839953
2023-09-30 00:00:00+00:00,0.061664943
2023-10-31 00:00:00+00:00,0.0951216
2023-11-30 00:00:00+00:00,0.11744121
2023-12-31 00:00:00+00:00,0.57914525
2024-01-31 00:00:00+00:00,0.6011319
2024-02-29 00:00:00+00:00,1.0744599
2024-03-31 00:00:00+00:00,1.0728607
2024-04-30 00:00:00+00:00,0.7892944
2024-05-31 00:00:00+00:00,0.24231419
2024-06-30 00:00:00+00:00,0.18145233
2024-07-31 00:00:00+00:00,0.14986938
2024-08-31 00:00:00+00:00,0.30440077
2024-09-30 00:00:00+00:00,0.14401233
2024-10-31 00:00:00+00:00,0.031692754
2024-11-30 00:00:00+00:00,0.056748375
2024-12-31 00:00:00+00:00,0.103832714
2025-01-31 00:00:00+00:00,0.094955474
2025-02-28 00:00:00+00:00,0.7413001
2025-03-31 00:00:00+00:00,0.4022548
2025-04-30 00:00:00+00:00,0.12799779
2025-05-31 00:00:00+00:00,0.036865477
2025-06-30 00:00:00+00:00,0.012919735
2025-07-31 00:00:00+00:00,0.1919741
2025-08-31 00:00:00+00:00,0.27403796
2025-09-30 00:00:00+00:00,0.28980356
2025-10-31 00:00:00+00:00,0.2614694
2025-11-30 00:00:00+00:00,0.023968808
2025-12-31 00:00:00+00:00,0.4999345
2026-01-31 00:00:00+00:00,0.5586144
2026-02-28 00:00:00+00:00,0.7565841
2026-03-31 00:00:00+00:00,1.2821738
2026-04-30 00:00:00+00:00,1.0867428
2026-05-31 00:00:00+00:00,0.42766303
2026-06-30 00:00:00+00:00,0.17950514
2026-07-31 00:00:00+00:00,0.09016601
2026-08-31 00:00:00+00:00,0.37632275
2026-09-30 00:00:00+00:00,0.15348488
2026-10-31 00:00:00+00:00,0.035256777
2026-11-30 00:00:00+00:00,0.059804622
2026-12-31 00:00:00+00:00,0.029032484
2027-01-31 00:00:00+00:00,0.5329721
2027-02-28 00:00:00+00:00,0.73656946
2027-03-31 00:00:00+00:00,0.88712746
2027-04-30 00:00:00+00:00,0.6503331
2027-05-31 00:00:00+00:00,0.5852817
2027-06-30 00:00:00+00:00,0.21170604
2027-07-31 00:00:00+00:00,0.20108312
2027-08-31 00:00:00+00:00,0.3058487
2027-09-30 00:00:00+00:00,0.03133887
2027-10-31 00:00:00+00:00,0.012796875
2027-11-30 00:00:00+00:00,0.054472294
2027-12-31 00:00:00+00:00,0.52256066
2028-01-31 00:00:00+00:00,0.62315816
2028-02-29 00:00:00+00:00,0.6421832
2028-03-31 00:00:00+00:00,0.56804234
2028-04-30 00:00:00+00:00,0.82164794
2028-05-31 00:00:00+00:00,0.27626574
2028-06-30 00:00:00+00:00,0.16067936
2028-07-31 00:00:00+00:00,0.028486334
2028-08-31 00:00:00+00:00,0.48707306
2028-09-30 00:00:00+00:00,0.5317263
2028-10-31 00:00:00+00:00,0.077728
2028-11-30 00:00:00+00:00,0.6352722
2028-12-31 00:00:00+00:00,0.56864065
2029-01-31 00:00:00+00:00,0.7094799
2029-02-28 00:00:00+00:00,0.989155
2029-03-31 00:00:00+00:00,1.1998979
2029-04-30 00:00:00+00:00,1.4116685
2029-05-31 00:00:00+00:00,0.9005466
2029-06-30 00:00:00+00:00,0.28384432
2029-07-31 00:00:00+00:00,0.17832895
2029-08-31 00:00:00+00:00,0.46037507
2029-09-30 00:00:00+00:00,0.087933876
2029-10-31 00:00:00+00:00,0.18799728
2029-11-30 00:00:00+00:00,0.344188
2029-12-31 00:00:00+00:00,0.20411682
2030-01-31 00:00:00+00:00,0.2019238
2030-02-28 00:00:00+00:00,0.7163914
2030-03-31 00:00:00+00:00,1.278138
2030-04-30 00:00:00+00:00,0.84687763
2030-05-31 00:00:00+00:00,0.24607746
2030-06-30 00:00:00+00:00,0.113240786
2030-07-31 00:00:00+00:00,0.36448258
2030-08-31 00:00:00+00:00,0.80324227
2030-09-30 00:00:00+00:00,0.7095559
2030-10-31 00:00:00+00:00,0.06172635
2030-11-30 00:00:00+00:00,0.09721843
2030-12-31 00:00:00+00:00,0.32701898
2031-01-31 00:00:00+00:00,0.26441532
2031-02-28 00:00:00+00:00,0.19904277
2031-03-31 00:00:00+00:00,0.13498338
2031-04-30 00:00:00+00:00,0.24259143
2031-05-31 00:00:00+00:00,0.096229814
2031-06-30 00:00:00+00:00,0.026013557
2031-07-31 00:00:00+00:00,0.09484671
2031-08-31 00:00:00+00:00,0.5478937
2031-09-30 00:00:00+00:00,0.8946533
2031-10-31 00:00:00+00:00,0.1506006
2031-11-30 00:00:00+00:00,0.6667136
2031-12-31 00:00:00+00:00,0.33437294
2032-01-31 00:00:00+00:00,0.5597729
2032-02-29 00:00:00+00:00,0.9249449
2032-03-31 00:00:00+00:00,0.85700864
2032-04-30 00:00:00+00:00,0.7337925
2032-05-31 00:00:00+00:00,0.2553302
2032-06-30 00:00:00+00:00,0.100901626
2032-07-31 00:00:00+00:00,0.08683259
2032-08-31 00:00:00+00:00,0.63071394
2032-09-30 00:00:00+00:00,0.38340834
2032-10-31 00:00:00+00:00,0.20772395
2032-11-30 00:00:00+00:00,0.3836885
2032-12-31 00:00:00+00:00,0.48075363
2033-01-31 00:00:00+00:00,0.4022813
2033-02-28 00:00:00+00:00,0.533571
2033-03-31 00:00:00+00:00,0.5208252
2033-04-30 00:00:00+00:00,0.6851002
2033-05-31 00:00:00+00:00,0.92598116
2033-06-30 00:00:00+00:00,0.2447543
2033-07-31 00:00:00+00:00,0.2696929
2033-08-31 00:00:00+00:00,0.5680779
2033-09-30 00:00:00+00:00,0.120098285
2033-10-31 00:00:00+00:00,0.041839946
2033-11-30 00:00:00+00:00,0.21021806
2033-12-31 00:00:00+00:00,0.10611363
2034-01-31 00:00:00+00:00,0.58061486
2034-02-28 00:00:00+00:00,0.38209066
2034-03-31 00:00:00+00:00,0.21672106
2034-04-30 00:00:00+00:00,0.11407461
2034-05-31 00:00:00+00:00,0.061290417
2034-06-30 00:00:00+00:00,0.06192735
2034-07-31 00:00:00+00:00,0.06624738
2034-08-31 00:00:00+00:00,0.5200263
2034-09-30 00:00:00+00:00,0.048460815
2034-10-31 00:00:00+00:00,0.44690073
2034-11-30 00:00:00+00:00,0.24644081
2034-12-31 00:00:00+00:00,0.16734558
2035-01-31 00:00:00+00:00,0.49115306
2035-02-28 00:00:00+00:00,0.91840047
2035-03-31 00:00:00+00:00,1.2537826
2035-04-30 00:00:00+00:00,0.9037446
2035-05-31 00:00:00+00:00,0.39623395
2035-06-30 00:00:00+00:00,0.21052185
2035-07-31 00:00:00+00:00,0.6945027
2035-08-31 00:00:00+00:00,0.34688637
2035-09-30 00:00:00+00:00,0.09653353
2035-10-31 00:00:00+00:00,0.023770759
2035-11-30 00:00:00+00:00,0.116832286
2035-12-31 00:00:00+00:00,0.25703925
2036-01-31 00:00:00+00:00,0.2522644
2036-02-29 00:00:00+00:00,0.62558913
2036-03-31 00:00:00+00:00,0.3966304
2036-04-30 00:00:00+00:00,0.20262615
2036-05-31 00:00:00+00:00,0.14719757
2036-06-30 00:00:00+00:00,0.049504735
2036-07-31 00:00:00+00:00,0.5092108
2036-08-31 00:00:00+00:00,0.45888466
2036-09-30 00:00:00+00:00,1.2922741
2036-10-31 00:00:00+00:00,0.9089138
2036-11-30 00:00:00+00:00,0.18415982
2036-12-31 00:00:00+00:00,0.4903513
2037-01-31 00:00:00+00:00,1.0713949
2037-02-28 00:00:00+00:00,1.0154418
2037-03-31 00:00:00+00:00,1.3799062
2037-04-30 00:00:00+00:00,0.9126358
2037-05-31 00:00:00+00:00,0.35280317
2037-06-30 00:00:00+00:00,0.319719
2037-07-31 00:00:00+00:00,0.23846734
2037-08-31 00:00:00+00:00,1.0576184
2037-09-30 00:00:00+00:00,1.31158
2037-10-31 00:00:00+00:00,0.24152139
2037-11-30 00:00:00+00:00,0.0860625
2037-12-31 00:00:00+00:00,0.36899695
2038-01-31 00:00:00+00:00,0.19555207
2038-02-28 00:00:00+00:00,0.37723145
2038-03-31 00:00:00+00:00,0.33551857
2038-04-30 00:00:00+00:00,0.30115053
2038-05-31 00:00:00+00:00,0.07610521
2038-06-30 00:00:00+00:00,0.018381922
2038-07-31 00:00:00+00:00,0.18332839
2038-08-31 00:00:00+00:00,0.15213785
2038-09-30 00:00:00+00:00,0.14669438
2038-10-31 00:00:00+00:00,0.17934318
2038-11-30 00:00:00+00:00,0.014424977
2038-12-31 00:00:00+00:00,0.17279412
2039-01-31 00:00:00+00:00,0.15020363
2039-02-28 00:00:00+00:00,0.40097198
2039-03-31 00:00:00+00:00,1.0268339
2039-04-30 00:00:00+00:00,0.41609222
2039-05-31 00:00:00+00:00,0.12516014
2039-06-30 00:00:00+00:00,0.060769886
2039-07-31 00:00:00+00:00,0.229179
2039-08-31 00:00:00+00:00,0.6219231
2039-09-30 00:00:00+00:00,0.27388853
2039-10-31 00:00:00+00:00,0.10298178
2039-11-30 00:00:00+00:00,0.19661587
2039-12-31 00:00:00+00:00,0.32238826
2040-01-31 00:00:00+00:00,0.71204144
2040-02-29 00:00:00+00:00,0.6150533
2040-03-31 00:00:00+00:00,1.0962248
2040-04-30 00:00:00+00:00,0.84881616
2040-05-31 00:00:00+00:00,0.28627568
2040-06-30 00:00:00+00:00,0.18889423
2040-07-31 00:00:00+00:00,0.13674246
2040-08-31 00:00:00+00:00,0.39983118
2040-09-30 00:00:00+00:00,0.778396
2040-10-31 00:00:00+00:00,0.15058357
2040-11-30 00:00:00+00:00,0.35442308
2040-12-31 00:00:00+00:00,0.21803775
2041-01-31 00:00:00+00:00,0.2136808
2041-02-28 00:00:00+00:00,0.17583081
2041-03-31 00:00:00+00:00,0.4978045
2041-04-30 00:00:00+00:00,0.29907796
2041-05-31 00:00:00+00:00,0.086663105
2041-06-30 00:00:00+00:00,0.0763889
2041-07-31 00:00:00+00:00,0.18726802
2041-08-31 00:00:00+00:00,0.24205402
2041-09-30 00:00:00+00:00,0.9643913
2041-10-31 00:00:00+00:00,0.32499015
2041-11-30 00:00:00+00:00,0.35047266
2041-12-31 00:00:00+00:00,0.17051306
2042-01-31 00:00:00+00:00,0.33644134
2042-02-28 00:00:00+00:00,0.50068355
2042-03-31 00:00:00+00:00,0.8662519
2042-04-30 00:00:00+00:00,0.5153765
2042-05-31 00:00:00+00:00,0.36583075
2042-06-30 00:00:00+00:00,0.17003909
2042-07-31 00:00:00+00:00,0.24007553
2042-08-31 00:00:00+00:00,0.7351807
2042-09-30 00:00:00+00:00,0.23464887
2042-10-31 00:00:00+00:00,0.1969914
2042-11-30 00:00:00+00:00,0.110688396
2042-12-31 00:00:00+00:00,0.23509553
2043-01-31 00:00:00+00:00,0.6723301
2043-02-28 00:00:00+00:00,0.64439315
2043-03-31 00:00:00+00:00,0.59654456
2043-04-30 00:00:00+00:00,0.28003424
2043-05-31 00:00:00+00:00,0.29371232
2043-06-30 00:00:00+00:00,0.063606545
2043-07-31 00:00:00+00:00,0.23427305
2043-08-31 00:00:00+00:00,1.0296963
2043-09-30 00:00:00+00:00,0.87738895
2043-10-31 00:00:00+00:00,0.23948988
2043-11-30 00:00:00+00:00,0.1369818
2043-12-31 00:00:00+00:00,0.25168017
2044-01-31 00:00:00+00:00,0.44995648
2044-02-29 00:00:00+00:00,0.4319386
2044-03-31 00:00:00+00:00,0.28669408
2044-04-30 00:00:00+00:00,0.16960508
2044-05-31 00:00:00+00:00,0.075583145
2044-06-30 00:00:00+00:00,0.011085499
2044-07-31 00:00:00+00:00,0.14689325
2044-08-31 00:00:00+00:00,0.7618618
2044-09-30 00:00:00+00:00,0.2682774
2044-10-31 00:00:00+00:00,0.10910235
2044-11-30 00:00:00+00:00,0.037772182
2044-12-31 00:00:00+00:00,0.82354546
2045-01-31 00:00:00+00:00,0.9252344
2045-02-28 00:00:00+00:00,0.7457594
2045-03-31 00:00:00+00:00,1.1156336
2045-04-30 00:00:00+00:00,0.9037899
2045-05-31 00:00:00+00:00,0.5531896
2045-06-30 00:00:00+00:00,0.13304895
2045-07-31 00:00:00+00:00,0.07965546
2045-08-31 00:00:00+00:00,1.1744295
2045-09-30 00:00:00+00:00,0.74157304
2045-10-31 00:00:00+00:00,0.67361295
2045-11-30 00:00:00+00:00,0.12612836
2045-12-31 00:00:00+00:00,0.06493955
2046-01-31 00:00:00+00:00,0.4906478
2046-02-28 00:00:00+00:00,1.1528857
2046-03-31 00:00:00+00:00,1.2443404
2046-04-30 00:00:00+00:00,0.9722255
2046-05-31 00:00:00+00:00,0.4486388
2046-06-30 00:00:00+00:00,0.18822855
2046-07-31 00:00:00+00:00,0.07923974
2046-08-31 00:00:00+00:00,0.41336358
2046-09-30 00:00:00+00:00,0.38072786
2046-10-31 00:00:00+00:00,0.3819514
2046-11-30 00:00:00+00:00,0.4004263
2046-12-31 00:00:00+00:00,0.17311314
2047-01-31 00:00:00+00:00,0.5483398
2047-02-28 00:00:00+00:00,1.0407887
2047-03-31 00:00:00+00:00,1.081031
2047-04-30 00:00:00+00:00,0.73778564
2047-05-31 00:00:00+00:00,0.24769522
2047-06-30 00:00:00+00:00,0.100882076
2047-07-31 00:00:00+00:00,0.15159018
2047-08-31 00:00:00+00:00,0.16104415
2047-09-30 00:00:00+00:00,0.53032887
2047-10-31 00:00:00+00:00,0.09832836
2047-11-30 00:00:00+00:00,0.42163685
2047-12-31 00:00:00+00:00,0.7858827
2048-01-31 00:00:00+00:00,0.83857685
2048-02-29 00:00:00+00:00,1.032329
2048-03-31 00:00:00+00:00,1.5118233
2048-04-30 00:00:00+00:00,1.1093128
2048-05-31 00:00:00+00:00,0.4473348
2048-06-30 00:00:00+00:00,0.25825548
2048-07-31 00:00:00+00:00,0.38811383
2048-08-31 00:00:00+00:00,0.34803924
2048-09-30 00:00:00+00:00,0.57987785
2048-10-31 00:00:00+00:00,0.10247728
2048-11-30 00:00:00+00:00,0.11403562
2048-12-31 00:00:00+00:00,0.058396436
2049-01-31 00:00:00+00:00,0.29733646
2049-02-28 00:00:00+00:00,0.41815335
2049-03-31 00:00:00+00:00,0.40895015
2049-04-30 00:00:00+00:00,0.3068294
2049-05-31 00:00:00+00:00,0.080386646
2049-06-30 00:00:00+00:00,0.03129918
2049-07-31 00:00:00+00:00,0.07091904
2049-08-31 00:00:00+00:00,0.48101676
2049-09-30 00:00:00+00:00,0.34371287
2049-10-31 00:00:00+00:00,0.016845537
2049-11-30 00:00:00+00:00,0.036227886
2049-12-31 00:00:00+00:00,0.56288546
2050-01-31 00:00:00+00:00,0.3895118
2050-02-28 00:00:00+00:00,0.8505032
2050-03-31 00:00:00+00:00,1.0031327
2050-04-30 00:00:00+00:00,0.6651632
2050-05-31 00:00:00+00:00,0.18841605
2050-06-30 00:00:00+00:00,0.078241274
2050-07-31 00:00:00+00:00,0.61641854
2050-08-31 00:00:00+00:00,0.6169242
2050-09-30 00:00:00+00:00,0.30966374
2050-10-31 00:00:00+00:00,0.022851273
2050-11-30 00:00:00+00:00,0.22884955
2050-12-31 00:00:00+00:00,0.13158795
2051-01-31 00:00:00+00:00,0.053031385
2051-02-28 00:00:00+00:00,0.27030563
2051-03-31 00:00:00+00:00,1.0447958
2051-04-30 00:00:00+00:00,0.5273608
2051-05-31 00:00:00+00:00,0.16852075
2051-06-30 00:00:00+00:00,0.10990277
2051-07-31 00:00:00+00:00,0.21875636
2051-08-31 00:00:00+00:00,0.033076268
2051-09-30 00:00:00+00:00,0.026984792
2051-10-31 00:00:00+00:00,0.22152144
2051-11-30 00:00:00+00:00,0.12761937
2051-12-31 00:00:00+00:00,0.049816422
2052-01-31 00:00:00+00:00,0.22980738
2052-02-29 00:00:00+00:00,0.73149264
2052-03-31 00:00:00+00:00,1.4128455
2052-04-30 00:00:00+00:00,0.99019223
2052-05-31 00:00:00+00:00,0.3118265
2052-06-30 00:00:00+00:00,0.12124994
2052-07-31 00:00:00+00:00,0.62518525
2052-08-31 00:00:00+00:00,0.5560569
2052-09-30 00:00:00+00:00,0.12080692
2052-10-31 00:00:00+00:00,0.014509312
2052-11-30 00:00:00+00:00,0.2762316
2052-12-31 00:00:00+00:00,0.49500325
2053-01-31 00:00:00+00:00,0.4367644
2053-02-28 00:00:00+00:00,0.817993
2053-03-31 00:00:00+00:00,0.77150166
2053-04-30 00:00:00+00:00,0.5259817
2053-05-31 00:00:00+00:00,0.301907
2053-06-30 00:00:00+00:00,0.12454699
2053-07-31 00:00:00+00:00,0.2842905
2053-08-31 00:00:00+00:00,0.34620506
2053-09-30 00:00:00+00:00,0.09678554
2053-10-31 00:00:00+00:00,0.03089315
2053-11-30 00:00:00+00:00,0.16788311
2053-12-31 00:00:00+00:00,0.36922598
2054-01-31 00:00:00+00:00,0.28546685
2054-02-28 00:00:00+00:00,0.6838456
2054-03-31 00:00:00+00:00,1.1870663
2054-04-30 00:00:00+00:00,0.73744196
2054-05-31 00:00:00+00:00,0.26384285
2054-06-30 00:00:00+00:00,0.13203992
2054-07-31 00:00:00+00:00,0.7901578
2054-08-31 00:00:00+00:00,0.6119042
2054-09-30 00:00:00+00:00,0.25304538
2054-10-31 00:00:00+00:00,0.2242169
2054-11-30 00:00:00+00:00,0.10112885
2054-12-31 00:00:00+00:00,0.14585583
2055-01-31 00:00:00+00:00,0.32486373
2055-02-28 00:00:00+00:00,0.47541294
2055-03-31 00:00:00+00:00,0.26141995
2055-04-30 00:00:00+00:00,0.88221973
2055-05-31 00:00:00+00:00,0.321165
2055-06-30 00:00:00+00:00,0.089728296
2055-07-31 00:00:00+00:00,0.64870894
2055-08-31 00:00:00+00:00,0.5479645
2055-09-30 00:00:00+00:00,0.29862234
2055-10-31 00:00:00+00:00,0.1154116
2055-11-30 00:00:00+00:00,0.03257245
2055-12-31 00:00:00+00:00,0.017031744
2056-01-31 00:00:00+00:00,0.3982832
2056-02-29 00:00:00+00:00,0.42004237
2056-03-31 00:00:00+00:00,0.6862925
2056-04-30 00:00:00+00:00,0.8553988
2056-05-31 00:00:00+00:00,0.28642547
2056-06-30 00:00:00+00:00,0.09225045
2056-07-31 00:00:00+00:00,0.7407565
2056-08-31 00:00:00+00:00,0.9462132
2056-09-30 00:00:00+00:00,0.5336524
2056-10-31 00:00:00+00:00,0.02350564
2056-11-30 00:00:00+00:00,0.4347755
2056-12-31 00:00:00+00:00,0.52807444
2057-01-31 00:00:00+00:00,0.2974591
2057-02-28 00:00:00+00:00,0.22705612
2057-03-31 00:00:00+00:00,0.84339535
2057-04-30 00:00:00+00:00,0.37356308
2057-05-31 00:00:00+00:00,0.2020249
2057-06-30 00:00:00+00:00,0.119168654
2057-07-31 00:00:00+00:00,0.1825584
2057-08-31 00:00:00+00:00,0.6164762
2057-09-30 00:00:00+00:00,0.594521
2057-10-31 00:00:00+00:00,0.43794155
2057-11-30 00:00:00+00:00,0.9857457
2057-12-31 00:00:00+00:00,0.49620646
2058-01-31 00:00:00+00:00,0.38214514
2058-02-28 00:00:00+00:00,0.5058685
2058-03-31 00:00:00+00:00,0.54950625
2058-04-30 00:00:00+00:00,0.21445695
2058-05-31 00:00:00+00:00,0.09978318
2058-06-30 00:00:00+00:00,0.034048423
2058-07-31 00:00:00+00:00,0.13815995
2058-08-31 00:00:00+00:00,1.5791943
2058-09-30 00:00:00+00:00,0.77478063
2058-10-31 00:00:00+00:00,0.0814054
2058-11-30 00:00:00+00:00,0.32029414
2058-12-31 00:00:00+00:00,0.28276327
2059-01-31 00:00:00+00:00,1.0781416
2059-02-28 00:00:00+00:00,0.99872935
2059-03-31 00:00:00+00:00,1.1848778
2059-04-30 00:00:00+00:00,0.5347061
2059-05-31 00:00:00+00:00,0.37002328
2059-06-30 00:00:00+00:00,0.22004804
2059-07-31 00:00:00+00:00,0.25737643
2059-08-31 00:00:00+00:00,0.1796814
2059-09-30 00:00:00+00:00,0.18072574
2059-10-31 00:00:00+00:00,0.13725391
2059-11-30 00:00:00+00:00,0.09937035
2059-12-31 00:00:00+00:00,0.5614092
2060-01-31 00:00:00+00:00,0.79943174
2060-02-29 00:00:00+00:00,1.0786889
2060-03-31 00:00:00+00:00,1.2645692
2060-04-30 00:00:00+00:00,1.2741268
2060-05-31 00:00:00+00:00,0.5269759
2060-06-30 00:00:00+00:00,0.23734926
2060-07-31 00:00:00+00:00,0.13284329
2060-08-31 00:00:00+00:00,0.5241922
2060-09-30 00:00:00+00:00,0.10076336
2060-10-31 00:00:00+00:00,0.39064792
2060-11-30 00:00:00+00:00,0.088473976
2060-12-31 00:00:00+00:00,0.30865696
2061-01-31 00:00:00+00:00,0.1603854
2061-02-28 00:00:00+00:00,0.09848687
2061-03-31 00:00:00+00:00,0.68760747
2061-04-30 00:00:00+00:00,0.30407602
2061-05-31 00:00:00+00:00,0.0979099
2061-06-30 00:00:00+00:00,0.04215914
2061-07-31 00:00:00+00:00,0.10080282
2061-08-31 00:00:00+00:00,1.7519329
2061-09-30 00:00:00+00:00,1.3494934
2061-10-31 00:00:00+00:00,0.165136
2061-11-30 00:00:00+00:00,0.19217269
2061-12-31 00:00:00+00:00,0.14339775
2062-01-31 00:00:00+00:00,0.44304687
2062-02-28 00:00:00+00:00,0.6359723
2062-03-31 00:00:00+00:00,0.69476455
2062-04-30 00:00:00+00:00,0.3002253
2062-05-31 00:00:00+00:00,0.2151996
2062-06-30 00:00:00+00:00,0.058430452
2062-07-31 00:00:00+00:00,0.08491295
2062-08-31 00:00:00+00:00,0.23864138
2062-09-30 00:00:00+00:00,0.3025145
2062-10-31 00:00:00+00:00,0.058437593
2062-11-30 00:00:00+00:00,0.13791788
2062-12-31 00:00:00+00:00,0.3198293
2063-01-31 00:00:00+00:00,0.24268258
2063-02-28 00:00:00+00:00,0.42141584
2063-03-31 00:00:00+00:00,0.20250481
2063-04-30 00:00:00+00:00,0.26415285
2063-05-31 00:00:00+00:00,0.1098124
2063-06-30 00:00:00+00:00,0.04144396
2063-07-31 00:00:00+00:00,0.30951396
2063-08-31 00:00:00+00:00,1.1619564
2063-09-30 00:00:00+00:00,0.60419774
2063-10-31 00:00:00+00:00,0.07907115
2063-11-30 00:00:00+00:00,0.06600453
2063-12-31 00:00:00+00:00,0.06839977
2064-01-31 00:00:00+00:00,0.21701784
2064-02-29 00:00:00+00:00,0.47681853
2064-03-31 00:00:00+00:00,0.4001304
2064-04-30 00:00:00+00:00,0.15068263
2064-05-31 00:00:00+00:00,0.08992159
2064-06-30 00:00:00+00:00,0.052783113
2064-07-31 00:00:00+00:00,0.014290102
2064-08-31 00:00:00+00:00,0.520324
2064-09-30 00:00:00+00:00,0.321686
2064-10-31 00:00:00+00:00,0.38184926
2064-11-30 00:00:00+00:00,0.04978353
2064-12-31 00:00:00+00:00,0.3598742
2065-01-31 00:00:00+00:00,0.8016256
2065-02-28 00:00:00+00:00,0.6201358
2065-03-31 00:00:00+00:00,0.71195036
2065-04-30 00:00:00+00:00,0.48183417
2065-05-31 00:00:00+00:00,0.25036287
2065-06-30 00:00:00+00:00,0.084065415
2065-07-31 00:00:00+00:00,0.43564424
2065-08-31 00:00:00+00:00,0.52258784
2065-09-30 00:00:00+00:00,0.096027985
2065-10-31 00:00:00+00:00,0.013626178
2065-11-30 00:00:00+00:00,0.47354886
2065-12-31 00:00:00+00:00,0.27120894
2066-01-31 00:00:00+00:00,0.33764783
2066-02-28 00:00:00+00:00,0.5275924
2066-03-31 00:00:00+00:00,1.1296904
2066-04-30 00:00:00+00:00,0.57831246
2066-05-31 00:00:00+00:00,0.27896148
2066-06-30 00:00:00+00:00,0.14225999
2066-07-31 00:00:00+00:00,0.17666505
2066-08-31 00:00:00+00:00,0.5074291
2066-09-30 00:00:00+00:00,0.21379277
2066-10-31 00:00:00+00:00,0.031147566
2066-11-30 00:00:00+00:00,0.060997024
2066-12-31 00:00:00+00:00,0.39066747
2067-01-31 00:00:00+00:00,0.6619691
2067-02-28 00:00:00+00:00,0.9075138
2067-03-31 00:00:00+00:00,1.0145814
2067-04-30 00:00:00+00:00,1.0529493
2067-05-31 00:00:00+00:00,0.45886892
2067-06-30 00:00:00+00:00,0.28286287
2067-07-31 00:00:00+00:00,0.2507032
2067-08-31 00:00:00+00:00,0.57736295
2067-09-30 00:00:00+00:00,0.23185655
2067-10-31 00:00:00+00:00,0.07691584
2067-11-30 00:00:00+00:00,0.067296095
2067-12-31 00:00:00+00:00,0.4540925
2068-01-31 00:00:00+00:00,0.45301962
2068-02-29 00:00:00+00:00,0.9049877
2068-03-31 00:00:00+00:00,0.8923244
2068-04-30 00:00:00+00:00,0.62131864
2068-05-31 00:00:00+00:00,0.37309143
2068-06-30 00:00:00+00:00,0.18297583
2068-07-31 00:00:00+00:00,0.18684816
2068-08-31 00:00:00+00:00,0.65581495
2068-09-30 00:00:00+00:00,0.9493326
2068-10-31 00:00:00+00:00,0.2723727
2068-11-30 00:00:00+00:00,0.07192305
2068-12-31 00:00:00+00:00,0.23934455
2069-01-31 00:00:00+00:00,0.9423501
2069-02-28 00:00:00+00:00,1.1212127
2069-03-31 00:00:00+00:00,1.5115519
2069-04-30 00:00:00+00:00,0.8051299
2069-05-31 00:00:00+00:00,0.3177516
2069-06-30 00:00:00+00:00,0.23306996
2069-07-31 00:00:00+00:00,0.24347335
2069-08-31 00:00:00+00:00,0.7147112
2069-09-30 00:00:00+00:00,0.27489877
2069-10-31 00:00:00+00:00,0.013691401
2069-11-30 00:00:00+00:00,0.16947742
2069-12-31 00:00:00+00:00,0.29326183
2070-01-31 00:00:00+00:00,0.44056037
2070-02-28 00:00:00+00:00,1.1572868
2070-03-31 00:00:00+00:00,1.2204149
2070-04-30 00:00:00+00:00,1.2337542
2070-05-31 00:00:00+00:00,0.83351517
2070-06-30 00:00:00+00:00,0.28002775
2070-07-31 00:00:00+00:00,0.27648455
2070-08-31 00:00:00+00:00,0.21353565
2070-09-30 00:00:00+00:00,0.07189672
2070-10-31 00:00:00+00:00,0.061027788
2070-11-30 00:00:00+00:00,0.10038968
2070-12-31 00:00:00+00:00,0.21168686
2071-01-31 00:00:00+00:00,0.32118386
2071-02-28 00:00:00+00:00,1.2469764
2071-03-31 00:00:00+00:00,1.232855
2071-04-30 00:00:00+00:00,0.90837693
2071-05-31 00:00:00+00:00,0.41214916
2071-06-30 00:00:00+00:00,0.23352581
2071-07-31 00:00:00+00:00,0.12948969
2071-08-31 00:00:00+00:00,0.15479526
2071-09-30 00:00:00+00:00,0.66256315
2071-10-31 00:00:00+00:00,0.26183552
2071-11-30 00:00:00+00:00,0.16484036
2071-12-31 00:00:00+00:00,0.39609888
2072-01-31 00:00:00+00:00,0.124726236
2072-02-29 00:00:00+00:00,0.15558124
2072-03-31 00:00:00+00:00,1.0261002
2072-04-30 00:00:00+00:00,0.6485957
2072-05-31 00:00:00+00:00,0.2938012
2072-06-30 00:00:00+00:00,0.06384526
2072-07-31 00:00:00+00:00,0.21841422
2072-08-31 00:00:00+00:00,0.4663419
2072-09-30 00:00:00+00:00,0.09437186
2072-10-31 00:00:00+00:00,0.29969478
2072-11-30 00:00:00+00:00,0.10624938
2072-12-31 00:00:00+00:00,0.039052688
2073-01-31 00:00:00+00:00,1.0286672
2073-02-28 00:00:00+00:00,1.0549684
2073-03-31 00:00:00+00:00,1.4339557
2073-04-30 00:00:00+00:00,0.9917676
2073-05-31 00:00:00+00:00,0.35838732
2073-06-30 00:00:00+00:00,0.1371523
2073-07-31 00:00:00+00:00,0.33316463
2073-08-31 00:00:00+00:00,0.8532005
2073-09-30 00:00:00+00:00,0.38550395
2073-10-31 00:00:00+00:00,0.20223887
2073-11-30 00:00:00+00:00,0.16095047
2073-12-31 00:00:00+00:00,0.36910447
2074-01-31 00:00:00+00:00,0.19211634
2074-02-28 00:00:00+00:00,0.76838803
2074-03-31 00:00:00+00:00,0.5152824
2074-04-30 00:00:00+00:00,0.383125
2074-05-31 00:00:00+00:00,0.34868184
2074-06-30 00:00:00+00:00,0.20297842
2074-07-31 00:00:00+00:00,1.082303
2074-08-31 00:00:00+00:00,1.6798284
2074-09-30 00:00:00+00:00,1.1370149
2074-10-31 00:00:00+00:00,0.22843428
2074-11-30 00:00:00+00:00,0.1316107
2074-12-31 00:00:00+00:00,0.42012706
2075-01-31 00:00:00+00:00,0.47361973
2075-02-28 00:00:00+00:00,1.2235401
2075-03-31 00:00:00+00:00,1.229593
2075-04-30 00:00:00+00:00,0.8996199
2075-05-31 00:00:00+00:00,0.29123473
2075-06-30 00:00:00+00:00,0.11698636
2075-07-31 00:00:00+00:00,0.2086909
2075-08-31 00:00:00+00:00,0.5866118
2075-09-30 00:00:00+00:00,0.7220414
2075-10-31 00:00:00+00:00,0.31194544
2075-11-30 00:00:00+00:00,0.069492444
2075-12-31 00:00:00+00:00,0.5290046
2076-01-31 00:00:00+00:00,0.31827122
2076-02-29 00:00:00+00:00,0.63041896
2076-03-31 00:00:00+00:00,0.42889524
2076-04-30 00:00:00+00:00,0.1917197
2076-05-31 00:00:00+00:00,0.10297127
2076-06-30 00:00:00+00:00,0.017166264
2076-07-31 00:00:00+00:00,0.3608403
2076-08-31 00:00:00+00:00,0.96995854
2076-09-30 00:00:00+00:00,0.43648186
2076-10-31 00:00:00+00:00,0.05341139
2076-11-30 00:00:00+00:00,0.11423149
2076-12-31 00:00:00+00:00,0.5719476
2077-01-31 00:00:00+00:00,0.7392351
2077-02-28 00:00:00+00:00,1.4043707
2077-03-31 00:00:00+00:00,1.3911608
2077-04-30 00:00:00+00:00,0.7444117
2077-05-31 00:00:00+00:00,0.41800526
2077-06-30 00:00:00+00:00,0.19879784
2077-07-31 00:00:00+00:00,0.45067808
2077-08-31 00:00:00+00:00,0.9450015
2077-09-30 00:00:00+00:00,0.6501825
2077-10-31 00:00:00+00:00,0.17176057
2077-11-30 00:00:00+00:00,0.034007084
2077-12-31 00:00:00+00:00,0.060725324
2078-01-31 00:00:00+00:00,0.51382244
2078-02-28 00:00:00+00:00,1.0425955
2078-03-31 00:00:00+00:00,1.2180874
2078-04-30 00:00:00+00:00,1.3237152
2078-05-31 00:00:00+00:00,0.57025295
2078-06-30 00:00:00+00:00,0.17474069
2078-07-31 00:00:00+00:00,0.77342606
2078-08-31 00:00:00+00:00,0.6797312
2078-09-30 00:00:00+00:00,0.26925978
2078-10-31 00:00:00+00:00,0.033407595
2078-11-30 00:00:00+00:00,0.121459894
2078-12-31 00:00:00+00:00,0.3577313
2079-01-31 00:00:00+00:00,0.8715867
2079-02-28 00:00:00+00:00,0.7810062
2079-03-31 00:00:00+00:00,0.8668258
2079-04-30 00:00:00+00:00,0.6547575
2079-05-31 00:00:00+00:00,0.24879424
2079-06-30 00:00:00+00:00,0.13974103
2079-07-31 00:00:00+00:00,0.22498463
2079-08-31 00:00:00+00:00,0.93851984
2079-09-30 00:00:00+00:00,0.52003276
2079-10-31 00:00:00+00:00,0.3056403
2079-11-30 00:00:00+00:00,0.36136892
2079-12-31 00:00:00+00:00,0.6579237
2080-01-31 00:00:00+00:00,0.76735944
2080-02-29 00:00:00+00:00,1.5602261
2080-03-31 00:00:00+00:00,2.0107503
2080-04-30 00:00:00+00:00,1.856985
2080-05-31 00:00:00+00:00,0.6711829
2080-06-30 00:00:00+00:00,0.20830569
2080-07-31 00:00:00+00:00,0.26202917
2080-08-31 00:00:00+00:00,0.25830638
2080-09-30 00:00:00+00:00,0.11165768
2080-10-31 00:00:00+00:00,0.121753685
2080-11-30 00:00:00+00:00,0.6930819
2080-12-31 00:00:00+00:00,0.68903327
2081-01-31 00:00:00+00:00,0.7114685
2081-02-28 00:00:00+00:00,1.0257704
2081-03-31 00:00:00+00:00,1.095155
2081-04-30 00:00:00+00:00,1.3265448
2081-05-31 00:00:00+00:00,0.4702797
2081-06-30 00:00:00+00:00,0.21472037
2081-07-31 00:00:00+00:00,0.21405602
2081-08-31 00:00:00+00:00,0.32621142
2081-09-30 00:00:00+00:00,0.30822837
2081-10-31 00:00:00+00:00,0.28531176
2081-11-30 00:00:00+00:00,0.107071295
2081-12-31 00:00:00+00:00,0.1534929
2082-01-31 00:00:00+00:00,0.96694344
2082-02-28 00:00:00+00:00,0.62020475
2082-03-31 00:00:00+00:00,0.7332676
2082-04-30 00:00:00+00:00,0.376212
2082-05-31 00:00:00+00:00,0.16103339
2082-06-30 00:00:00+00:00,0.14059752
2082-07-31 00:00:00+00:00,0.22388834
2082-08-31 00:00:00+00:00,0.26685
2082-09-30 00:00:00+00:00,0.095033795
2082-10-31 00:00:00+00:00,0.09258268
2082-11-30 00:00:00+00:00,0.07659583
2082-12-31 00:00:00+00:00,0.35928673
2083-01-31 00:00:00+00:00,0.45481282
2083-02-28 00:00:00+00:00,0.8989683
2083-03-31 00:00:00+00:00,0.9099312
2083-04-30 00:00:00+00:00,0.742028
2083-05-31 00:00:00+00:00,0.5966197
2083-06-30 00:00:00+00:00,0.36572507
2083-07-31 00:00:00+00:00,0.30090532
2083-08-31 00:00:00+00:00,0.2661458
2083-09-30 00:00:00+00:00,0.10299633
2083-10-31 00:00:00+00:00,0.05298897
2083-11-30 00:00:00+00:00,0.14258601
2083-12-31 00:00:00+00:00,0.18299837
2084-01-31 00:00:00+00:00,0.4293519
2084-02-29 00:00:00+00:00,0.6798279
2084-03-31 00:00:00+00:00,1.1682684
2084-04-30 00:00:00+00:00,0.91875994
2084-05-31 00:00:00+00:00,0.49756
2084-06-30 00:00:00+00:00,0.4879185
2084-07-31 00:00:00+00:00,0.40529162
2084-08-31 00:00:00+00:00,1.1177416
2084-09-30 00:00:00+00:00,0.94857866
2084-10-31 00:00:00+00:00,0.18545084
2084-11-30 00:00:00+00:00,0.08086638
2084-12-31 00:00:00+00:00,0.28712502
2085-01-31 00:00:00+00:00,0.21984887
2085-02-28 00:00:00+00:00,0.4716845
2085-03-31 00:00:00+00:00,0.24509102
2085-04-30 00:00:00+00:00,0.3959634
2085-05-31 00:00:00+00:00,0.095169224
2085-06-30 00:00:00+00:00,0.037556663
2085-07-31 00:00:00+00:00,0.38219073
2085-08-31 00:00:00+00:00,0.79817563
2085-09-30 00:00:00+00:00,0.20378262
2085-10-31 00:00:00+00:00,0.1603312
2085-11-30 00:00:00+00:00,0.3704228
2085-12-31 00:00:00+00:00,0.29250842
2086-01-31 00:00:00+00:00,0.57246256
2086-02-28 00:00:00+00:00,0.941688
2086-03-31 00:00:00+00:00,0.8251507
2086-04-30 00:00:00+00:00,0.6475785
2086-05-31 00:00:00+00:00,1.1187503
2086-06-30 00:00:00+00:00,0.5824542
2086-07-31 00:00:00+00:00,0.3524958
2086-08-31 00:00:00+00:00,0.91403943
2086-09-30 00:00:00+00:00,0.4491657
2086-10-31 00:00:00+00:00,0.023189474
2086-11-30 00:00:00+00:00,0.62323546
2086-12-31 00:00:00+00:00,0.255295
2087-01-31 00:00:00+00:00,0.30847082
2087-02-28 00:00:00+00:00,0.30223915
2087-03-31 00:00:00+00:00,0.36297515
2087-04-30 00:00:00+00:00,0.4402218
2087-05-31 00:00:00+00:00,0.14405052
2087-06-30 00:00:00+00:00,0.103974424
2087-07-31 00:00:00+00:00,0.42526516
2087-08-31 00:00:00+00:00,0.6529394
2087-09-30 00:00:00+00:00,0.172409
2087-10-31 00:00:00+00:00,0.015550504
2087-11-30 00:00:00+00:00,0.032421373
2087-12-31 00:00:00+00:00,0.45636502
2088-01-31 00:00:00+00:00,0.7647294
2088-02-29 00:00:00+00:00,1.4284687
2088-03-31 00:00:00+00:00,1.8005791
2088-04-30 00:00:00+00:00,1.7459856
2088-05-31 00:00:00+00:00,0.70574355
2088-06-30 00:00:00+00:00,0.15716721
2088-07-31 00:00:00+00:00,0.6469176
2088-08-31 00:00:00+00:00,0.4684846
2088-09-30 00:00:00+00:00,0.2682319
2088-10-31 00:00:00+00:00,0.17367437
2088-11-30 00:00:00+00:00,0.10796977
2088-12-31 00:00:00+00:00,0.19143113
2089-01-31 00:00:00+00:00,0.42877308
2089-02-28 00:00:00+00:00,0.9942123
2089-03-31 00:00:00+00:00,1.0086755
2089-04-30 00:00:00+00:00,0.55982816
2089-05-31 00:00:00+00:00,0.27689022
2089-06-30 00:00:00+00:00,0.15749086
2089-07-31 00:00:00+00:00,0.15036647
2089-08-31 00:00:00+00:00,0.76165545
2089-09-30 00:00:00+00:00,0.6459072
2089-10-31 00:00:00+00:00,0.17376679
2089-11-30 00:00:00+00:00,0.0484217
2089-12-31 00:00:00+00:00,0.15518484
2090-01-31 00:00:00+00:00,0.55792916
2090-02-28 00:00:00+00:00,0.7379322
2090-03-31 00:00:00+00:00,0.73475134
2090-04-30 00:00:00+00:00,0.49139094
2090-05-31 00:00:00+00:00,0.5944624
2090-06-30 00:00:00+00:00,0.1265878
2090-07-31 00:00:00+00:00,0.35048556
2090-08-31 00:00:00+00:00,0.6665089
2090-09-30 00:00:00+00:00,0.30302638
2090-10-31 00:00:00+00:00,0.15272619
2090-11-30 00:00:00+00:00,0.06811413
2090-12-31 00:00:00+00:00,0.21204096
2091-01-31 00:00:00+00:00,0.1600362
2091-02-28 00:00:00+00:00,0.2244717
2091-03-31 00:00:00+00:00,0.21653435
2091-04-30 00:00:00+00:00,0.28251907
2091-05-31 00:00:00+00:00,0.055152856
2091-06-30 00:00:00+00:00,0.020110752
2091-07-31 00:00:00+00:00,0.21768175
2091-08-31 00:00:00+00:00,0.4120768
2091-09-30 00:00:00+00:00,0.15507726
2091-10-31 00:00:00+00:00,0.24532677
2091-11-30 00:00:00+00:00,0.3595452
2091-12-31 00:00:00+00:00,0.12434866
2092-01-31 00:00:00+00:00,0.48990422
2092-02-29 00:00:00+00:00,0.42339617
2092-03-31 00:00:00+00:00,0.20346487
2092-04-30 00:00:00+00:00,0.17047153
2092-05-31 00:00:00+00:00,0.0333179
2092-06-30 00:00:00+00:00,0.025808608
2092-07-31 00:00:00+00:00,0.38239947
2092-08-31 00:00:00+00:00,0.29248685
2092-09-30 00:00:00+00:00,0.23062812
2092-10-31 00:00:00+00:00,0.03564012
2092-11-30 00:00:00+00:00,0.10062076
2092-12-31 00:00:00+00:00,0.171695
2093-01-31 00:00:00+00:00,0.5957041
2093-02-28 00:00:00+00:00,1.4523394
2093-03-31 00:00:00+00:00,1.3760377
2093-04-30 00:00:00+00:00,0.99547315
2093-05-31 00:00:00+00:00,0.39525232
2093-06-30 00:00:00+00:00,0.15358315
2093-07-31 00:00:00+00:00,0.27818206
2093-08-31 00:00:00+00:00,0.6823651
2093-09-30 00:00:00+00:00,0.38092238
2093-10-31 00:00:00+00:00,0.025218192
2093-11-30 00:00:00+00:00,0.015329926
2093-12-31 00:00:00+00:00,0.19519828
2094-01-31 00:00:00+00:00,0.6388488
2094-02-28 00:00:00+00:00,0.70282626
2094-03-31 00:00:00+00:00,0.5759642
2094-04-30 00:00:00+00:00,0.712118
2094-05-31 00:00:00+00:00,0.2744289
2094-06-30 00:00:00+00:00,0.14023523
2094-07-31 00:00:00+00:00,0.14971213
2094-08-31 00:00:00+00:00,0.659893
2094-09-30 00:00:00+00:00,0.08623826
2094-10-31 00:00:00+00:00,0.1131545
2094-11-30 00:00:00+00:00,0.46738464
2094-12-31 00:00:00+00:00,0.5186081
2095-01-31 00:00:00+00:00,0.31037948
2095-02-28 00:00:00+00:00,0.7752369
2095-03-31 00:00:00+00:00,0.54445904
2095-04-30 00:00:00+00:00,0.54449487
2095-05-31 00:00:00+00:00,0.16280149
2095-06-30 00:00:00+00:00,0.10599006
2095-07-31 00:00:00+00:00,0.052991606
2095-08-31 00:00:00+00:00,0.24627307
2095-09-30 00:00:00+00:00,0.057845872
2095-10-31 00:00:00+00:00,0.02479183
2095-11-30 00:00:00+00:00,0.1372005
2095-12-31 00:00:00+00:00,0.115713805
2096-01-31 00:00:00+00:00,0.36486182
2096-02-29 00:00:00+00:00,0.7737335
2096-03-31 00:00:00+00:00,0.70902413
2096-04-30 00:00:00+00:00,0.2908366
2096-05-31 00:00:00+00:00,0.19450136
2096-06-30 00:00:00+00:00,0.05342052
2096-07-31 00:00:00+00:00,0.02207792
2096-08-31 00:00:00+00:00,0.25771388
2096-09-30 00:00:00+00:00,0.2568157
2096-10-31 00:00:00+00:00,0.13848943
2096-11-30 00:00:00+00:00,0.115851834
2096-12-31 00:00:00+00:00,0.35669005
2097-01-31 00:00:00+00:00,0.60384345
2097-02-28 00:00:00+00:00,0.89057046
2097-03-31 00:00:00+00:00,1.3658743
2097-04-30 00:00:00+00:00,1.0392164
2097-05-31 00:00:00+00:00,0.32266626
2097-06-30 00:00:00+00:00,0.0927964
2097-07-31 00:00:00+00:00,0.2424403
2097-08-31 00:00:00+00:00,0.6129238
2097-09-30 00:00:00+00:00,0.2648811
2097-10-31 00:00:00+00:00,0.013713664
2097-11-30 00:00:00+00:00,0.12813905
2097-12-31 00:00:00+00:00,0.2708037
2098-01-31 00:00:00+00:00,0.45527032
2098-02-28 00:00:00+00:00,1.004076
2098-03-31 00:00:00+00:00,0.9272662
2098-04-30 00:00:00+00:00,0.66842365
2098-05-31 00:00:00+00:00,0.4903738
2098-06-30 00:00:00+00:00,0.23168951
2098-07-31 00:00:00+00:00,0.45230016
2098-08-31 00:00:00+00:00,0.27189675
2098-09-30 00:00:00+00:00,0.5202058
2098-10-31 00:00:00+00:00,0.11556303
2098-11-30 00:00:00+00:00,0.14680588
2098-12-31 00:00:00+00:00,0.6189407
2099-01-31 00:00:00+00:00,0.26505554
2099-02-28 00:00:00+00:00,0.9752531
2099-03-31 00:00:00+00:00,0.8335029
2099-04-30 00:00:00+00:00,0.5063202
2099-05-31 00:00:00+00:00,0.24052654
2099-06-30 00:00:00+00:00,0.072951525
2099-07-31 00:00:00+00:00,0.12826897
2099-08-31 00:00:00+00:00,0.4423768
2099-09-30 00:00:00+00:00,0.45359203
2099-10-31 00:00:00+00:00,0.02480119
2099-11-30 00:00:00+00:00,0.031678133
2099-12-31 00:00:00+00:00,0.031687073
