time,swe_month_CanESM2_rcp85
2006-01-31 00:00:00+00:00,2.118969
2006-02-28 00:00:00+00:00,2.401395
2006-03-31 00:00:00+00:00,1.0253569
2006-04-30 00:00:00+00:00,0.40462115
2006-05-31 00:00:00+00:00,0.27266014
2006-06-30 00:00:00+00:00,0.060545404
2006-07-31 00:00:00+00:00,0.0007128673
2006-08-31 00:00:00+00:00,0.0
2006-09-30 00:00:00+00:00,0.0
2006-10-31 00:00:00+00:00,4.277514e-05
2006-11-30 00:00:00+00:00,0.0026088757
2006-12-31 00:00:00+00:00,0.003236271
2007-01-31 00:00:00+00:00,0.0030527764
2007-02-28 00:00:00+00:00,0.38211462
2007-03-31 00:00:00+00:00,0.45946705
2007-04-30 00:00:00+00:00,0.11134313
2007-05-31 00:00:00+00:00,0.008367071
2007-06-30 00:00:00+00:00,0.0
2007-07-31 00:00:00+00:00,0.0
2007-08-31 00:00:00+00:00,0.0
2007-09-30 00:00:00+00:00,0.0
2007-10-31 00:00:00+00:00,0.0068247025
2007-11-30 00:00:00+00:00,0.048356473
2007-12-31 00:00:00+00:00,9.5199786e-05
2008-01-31 00:00:00+00:00,0.22756884
2008-02-29 00:00:00+00:00,0.29275352
2008-03-31 00:00:00+00:00,0.049745176
2008-04-30 00:00:00+00:00,0.0064224154
2008-05-31 00:00:00+00:00,8.87427e-05
2008-06-30 00:00:00+00:00,0.0
2008-07-31 00:00:00+00:00,0.0
2008-08-31 00:00:00+00:00,0.0
2008-09-30 00:00:00+00:00,2.5899245e-08
2008-10-31 00:00:00+00:00,0.0017090421
2008-11-30 00:00:00+00:00,0.024808958
2008-12-31 00:00:00+00:00,0.2945736
2009-01-31 00:00:00+00:00,0.44652134
2009-02-28 00:00:00+00:00,0.9085723
2009-03-31 00:00:00+00:00,0.5378866
2009-04-30 00:00:00+00:00,0.7201911
2009-05-31 00:00:00+00:00,0.37517178
2009-06-30 00:00:00+00:00,0.06360545
2009-07-31 00:00:00+00:00,0.00011803902
2009-08-31 00:00:00+00:00,0.0
2009-09-30 00:00:00+00:00,0.0
2009-10-31 00:00:00+00:00,0.0
2009-11-30 00:00:00+00:00,0.07348372
2009-12-31 00:00:00+00:00,0.33696064
2010-01-31 00:00:00+00:00,3.974647
2010-02-28 00:00:00+00:00,6.9262505
2010-03-31 00:00:00+00:00,6.850653
2010-04-30 00:00:00+00:00,3.17838
2010-05-31 00:00:00+00:00,1.2035416
2010-06-30 00:00:00+00:00,0.3793328
2010-07-31 00:00:00+00:00,0.08290444
2010-08-31 00:00:00+00:00,0.00014276066
2010-09-30 00:00:00+00:00,0.0
2010-10-31 00:00:00+00:00,0.00023689582
2010-11-30 00:00:00+00:00,0.07251977
2010-12-31 00:00:00+00:00,0.12899096
2011-01-31 00:00:00+00:00,0.11260207
2011-02-28 00:00:00+00:00,0.6185584
2011-03-31 00:00:00+00:00,2.9254446
2011-04-30 00:00:00+00:00,0.5059563
2011-05-31 00:00:00+00:00,0.3535919
2011-06-30 00:00:00+00:00,0.13450615
2011-07-31 00:00:00+00:00,0.010046687
2011-08-31 00:00:00+00:00,0.0
2011-09-30 00:00:00+00:00,0.0
2011-10-31 00:00:00+00:00,0.0
2011-11-30 00:00:00+00:00,0.0022465785
2011-12-31 00:00:00+00:00,7.234998e-07
2012-01-31 00:00:00+00:00,1.421087
2012-02-29 00:00:00+00:00,1.249638
2012-03-31 00:00:00+00:00,0.62208205
2012-04-30 00:00:00+00:00,0.2515833
2012-05-31 00:00:00+00:00,0.029393464
2012-06-30 00:00:00+00:00,8.786066e-08
2012-07-31 00:00:00+00:00,0.0
2012-08-31 00:00:00+00:00,0.0
2012-09-30 00:00:00+00:00,0.0
2012-10-31 00:00:00+00:00,0.015659887
2012-11-30 00:00:00+00:00,0.03809325
2012-12-31 00:00:00+00:00,0.16605605
2013-01-31 00:00:00+00:00,0.210402
2013-02-28 00:00:00+00:00,0.15221813
2013-03-31 00:00:00+00:00,0.53210294
2013-04-30 00:00:00+00:00,0.16789146
2013-05-31 00:00:00+00:00,0.047060028
2013-06-30 00:00:00+00:00,0.0016905699
2013-07-31 00:00:00+00:00,0.0
2013-08-31 00:00:00+00:00,0.0
2013-09-30 00:00:00+00:00,0.0
2013-10-31 00:00:00+00:00,7.879289e-05
2013-11-30 00:00:00+00:00,0.002598933
2013-12-31 00:00:00+00:00,0.65942514
2014-01-31 00:00:00+00:00,1.8559301
2014-02-28 00:00:00+00:00,2.2804663
2014-03-31 00:00:00+00:00,2.2592452
2014-04-30 00:00:00+00:00,1.0729654
2014-05-31 00:00:00+00:00,0.18420568
2014-06-30 00:00:00+00:00,0.006690668
2014-07-31 00:00:00+00:00,0.0
2014-08-31 00:00:00+00:00,0.0
2014-09-30 00:00:00+00:00,0.0
2014-10-31 00:00:00+00:00,0.00029595906
2014-11-30 00:00:00+00:00,0.087668605
2014-12-31 00:00:00+00:00,0.4243531
2015-01-31 00:00:00+00:00,0.63910544
2015-02-28 00:00:00+00:00,1.810851
2015-03-31 00:00:00+00:00,0.855036
2015-04-30 00:00:00+00:00,0.7077745
2015-05-31 00:00:00+00:00,0.13547987
2015-06-30 00:00:00+00:00,0.007920666
2015-07-31 00:00:00+00:00,0.0
2015-08-31 00:00:00+00:00,0.0
2015-09-30 00:00:00+00:00,2.1946826e-06
2015-10-31 00:00:00+00:00,0.0
2015-11-30 00:00:00+00:00,0.03453355
2015-12-31 00:00:00+00:00,0.02741386
2016-01-31 00:00:00+00:00,1.4858701
2016-02-29 00:00:00+00:00,4.627159
2016-03-31 00:00:00+00:00,11.930925
2016-04-30 00:00:00+00:00,5.2024493
2016-05-31 00:00:00+00:00,1.41834
2016-06-30 00:00:00+00:00,0.3525271
2016-07-31 00:00:00+00:00,0.066577256
2016-08-31 00:00:00+00:00,5.9533395e-06
2016-09-30 00:00:00+00:00,0.0
2016-10-31 00:00:00+00:00,1.1211285e-05
2016-11-30 00:00:00+00:00,0.7778852
2016-12-31 00:00:00+00:00,1.1370851
2017-01-31 00:00:00+00:00,1.7392676
2017-02-28 00:00:00+00:00,1.3622001
2017-03-31 00:00:00+00:00,1.905754
2017-04-30 00:00:00+00:00,1.6833826
2017-05-31 00:00:00+00:00,0.48030037
2017-06-30 00:00:00+00:00,0.08646213
2017-07-31 00:00:00+00:00,0.0034008638
2017-08-31 00:00:00+00:00,0.0
2017-09-30 00:00:00+00:00,0.0
2017-10-31 00:00:00+00:00,0.0
2017-11-30 00:00:00+00:00,0.00952908
2017-12-31 00:00:00+00:00,0.3966509
2018-01-31 00:00:00+00:00,0.9303952
2018-02-28 00:00:00+00:00,1.1263887
2018-03-31 00:00:00+00:00,0.6387048
2018-04-30 00:00:00+00:00,0.3187977
2018-05-31 00:00:00+00:00,0.05734189
2018-06-30 00:00:00+00:00,0.010226669
2018-07-31 00:00:00+00:00,0.0
2018-08-31 00:00:00+00:00,0.0
2018-09-30 00:00:00+00:00,0.0
2018-10-31 00:00:00+00:00,0.0
2018-11-30 00:00:00+00:00,0.0
2018-12-31 00:00:00+00:00,0.00015339736
2019-01-31 00:00:00+00:00,0.14032654
2019-02-28 00:00:00+00:00,0.33032018
2019-03-31 00:00:00+00:00,0.04750384
2019-04-30 00:00:00+00:00,0.0044352016
2019-05-31 00:00:00+00:00,0.0
2019-06-30 00:00:00+00:00,0.0
2019-07-31 00:00:00+00:00,0.0
2019-08-31 00:00:00+00:00,0.0
2019-09-30 00:00:00+00:00,0.0
2019-10-31 00:00:00+00:00,0.0
2019-11-30 00:00:00+00:00,0.026872424
2019-12-31 00:00:00+00:00,0.16774021
2020-01-31 00:00:00+00:00,0.98874027
2020-02-29 00:00:00+00:00,1.4225352
2020-03-31 00:00:00+00:00,1.6744235
2020-04-30 00:00:00+00:00,0.24715868
2020-05-31 00:00:00+00:00,0.034557585
2020-06-30 00:00:00+00:00,0.00039628352
2020-07-31 00:00:00+00:00,0.0
2020-08-31 00:00:00+00:00,0.0
2020-09-30 00:00:00+00:00,0.0
2020-10-31 00:00:00+00:00,0.0
2020-11-30 00:00:00+00:00,0.066971146
2020-12-31 00:00:00+00:00,0.29856703
2021-01-31 00:00:00+00:00,0.83082116
2021-02-28 00:00:00+00:00,1.4701232
2021-03-31 00:00:00+00:00,1.1427759
2021-04-30 00:00:00+00:00,0.26121545
2021-05-31 00:00:00+00:00,0.061319202
2021-06-30 00:00:00+00:00,0.009691359
2021-07-31 00:00:00+00:00,0.0
2021-08-31 00:00:00+00:00,0.0
2021-09-30 00:00:00+00:00,0.0
2021-10-31 00:00:00+00:00,6.825604e-05
2021-11-30 00:00:00+00:00,0.021891737
2021-12-31 00:00:00+00:00,0.12500496
2022-01-31 00:00:00+00:00,0.38406008
2022-02-28 00:00:00+00:00,0.17150298
2022-03-31 00:00:00+00:00,0.3752327
2022-04-30 00:00:00+00:00,0.3234534
2022-05-31 00:00:00+00:00,0.106042564
2022-06-30 00:00:00+00:00,0.005515323
2022-07-31 00:00:00+00:00,0.0
2022-08-31 00:00:00+00:00,0.0
2022-09-30 00:00:00+00:00,0.0
2022-10-31 00:00:00+00:00,0.0
2022-11-30 00:00:00+00:00,0.00030237582
2022-12-31 00:00:00+00:00,0.20407976
2023-01-31 00:00:00+00:00,0.41744527
2023-02-28 00:00:00+00:00,0.42124993
2023-03-31 00:00:00+00:00,0.3946802
2023-04-30 00:00:00+00:00,0.19251756
2023-05-31 00:00:00+00:00,0.029886924
2023-06-30 00:00:00+00:00,3.865032e-06
2023-07-31 00:00:00+00:00,0.0
2023-08-31 00:00:00+00:00,0.0
2023-09-30 00:00:00+00:00,0.0
2023-10-31 00:00:00+00:00,0.0004557248
2023-11-30 00:00:00+00:00,0.08349354
2023-12-31 00:00:00+00:00,0.103476256
2024-01-31 00:00:00+00:00,0.080989294
2024-02-29 00:00:00+00:00,0.26491317
2024-03-31 00:00:00+00:00,0.05760866
2024-04-30 00:00:00+00:00,0.0030406716
2024-05-31 00:00:00+00:00,0.0
2024-06-30 00:00:00+00:00,0.0
2024-07-31 00:00:00+00:00,0.0
2024-08-31 00:00:00+00:00,0.0
2024-09-30 00:00:00+00:00,0.0
2024-10-31 00:00:00+00:00,0.0003870648
2024-11-30 00:00:00+00:00,0.008919659
2024-12-31 00:00:00+00:00,0.19507284
2025-01-31 00:00:00+00:00,6.8424354
2025-02-28 00:00:00+00:00,6.06427
2025-03-31 00:00:00+00:00,5.5093737
2025-04-30 00:00:00+00:00,3.9891942
2025-05-31 00:00:00+00:00,1.2572478
2025-06-30 00:00:00+00:00,0.15113099
2025-07-31 00:00:00+00:00,0.006522016
2025-08-31 00:00:00+00:00,0.0
2025-09-30 00:00:00+00:00,0.0
2025-10-31 00:00:00+00:00,0.0
2025-11-30 00:00:00+00:00,0.0027904143
2025-12-31 00:00:00+00:00,0.020224558
2026-01-31 00:00:00+00:00,1.3069096
2026-02-28 00:00:00+00:00,1.4834826
2026-03-31 00:00:00+00:00,0.44196668
2026-04-30 00:00:00+00:00,0.09574031
2026-05-31 00:00:00+00:00,0.022233447
2026-06-30 00:00:00+00:00,0.0
2026-07-31 00:00:00+00:00,0.0
2026-08-31 00:00:00+00:00,0.0
2026-09-30 00:00:00+00:00,0.0
2026-10-31 00:00:00+00:00,0.013401051
2026-11-30 00:00:00+00:00,0.98531705
2026-12-31 00:00:00+00:00,0.849489
2027-01-31 00:00:00+00:00,0.91236264
2027-02-28 00:00:00+00:00,3.2835655
2027-03-31 00:00:00+00:00,6.180592
2027-04-30 00:00:00+00:00,6.1487594
2027-05-31 00:00:00+00:00,3.9422965
2027-06-30 00:00:00+00:00,1.5888724
2027-07-31 00:00:00+00:00,0.39655367
2027-08-31 00:00:00+00:00,0.07224137
2027-09-30 00:00:00+00:00,7.0507536e-05
2027-10-31 00:00:00+00:00,0.000418776
2027-11-30 00:00:00+00:00,0.11756183
2027-12-31 00:00:00+00:00,0.95876676
2028-01-31 00:00:00+00:00,1.4398346
2028-02-29 00:00:00+00:00,0.66751516
2028-03-31 00:00:00+00:00,0.2809801
2028-04-30 00:00:00+00:00,0.058091283
2028-05-31 00:00:00+00:00,0.0029383055
2028-06-30 00:00:00+00:00,0.0
2028-07-31 00:00:00+00:00,0.0
2028-08-31 00:00:00+00:00,0.0
2028-09-30 00:00:00+00:00,0.0
2028-10-31 00:00:00+00:00,0.0017268445
2028-11-30 00:00:00+00:00,2.5091017e-06
2028-12-31 00:00:00+00:00,0.21796273
2029-01-31 00:00:00+00:00,0.17488058
2029-02-28 00:00:00+00:00,0.01143407
2029-03-31 00:00:00+00:00,0.08457963
2029-04-30 00:00:00+00:00,9.760452e-06
2029-05-31 00:00:00+00:00,0.00021870012
2029-06-30 00:00:00+00:00,0.0
2029-07-31 00:00:00+00:00,0.0
2029-08-31 00:00:00+00:00,0.0
2029-09-30 00:00:00+00:00,0.0
2029-10-31 00:00:00+00:00,0.00026605057
2029-11-30 00:00:00+00:00,0.00017276032
2029-12-31 00:00:00+00:00,0.056531627
2030-01-31 00:00:00+00:00,2.545825
2030-02-28 00:00:00+00:00,3.9266267
2030-03-31 00:00:00+00:00,2.7441998
2030-04-30 00:00:00+00:00,0.5929784
2030-05-31 00:00:00+00:00,0.17212111
2030-06-30 00:00:00+00:00,0.025699198
2030-07-31 00:00:00+00:00,0.0
2030-08-31 00:00:00+00:00,0.0
2030-09-30 00:00:00+00:00,0.0
2030-10-31 00:00:00+00:00,0.0037756353
2030-11-30 00:00:00+00:00,0.0038782437
2030-12-31 00:00:00+00:00,0.07200624
2031-01-31 00:00:00+00:00,0.12276674
2031-02-28 00:00:00+00:00,0.42087314
2031-03-31 00:00:00+00:00,0.55367136
2031-04-30 00:00:00+00:00,0.3789585
2031-05-31 00:00:00+00:00,0.369235
2031-06-30 00:00:00+00:00,0.044189315
2031-07-31 00:00:00+00:00,0.0
2031-08-31 00:00:00+00:00,0.0
2031-09-30 00:00:00+00:00,0.0
2031-10-31 00:00:00+00:00,0.0
2031-11-30 00:00:00+00:00,0.44648257
2031-12-31 00:00:00+00:00,0.57931066
2032-01-31 00:00:00+00:00,2.1323986
2032-02-29 00:00:00+00:00,6.187692
2032-03-31 00:00:00+00:00,6.370232
2032-04-30 00:00:00+00:00,2.8025026
2032-05-31 00:00:00+00:00,1.1517704
2032-06-30 00:00:00+00:00,0.4680712
2032-07-31 00:00:00+00:00,0.14138174
2032-08-31 00:00:00+00:00,0.009916875
2032-09-30 00:00:00+00:00,0.0
2032-10-31 00:00:00+00:00,0.00043076594
2032-11-30 00:00:00+00:00,0.026621455
2032-12-31 00:00:00+00:00,0.0031257987
2033-01-31 00:00:00+00:00,0.93279546
2033-02-28 00:00:00+00:00,2.8503692
2033-03-31 00:00:00+00:00,1.4822907
2033-04-30 00:00:00+00:00,0.7876021
2033-05-31 00:00:00+00:00,0.2920487
2033-06-30 00:00:00+00:00,0.044275198
2033-07-31 00:00:00+00:00,0.0
2033-08-31 00:00:00+00:00,0.0
2033-09-30 00:00:00+00:00,0.0
2033-10-31 00:00:00+00:00,0.0
2033-11-30 00:00:00+00:00,2.3872852e-07
2033-12-31 00:00:00+00:00,0.011208087
2034-01-31 00:00:00+00:00,3.5375528e-05
2034-02-28 00:00:00+00:00,0.30488786
2034-03-31 00:00:00+00:00,0.01741301
2034-04-30 00:00:00+00:00,0.1983519
2034-05-31 00:00:00+00:00,0.00014719038
2034-06-30 00:00:00+00:00,0.0
2034-07-31 00:00:00+00:00,0.0
2034-08-31 00:00:00+00:00,0.0
2034-09-30 00:00:00+00:00,0.0
2034-10-31 00:00:00+00:00,0.0
2034-11-30 00:00:00+00:00,0.001053178
2034-12-31 00:00:00+00:00,0.06257772
2035-01-31 00:00:00+00:00,1.3969519
2035-02-28 00:00:00+00:00,4.0086594
2035-03-31 00:00:00+00:00,5.9892054
2035-04-30 00:00:00+00:00,2.6472285
2035-05-31 00:00:00+00:00,0.46016398
2035-06-30 00:00:00+00:00,0.047835242
2035-07-31 00:00:00+00:00,0.0
2035-08-31 00:00:00+00:00,0.0
2035-09-30 00:00:00+00:00,0.0
2035-10-31 00:00:00+00:00,0.00035393535
2035-11-30 00:00:00+00:00,0.034192942
2035-12-31 00:00:00+00:00,0.0024586534
2036-01-31 00:00:00+00:00,0.000101268015
2036-02-29 00:00:00+00:00,0.1759188
2036-03-31 00:00:00+00:00,0.38416597
2036-04-30 00:00:00+00:00,0.0071100737
2036-05-31 00:00:00+00:00,0.0
2036-06-30 00:00:00+00:00,0.0
2036-07-31 00:00:00+00:00,0.0
2036-08-31 00:00:00+00:00,0.0
2036-09-30 00:00:00+00:00,0.0
2036-10-31 00:00:00+00:00,0.00034638442
2036-11-30 00:00:00+00:00,1.4872547e-06
2036-12-31 00:00:00+00:00,0.00056234235
2037-01-31 00:00:00+00:00,0.0029227904
2037-02-28 00:00:00+00:00,0.87115407
2037-03-31 00:00:00+00:00,0.8899414
2037-04-30 00:00:00+00:00,0.4280359
2037-05-31 00:00:00+00:00,0.1212285
2037-06-30 00:00:00+00:00,0.002495955
2037-07-31 00:00:00+00:00,0.0
2037-08-31 00:00:00+00:00,0.0
2037-09-30 00:00:00+00:00,0.0
2037-10-31 00:00:00+00:00,0.02008771
2037-11-30 00:00:00+00:00,0.07625315
2037-12-31 00:00:00+00:00,0.022644868
2038-01-31 00:00:00+00:00,0.5835639
2038-02-28 00:00:00+00:00,1.6223433
2038-03-31 00:00:00+00:00,1.8008631
2038-04-30 00:00:00+00:00,0.38229424
2038-05-31 00:00:00+00:00,0.086343065
2038-06-30 00:00:00+00:00,0.012138461
2038-07-31 00:00:00+00:00,0.0
2038-08-31 00:00:00+00:00,0.0
2038-09-30 00:00:00+00:00,0.0
2038-10-31 00:00:00+00:00,0.0
2038-11-30 00:00:00+00:00,0.19122435
2038-12-31 00:00:00+00:00,0.052351862
2039-01-31 00:00:00+00:00,1.423903
2039-02-28 00:00:00+00:00,0.94452167
2039-03-31 00:00:00+00:00,0.38845778
2039-04-30 00:00:00+00:00,0.18796039
2039-05-31 00:00:00+00:00,0.03350735
2039-06-30 00:00:00+00:00,0.0009250845
2039-07-31 00:00:00+00:00,0.0
2039-08-31 00:00:00+00:00,0.0
2039-09-30 00:00:00+00:00,0.0
2039-10-31 00:00:00+00:00,0.0
2039-11-30 00:00:00+00:00,0.0008286483
2039-12-31 00:00:00+00:00,0.0
2040-01-31 00:00:00+00:00,0.36475515
2040-02-29 00:00:00+00:00,0.30768573
2040-03-31 00:00:00+00:00,0.70678484
2040-04-30 00:00:00+00:00,0.17095706
2040-05-31 00:00:00+00:00,0.01998108
2040-06-30 00:00:00+00:00,0.0
2040-07-31 00:00:00+00:00,0.0
2040-08-31 00:00:00+00:00,0.0
2040-09-30 00:00:00+00:00,0.0
2040-10-31 00:00:00+00:00,0.0
2040-11-30 00:00:00+00:00,0.008613748
2040-12-31 00:00:00+00:00,0.42084005
2041-01-31 00:00:00+00:00,0.39574128
2041-02-28 00:00:00+00:00,1.5534574
2041-03-31 00:00:00+00:00,1.7116629
2041-04-30 00:00:00+00:00,0.3557857
2041-05-31 00:00:00+00:00,0.10416323
2041-06-30 00:00:00+00:00,0.009906246
2041-07-31 00:00:00+00:00,0.0
2041-08-31 00:00:00+00:00,0.0
2041-09-30 00:00:00+00:00,0.0
2041-10-31 00:00:00+00:00,0.0
2041-11-30 00:00:00+00:00,0.00041105776
2041-12-31 00:00:00+00:00,0.008109521
2042-01-31 00:00:00+00:00,0.6733654
2042-02-28 00:00:00+00:00,2.5381622
2042-03-31 00:00:00+00:00,1.9113826
2042-04-30 00:00:00+00:00,0.38227242
2042-05-31 00:00:00+00:00,0.10952752
2042-06-30 00:00:00+00:00,0.027978266
2042-07-31 00:00:00+00:00,0.0
2042-08-31 00:00:00+00:00,0.0
2042-09-30 00:00:00+00:00,0.0
2042-10-31 00:00:00+00:00,1.731398e-05
2042-11-30 00:00:00+00:00,0.00080448797
2042-12-31 00:00:00+00:00,0.010125049
2043-01-31 00:00:00+00:00,0.00073631265
2043-02-28 00:00:00+00:00,0.02872666
2043-03-31 00:00:00+00:00,0.066292115
2043-04-30 00:00:00+00:00,0.0
2043-05-31 00:00:00+00:00,0.0
2043-06-30 00:00:00+00:00,0.0
2043-07-31 00:00:00+00:00,0.0
2043-08-31 00:00:00+00:00,0.0
2043-09-30 00:00:00+00:00,0.0
2043-10-31 00:00:00+00:00,0.0
2043-11-30 00:00:00+00:00,0.00067812623
2043-12-31 00:00:00+00:00,0.0043093213
2044-01-31 00:00:00+00:00,0.00028026817
2044-02-29 00:00:00+00:00,0.12829764
2044-03-31 00:00:00+00:00,0.05029176
2044-04-30 00:00:00+00:00,0.008883518
2044-05-31 00:00:00+00:00,3.0646797e-07
2044-06-30 00:00:00+00:00,0.0
2044-07-31 00:00:00+00:00,0.0
2044-08-31 00:00:00+00:00,0.0
2044-09-30 00:00:00+00:00,0.0
2044-10-31 00:00:00+00:00,9.7916905e-05
2044-11-30 00:00:00+00:00,6.918276e-05
2044-12-31 00:00:00+00:00,1.8782928
2045-01-31 00:00:00+00:00,8.981026
2045-02-28 00:00:00+00:00,12.554508
2045-03-31 00:00:00+00:00,7.059867
2045-04-30 00:00:00+00:00,3.2288587
2045-05-31 00:00:00+00:00,1.4109125
2045-06-30 00:00:00+00:00,0.44385165
2045-07-31 00:00:00+00:00,0.063760124
2045-08-31 00:00:00+00:00,0.0
2045-09-30 00:00:00+00:00,0.0
2045-10-31 00:00:00+00:00,0.00018689282
2045-11-30 00:00:00+00:00,0.07506644
2045-12-31 00:00:00+00:00,0.0069585503
2046-01-31 00:00:00+00:00,0.11418762
2046-02-28 00:00:00+00:00,0.2293476
2046-03-31 00:00:00+00:00,0.050779168
2046-04-30 00:00:00+00:00,0.030749155
2046-05-31 00:00:00+00:00,0.0015221066
2046-06-30 00:00:00+00:00,0.0
2046-07-31 00:00:00+00:00,0.0
2046-08-31 00:00:00+00:00,0.0
2046-09-30 00:00:00+00:00,0.0
2046-10-31 00:00:00+00:00,1.0678414e-06
2046-11-30 00:00:00+00:00,0.0
2046-12-31 00:00:00+00:00,0.9843286
2047-01-31 00:00:00+00:00,0.5082167
2047-02-28 00:00:00+00:00,0.518259
2047-03-31 00:00:00+00:00,0.5765912
2047-04-30 00:00:00+00:00,0.077125855
2047-05-31 00:00:00+00:00,0.01557437
2047-06-30 00:00:00+00:00,0.00091923017
2047-07-31 00:00:00+00:00,0.0
2047-08-31 00:00:00+00:00,0.0
2047-09-30 00:00:00+00:00,0.0
2047-10-31 00:00:00+00:00,0.0
2047-11-30 00:00:00+00:00,0.0
2047-12-31 00:00:00+00:00,0.31551698
2048-01-31 00:00:00+00:00,2.2466435
2048-02-29 00:00:00+00:00,3.3604608
2048-03-31 00:00:00+00:00,6.3680024
2048-04-30 00:00:00+00:00,2.5634608
2048-05-31 00:00:00+00:00,1.339116
2048-06-30 00:00:00+00:00,0.45707974
2048-07-31 00:00:00+00:00,0.07781541
2048-08-31 00:00:00+00:00,0.0
2048-09-30 00:00:00+00:00,0.0
2048-10-31 00:00:00+00:00,0.0
2048-11-30 00:00:00+00:00,0.020456716
2048-12-31 00:00:00+00:00,0.013588709
2049-01-31 00:00:00+00:00,0.005439734
2049-02-28 00:00:00+00:00,0.123638734
2049-03-31 00:00:00+00:00,0.111242324
2049-04-30 00:00:00+00:00,0.24290465
2049-05-31 00:00:00+00:00,0.025259152
2049-06-30 00:00:00+00:00,2.8707947e-07
2049-07-31 00:00:00+00:00,0.0
2049-08-31 00:00:00+00:00,0.0
2049-09-30 00:00:00+00:00,0.0
2049-10-31 00:00:00+00:00,8.758989e-05
2049-11-30 00:00:00+00:00,0.00053408643
2049-12-31 00:00:00+00:00,0.030980097
2050-01-31 00:00:00+00:00,0.21825497
2050-02-28 00:00:00+00:00,1.6949941
2050-03-31 00:00:00+00:00,1.5324756
2050-04-30 00:00:00+00:00,0.4549529
2050-05-31 00:00:00+00:00,0.13187341
2050-06-30 00:00:00+00:00,0.016769443
2050-07-31 00:00:00+00:00,0.0
2050-08-31 00:00:00+00:00,0.0
2050-09-30 00:00:00+00:00,0.0
2050-10-31 00:00:00+00:00,0.0006049784
2050-11-30 00:00:00+00:00,0.008391889
2050-12-31 00:00:00+00:00,0.016240159
2051-01-31 00:00:00+00:00,0.002244845
2051-02-28 00:00:00+00:00,0.23630764
2051-03-31 00:00:00+00:00,0.11972494
2051-04-30 00:00:00+00:00,0.0036279953
2051-05-31 00:00:00+00:00,0.00040950527
2051-06-30 00:00:00+00:00,0.0
2051-07-31 00:00:00+00:00,0.0
2051-08-31 00:00:00+00:00,0.0
2051-09-30 00:00:00+00:00,0.0
2051-10-31 00:00:00+00:00,0.0
2051-11-30 00:00:00+00:00,2.2959705e-06
2051-12-31 00:00:00+00:00,0.08541018
2052-01-31 00:00:00+00:00,0.5900446
2052-02-29 00:00:00+00:00,1.0971577
2052-03-31 00:00:00+00:00,0.69964826
2052-04-30 00:00:00+00:00,0.1264216
2052-05-31 00:00:00+00:00,0.018382467
2052-06-30 00:00:00+00:00,0.0
2052-07-31 00:00:00+00:00,0.0
2052-08-31 00:00:00+00:00,0.0
2052-09-30 00:00:00+00:00,0.0
2052-10-31 00:00:00+00:00,0.0
2052-11-30 00:00:00+00:00,0.0024921263
2052-12-31 00:00:00+00:00,0.028213892
2053-01-31 00:00:00+00:00,0.12130888
2053-02-28 00:00:00+00:00,0.12656482
2053-03-31 00:00:00+00:00,0.23205532
2053-04-30 00:00:00+00:00,0.024499213
2053-05-31 00:00:00+00:00,6.8584464e-05
2053-06-30 00:00:00+00:00,0.0
2053-07-31 00:00:00+00:00,0.0
2053-08-31 00:00:00+00:00,0.0
2053-09-30 00:00:00+00:00,0.0
2053-10-31 00:00:00+00:00,0.00010273122
2053-11-30 00:00:00+00:00,4.1442272e-05
2053-12-31 00:00:00+00:00,0.54647
2054-01-31 00:00:00+00:00,4.617814
2054-02-28 00:00:00+00:00,0.9477674
2054-03-31 00:00:00+00:00,0.20429538
2054-04-30 00:00:00+00:00,0.010818365
2054-05-31 00:00:00+00:00,4.8110396e-05
2054-06-30 00:00:00+00:00,0.0
2054-07-31 00:00:00+00:00,0.0
2054-08-31 00:00:00+00:00,0.0
2054-09-30 00:00:00+00:00,0.0
2054-10-31 00:00:00+00:00,0.0
2054-11-30 00:00:00+00:00,0.012117793
2054-12-31 00:00:00+00:00,0.0053668427
2055-01-31 00:00:00+00:00,0.23623852
2055-02-28 00:00:00+00:00,1.0915424
2055-03-31 00:00:00+00:00,0.65871406
2055-04-30 00:00:00+00:00,0.22740543
2055-05-31 00:00:00+00:00,0.07224435
2055-06-30 00:00:00+00:00,0.008620582
2055-07-31 00:00:00+00:00,0.0
2055-08-31 00:00:00+00:00,0.0
2055-09-30 00:00:00+00:00,0.0
2055-10-31 00:00:00+00:00,7.352738e-05
2055-11-30 00:00:00+00:00,0.010507603
2055-12-31 00:00:00+00:00,0.343365
2056-01-31 00:00:00+00:00,0.32936803
2056-02-29 00:00:00+00:00,1.2321779
2056-03-31 00:00:00+00:00,0.114176214
2056-04-30 00:00:00+00:00,0.043259583
2056-05-31 00:00:00+00:00,0.0032529668
2056-06-30 00:00:00+00:00,0.0
2056-07-31 00:00:00+00:00,0.0
2056-08-31 00:00:00+00:00,0.0
2056-09-30 00:00:00+00:00,0.0
2056-10-31 00:00:00+00:00,8.94909e-06
2056-11-30 00:00:00+00:00,0.69745725
2056-12-31 00:00:00+00:00,2.405499
2057-01-31 00:00:00+00:00,1.840666
2057-02-28 00:00:00+00:00,1.1584467
2057-03-31 00:00:00+00:00,0.39517838
2057-04-30 00:00:00+00:00,0.10780748
2057-05-31 00:00:00+00:00,0.022170305
2057-06-30 00:00:00+00:00,0.00019499
2057-07-31 00:00:00+00:00,0.0
2057-08-31 00:00:00+00:00,0.0
2057-09-30 00:00:00+00:00,0.0
2057-10-31 00:00:00+00:00,3.0403083e-08
2057-11-30 00:00:00+00:00,3.8296466e-07
2057-12-31 00:00:00+00:00,0.06838939
2058-01-31 00:00:00+00:00,0.8585298
2058-02-28 00:00:00+00:00,2.4348338
2058-03-31 00:00:00+00:00,1.2587702
2058-04-30 00:00:00+00:00,0.42656875
2058-05-31 00:00:00+00:00,0.12088471
2058-06-30 00:00:00+00:00,0.029059848
2058-07-31 00:00:00+00:00,0.0
2058-08-31 00:00:00+00:00,0.0
2058-09-30 00:00:00+00:00,0.0
2058-10-31 00:00:00+00:00,0.0
2058-11-30 00:00:00+00:00,0.00014902523
2058-12-31 00:00:00+00:00,0.024915349
2059-01-31 00:00:00+00:00,0.47760275
2059-02-28 00:00:00+00:00,0.49463487
2059-03-31 00:00:00+00:00,0.32861358
2059-04-30 00:00:00+00:00,0.278817
2059-05-31 00:00:00+00:00,0.06906477
2059-06-30 00:00:00+00:00,0.0029876383
2059-07-31 00:00:00+00:00,0.0
2059-08-31 00:00:00+00:00,0.0
2059-09-30 00:00:00+00:00,0.0
2059-10-31 00:00:00+00:00,0.00045198202
2059-11-30 00:00:00+00:00,0.00020835646
2059-12-31 00:00:00+00:00,0.42459312
2060-01-31 00:00:00+00:00,0.34397626
2060-02-29 00:00:00+00:00,1.5774428
2060-03-31 00:00:00+00:00,2.8688505
2060-04-30 00:00:00+00:00,0.55630934
2060-05-31 00:00:00+00:00,0.16824396
2060-06-30 00:00:00+00:00,0.03421185
2060-07-31 00:00:00+00:00,0.0
2060-08-31 00:00:00+00:00,0.0
2060-09-30 00:00:00+00:00,0.0
2060-10-31 00:00:00+00:00,0.0
2060-11-30 00:00:00+00:00,0.010152626
2060-12-31 00:00:00+00:00,0.19605196
2061-01-31 00:00:00+00:00,0.23751238
2061-02-28 00:00:00+00:00,1.0292643
2061-03-31 00:00:00+00:00,0.7656995
2061-04-30 00:00:00+00:00,0.21343291
2061-05-31 00:00:00+00:00,0.15836969
2061-06-30 00:00:00+00:00,0.008589011
2061-07-31 00:00:00+00:00,0.0
2061-08-31 00:00:00+00:00,0.0
2061-09-30 00:00:00+00:00,0.0
2061-10-31 00:00:00+00:00,0.0
2061-11-30 00:00:00+00:00,0.0010945438
2061-12-31 00:00:00+00:00,0.2265451
2062-01-31 00:00:00+00:00,0.6326592
2062-02-28 00:00:00+00:00,2.0294735
2062-03-31 00:00:00+00:00,2.178567
2062-04-30 00:00:00+00:00,1.0582168
2062-05-31 00:00:00+00:00,0.3875676
2062-06-30 00:00:00+00:00,0.10166842
2062-07-31 00:00:00+00:00,0.00061492657
2062-08-31 00:00:00+00:00,0.0
2062-09-30 00:00:00+00:00,0.0
2062-10-31 00:00:00+00:00,0.0
2062-11-30 00:00:00+00:00,0.00026223992
2062-12-31 00:00:00+00:00,0.123921886
2063-01-31 00:00:00+00:00,1.284327
2063-02-28 00:00:00+00:00,1.9509132
2063-03-31 00:00:00+00:00,2.6179452
2063-04-30 00:00:00+00:00,1.5179001
2063-05-31 00:00:00+00:00,0.9932004
2063-06-30 00:00:00+00:00,0.30137154
2063-07-31 00:00:00+00:00,0.04663268
2063-08-31 00:00:00+00:00,0.0
2063-09-30 00:00:00+00:00,0.0
2063-10-31 00:00:00+00:00,0.00012318375
2063-11-30 00:00:00+00:00,0.0017067445
2063-12-31 00:00:00+00:00,1.279563
2064-01-31 00:00:00+00:00,4.1319733
2064-02-29 00:00:00+00:00,3.7966638
2064-03-31 00:00:00+00:00,2.5724297
2064-04-30 00:00:00+00:00,0.8031332
2064-05-31 00:00:00+00:00,0.30137542
2064-06-30 00:00:00+00:00,0.064607784
2064-07-31 00:00:00+00:00,0.0006398527
2064-08-31 00:00:00+00:00,0.0
2064-09-30 00:00:00+00:00,0.0
2064-10-31 00:00:00+00:00,2.3056687e-06
2064-11-30 00:00:00+00:00,0.0014814748
2064-12-31 00:00:00+00:00,0.065509245
2065-01-31 00:00:00+00:00,0.16195518
2065-02-28 00:00:00+00:00,0.10567833
2065-03-31 00:00:00+00:00,0.036732107
2065-04-30 00:00:00+00:00,0.0024247586
2065-05-31 00:00:00+00:00,0.0
2065-06-30 00:00:00+00:00,0.0
2065-07-31 00:00:00+00:00,0.0
2065-08-31 00:00:00+00:00,0.0
2065-09-30 00:00:00+00:00,0.0
2065-10-31 00:00:00+00:00,0.0
2065-11-30 00:00:00+00:00,1.1853064e-06
2065-12-31 00:00:00+00:00,0.0012408922
2066-01-31 00:00:00+00:00,0.03917789
2066-02-28 00:00:00+00:00,0.13680175
2066-03-31 00:00:00+00:00,0.100903496
2066-04-30 00:00:00+00:00,0.0044081
2066-05-31 00:00:00+00:00,6.967924e-05
2066-06-30 00:00:00+00:00,0.0
2066-07-31 00:00:00+00:00,0.0
2066-08-31 00:00:00+00:00,0.0
2066-09-30 00:00:00+00:00,0.0
2066-10-31 00:00:00+00:00,0.0
2066-11-30 00:00:00+00:00,0.015948407
2066-12-31 00:00:00+00:00,0.7318661
2067-01-31 00:00:00+00:00,0.45350102
2067-02-28 00:00:00+00:00,0.44491172
2067-03-31 00:00:00+00:00,0.19835398
2067-04-30 00:00:00+00:00,0.033867463
2067-05-31 00:00:00+00:00,0.0011228486
2067-06-30 00:00:00+00:00,0.0
2067-07-31 00:00:00+00:00,0.0
2067-08-31 00:00:00+00:00,0.0
2067-09-30 00:00:00+00:00,0.0
2067-10-31 00:00:00+00:00,0.0
2067-11-30 00:00:00+00:00,0.0032576043
2067-12-31 00:00:00+00:00,0.119278796
2068-01-31 00:00:00+00:00,1.6963509
2068-02-29 00:00:00+00:00,3.135012
2068-03-31 00:00:00+00:00,4.968347
2068-04-30 00:00:00+00:00,2.195838
2068-05-31 00:00:00+00:00,1.1502324
2068-06-30 00:00:00+00:00,0.45546064
2068-07-31 00:00:00+00:00,0.14046042
2068-08-31 00:00:00+00:00,0.012025669
2068-09-30 00:00:00+00:00,0.0
2068-10-31 00:00:00+00:00,0.00032906307
2068-11-30 00:00:00+00:00,0.00049888593
2068-12-31 00:00:00+00:00,0.014690499
2069-01-31 00:00:00+00:00,0.0073273573
2069-02-28 00:00:00+00:00,0.21299955
2069-03-31 00:00:00+00:00,1.0958135
2069-04-30 00:00:00+00:00,0.04095206
2069-05-31 00:00:00+00:00,0.0017890104
2069-06-30 00:00:00+00:00,0.0
2069-07-31 00:00:00+00:00,0.0
2069-08-31 00:00:00+00:00,0.0
2069-09-30 00:00:00+00:00,0.0
2069-10-31 00:00:00+00:00,0.0
2069-11-30 00:00:00+00:00,7.072118e-05
2069-12-31 00:00:00+00:00,0.09253285
2070-01-31 00:00:00+00:00,0.52675456
2070-02-28 00:00:00+00:00,0.106951006
2070-03-31 00:00:00+00:00,0.010691195
2070-04-30 00:00:00+00:00,3.6925187e-05
2070-05-31 00:00:00+00:00,0.0
2070-06-30 00:00:00+00:00,0.0
2070-07-31 00:00:00+00:00,0.0
2070-08-31 00:00:00+00:00,0.0
2070-09-30 00:00:00+00:00,0.0
2070-10-31 00:00:00+00:00,0.0
2070-11-30 00:00:00+00:00,0.0011730023
2070-12-31 00:00:00+00:00,0.00030315615
2071-01-31 00:00:00+00:00,0.94920915
2071-02-28 00:00:00+00:00,1.4093275
2071-03-31 00:00:00+00:00,1.3380531
2071-04-30 00:00:00+00:00,0.48020703
2071-05-31 00:00:00+00:00,0.20543693
2071-06-30 00:00:00+00:00,0.03979744
2071-07-31 00:00:00+00:00,0.0
2071-08-31 00:00:00+00:00,0.0
2071-09-30 00:00:00+00:00,0.0
2071-10-31 00:00:00+00:00,1.8122737e-06
2071-11-30 00:00:00+00:00,8.038126e-05
2071-12-31 00:00:00+00:00,0.40738672
2072-01-31 00:00:00+00:00,3.2338119
2072-02-29 00:00:00+00:00,1.5142634
2072-03-31 00:00:00+00:00,0.8456442
2072-04-30 00:00:00+00:00,0.85795957
2072-05-31 00:00:00+00:00,0.3156595
2072-06-30 00:00:00+00:00,0.059374593
2072-07-31 00:00:00+00:00,0.00048966066
2072-08-31 00:00:00+00:00,0.0
2072-09-30 00:00:00+00:00,0.0
2072-10-31 00:00:00+00:00,0.0
2072-11-30 00:00:00+00:00,4.210722e-05
2072-12-31 00:00:00+00:00,0.007109314
2073-01-31 00:00:00+00:00,2.0710065
2073-02-28 00:00:00+00:00,0.72754526
2073-03-31 00:00:00+00:00,0.11151189
2073-04-30 00:00:00+00:00,0.003633783
2073-05-31 00:00:00+00:00,1.023431e-07
2073-06-30 00:00:00+00:00,0.0
2073-07-31 00:00:00+00:00,0.0
2073-08-31 00:00:00+00:00,0.0
2073-09-30 00:00:00+00:00,0.0
2073-10-31 00:00:00+00:00,0.0
2073-11-30 00:00:00+00:00,0.0167437
2073-12-31 00:00:00+00:00,0.01890125
2074-01-31 00:00:00+00:00,0.35564542
2074-02-28 00:00:00+00:00,0.916673
2074-03-31 00:00:00+00:00,0.22655357
2074-04-30 00:00:00+00:00,0.049737927
2074-05-31 00:00:00+00:00,0.005292562
2074-06-30 00:00:00+00:00,0.0
2074-07-31 00:00:00+00:00,0.0
2074-08-31 00:00:00+00:00,0.0
2074-09-30 00:00:00+00:00,0.0
2074-10-31 00:00:00+00:00,0.0006075042
2074-11-30 00:00:00+00:00,0.025020026
2074-12-31 00:00:00+00:00,1.8741523
2075-01-31 00:00:00+00:00,2.082753
2075-02-28 00:00:00+00:00,0.5130907
2075-03-31 00:00:00+00:00,0.12712969
2075-04-30 00:00:00+00:00,0.044754494
2075-05-31 00:00:00+00:00,0.004041546
2075-06-30 00:00:00+00:00,0.0
2075-07-31 00:00:00+00:00,0.0
2075-08-31 00:00:00+00:00,0.0
2075-09-30 00:00:00+00:00,0.0
2075-10-31 00:00:00+00:00,0.008983748
2075-11-30 00:00:00+00:00,0.005433449
2075-12-31 00:00:00+00:00,0.028044553
2076-01-31 00:00:00+00:00,0.07380568
2076-02-29 00:00:00+00:00,0.083667375
2076-03-31 00:00:00+00:00,0.0074253
2076-04-30 00:00:00+00:00,4.8487925e-07
2076-05-31 00:00:00+00:00,0.0
2076-06-30 00:00:00+00:00,0.0
2076-07-31 00:00:00+00:00,0.0
2076-08-31 00:00:00+00:00,0.0
2076-09-30 00:00:00+00:00,0.0
2076-10-31 00:00:00+00:00,0.0
2076-11-30 00:00:00+00:00,0.00015628638
2076-12-31 00:00:00+00:00,0.01889471
2077-01-31 00:00:00+00:00,0.07192814
2077-02-28 00:00:00+00:00,0.3222513
2077-03-31 00:00:00+00:00,0.054223467
2077-04-30 00:00:00+00:00,0.0012517516
2077-05-31 00:00:00+00:00,0.0
2077-06-30 00:00:00+00:00,0.0
2077-07-31 00:00:00+00:00,0.0
2077-08-31 00:00:00+00:00,0.0
2077-09-30 00:00:00+00:00,0.0
2077-10-31 00:00:00+00:00,0.0
2077-11-30 00:00:00+00:00,0.0013385992
2077-12-31 00:00:00+00:00,2.5239784e-05
2078-01-31 00:00:00+00:00,0.001160304
2078-02-28 00:00:00+00:00,0.051057536
2078-03-31 00:00:00+00:00,0.004015854
2078-04-30 00:00:00+00:00,0.0
2078-05-31 00:00:00+00:00,0.0
2078-06-30 00:00:00+00:00,0.0
2078-07-31 00:00:00+00:00,0.0
2078-08-31 00:00:00+00:00,0.0
2078-09-30 00:00:00+00:00,0.0
2078-10-31 00:00:00+00:00,0.0
2078-11-30 00:00:00+00:00,0.00036859457
2078-12-31 00:00:00+00:00,0.09957764
2079-01-31 00:00:00+00:00,0.51565367
2079-02-28 00:00:00+00:00,1.3239433
2079-03-31 00:00:00+00:00,1.9759032
2079-04-30 00:00:00+00:00,1.2920607
2079-05-31 00:00:00+00:00,0.49539316
2079-06-30 00:00:00+00:00,0.09927518
2079-07-31 00:00:00+00:00,0.0025171852
2079-08-31 00:00:00+00:00,0.0
2079-09-30 00:00:00+00:00,0.0
2079-10-31 00:00:00+00:00,0.0
2079-11-30 00:00:00+00:00,4.8503178e-05
2079-12-31 00:00:00+00:00,0.274678
2080-01-31 00:00:00+00:00,0.3989579
2080-02-29 00:00:00+00:00,0.47259894
2080-03-31 00:00:00+00:00,0.36006874
2080-04-30 00:00:00+00:00,0.12282972
2080-05-31 00:00:00+00:00,0.05808845
2080-06-30 00:00:00+00:00,0.0012598401
2080-07-31 00:00:00+00:00,0.0
2080-08-31 00:00:00+00:00,0.0
2080-09-30 00:00:00+00:00,0.0
2080-10-31 00:00:00+00:00,1.5899327e-06
2080-11-30 00:00:00+00:00,0.0
2080-12-31 00:00:00+00:00,0.038266007
2081-01-31 00:00:00+00:00,0.04356549
2081-02-28 00:00:00+00:00,0.037512273
2081-03-31 00:00:00+00:00,0.00059783127
2081-04-30 00:00:00+00:00,0.0
2081-05-31 00:00:00+00:00,0.0
2081-06-30 00:00:00+00:00,0.0
2081-07-31 00:00:00+00:00,0.0
2081-08-31 00:00:00+00:00,0.0
2081-09-30 00:00:00+00:00,0.0
2081-10-31 00:00:00+00:00,0.0
2081-11-30 00:00:00+00:00,0.00083002856
2081-12-31 00:00:00+00:00,0.23248257
2082-01-31 00:00:00+00:00,0.5015933
2082-02-28 00:00:00+00:00,0.8938025
2082-03-31 00:00:00+00:00,1.1453118
2082-04-30 00:00:00+00:00,0.5517035
2082-05-31 00:00:00+00:00,0.16837476
2082-06-30 00:00:00+00:00,0.047816023
2082-07-31 00:00:00+00:00,0.0
2082-08-31 00:00:00+00:00,0.0
2082-09-30 00:00:00+00:00,0.0
2082-10-31 00:00:00+00:00,0.00032002642
2082-11-30 00:00:00+00:00,0.029502647
2082-12-31 00:00:00+00:00,0.14847039
2083-01-31 00:00:00+00:00,0.6602473
2083-02-28 00:00:00+00:00,1.4621567
2083-03-31 00:00:00+00:00,0.9030605
2083-04-30 00:00:00+00:00,0.6334359
2083-05-31 00:00:00+00:00,0.35261756
2083-06-30 00:00:00+00:00,0.077766486
2083-07-31 00:00:00+00:00,8.590079e-05
2083-08-31 00:00:00+00:00,0.0
2083-09-30 00:00:00+00:00,0.0
2083-10-31 00:00:00+00:00,8.774258e-06
2083-11-30 00:00:00+00:00,5.1909603e-05
2083-12-31 00:00:00+00:00,0.020602092
2084-01-31 00:00:00+00:00,0.104058534
2084-02-29 00:00:00+00:00,0.19487275
2084-03-31 00:00:00+00:00,0.13478316
2084-04-30 00:00:00+00:00,0.015522182
2084-05-31 00:00:00+00:00,0.00040928152
2084-06-30 00:00:00+00:00,0.0
2084-07-31 00:00:00+00:00,0.0
2084-08-31 00:00:00+00:00,0.0
2084-09-30 00:00:00+00:00,0.0
2084-10-31 00:00:00+00:00,1.8106171e-07
2084-11-30 00:00:00+00:00,0.0044258605
2084-12-31 00:00:00+00:00,0.015004492
2085-01-31 00:00:00+00:00,0.10269039
2085-02-28 00:00:00+00:00,0.37314743
2085-03-31 00:00:00+00:00,0.8048912
2085-04-30 00:00:00+00:00,0.30708662
2085-05-31 00:00:00+00:00,0.085461564
2085-06-30 00:00:00+00:00,0.0040663155
2085-07-31 00:00:00+00:00,0.0
2085-08-31 00:00:00+00:00,0.0
2085-09-30 00:00:00+00:00,0.0
2085-10-31 00:00:00+00:00,0.0
2085-11-30 00:00:00+00:00,0.031726576
2085-12-31 00:00:00+00:00,0.09640384
2086-01-31 00:00:00+00:00,0.3273597
2086-02-28 00:00:00+00:00,0.7201565
2086-03-31 00:00:00+00:00,0.6821021
2086-04-30 00:00:00+00:00,0.22338183
2086-05-31 00:00:00+00:00,0.03393666
2086-06-30 00:00:00+00:00,0.0
2086-07-31 00:00:00+00:00,0.0
2086-08-31 00:00:00+00:00,0.0
2086-09-30 00:00:00+00:00,0.0
2086-10-31 00:00:00+00:00,1.3599828e-06
2086-11-30 00:00:00+00:00,0.009704795
2086-12-31 00:00:00+00:00,0.052232217
2087-01-31 00:00:00+00:00,0.04327435
2087-02-28 00:00:00+00:00,0.07311804
2087-03-31 00:00:00+00:00,0.03840357
2087-04-30 00:00:00+00:00,0.018769117
2087-05-31 00:00:00+00:00,0.0006383966
2087-06-30 00:00:00+00:00,0.0
2087-07-31 00:00:00+00:00,0.0
2087-08-31 00:00:00+00:00,0.0
2087-09-30 00:00:00+00:00,0.0
2087-10-31 00:00:00+00:00,0.0
2087-11-30 00:00:00+00:00,0.00022697952
2087-12-31 00:00:00+00:00,0.10834512
2088-01-31 00:00:00+00:00,0.28861353
2088-02-29 00:00:00+00:00,0.005580805
2088-03-31 00:00:00+00:00,0.0
2088-04-30 00:00:00+00:00,3.310936e-06
2088-05-31 00:00:00+00:00,0.0015093585
2088-06-30 00:00:00+00:00,0.0
2088-07-31 00:00:00+00:00,0.0
2088-08-31 00:00:00+00:00,0.0
2088-09-30 00:00:00+00:00,0.0
2088-10-31 00:00:00+00:00,0.0
2088-11-30 00:00:00+00:00,7.90673e-05
2088-12-31 00:00:00+00:00,0.005923673
2089-01-31 00:00:00+00:00,0.69024664
2089-02-28 00:00:00+00:00,1.4902897
2089-03-31 00:00:00+00:00,0.9586505
2089-04-30 00:00:00+00:00,0.43669754
2089-05-31 00:00:00+00:00,0.1015863
2089-06-30 00:00:00+00:00,0.010032188
2089-07-31 00:00:00+00:00,0.0
2089-08-31 00:00:00+00:00,0.0
2089-09-30 00:00:00+00:00,0.0
2089-10-31 00:00:00+00:00,0.0
2089-11-30 00:00:00+00:00,0.001644559
2089-12-31 00:00:00+00:00,0.14547136
2090-01-31 00:00:00+00:00,0.8876193
2090-02-28 00:00:00+00:00,1.0978216
2090-03-31 00:00:00+00:00,1.0793995
2090-04-30 00:00:00+00:00,0.55811954
2090-05-31 00:00:00+00:00,0.20949872
2090-06-30 00:00:00+00:00,0.040791888
2090-07-31 00:00:00+00:00,0.0
2090-08-31 00:00:00+00:00,0.0
2090-09-30 00:00:00+00:00,0.0
2090-10-31 00:00:00+00:00,0.0
2090-11-30 00:00:00+00:00,0.00034746292
2090-12-31 00:00:00+00:00,0.008803501
2091-01-31 00:00:00+00:00,0.8671897
2091-02-28 00:00:00+00:00,0.41019332
2091-03-31 00:00:00+00:00,0.19752015
2091-04-30 00:00:00+00:00,0.13413827
2091-05-31 00:00:00+00:00,0.03709411
2091-06-30 00:00:00+00:00,0.0005883095
2091-07-31 00:00:00+00:00,0.0
2091-08-31 00:00:00+00:00,0.0
2091-09-30 00:00:00+00:00,0.0
2091-10-31 00:00:00+00:00,8.067074e-06
2091-11-30 00:00:00+00:00,8.817446e-05
2091-12-31 00:00:00+00:00,0.09722803
2092-01-31 00:00:00+00:00,0.06534651
2092-02-29 00:00:00+00:00,0.18471648
2092-03-31 00:00:00+00:00,0.36576298
2092-04-30 00:00:00+00:00,0.057490204
2092-05-31 00:00:00+00:00,0.007290144
2092-06-30 00:00:00+00:00,0.0
2092-07-31 00:00:00+00:00,0.0
2092-08-31 00:00:00+00:00,0.0
2092-09-30 00:00:00+00:00,0.0
2092-10-31 00:00:00+00:00,0.0
2092-11-30 00:00:00+00:00,1.2366773e-05
2092-12-31 00:00:00+00:00,0.0043657897
2093-01-31 00:00:00+00:00,0.5253899
2093-02-28 00:00:00+00:00,1.5630616
2093-03-31 00:00:00+00:00,1.0887649
2093-04-30 00:00:00+00:00,0.31923646
2093-05-31 00:00:00+00:00,0.11015097
2093-06-30 00:00:00+00:00,0.023407036
2093-07-31 00:00:00+00:00,0.0
2093-08-31 00:00:00+00:00,0.0
2093-09-30 00:00:00+00:00,0.0
2093-10-31 00:00:00+00:00,0.0
2093-11-30 00:00:00+00:00,0.0001722914
2093-12-31 00:00:00+00:00,0.04113267
2094-01-31 00:00:00+00:00,0.18026036
2094-02-28 00:00:00+00:00,0.03639848
2094-03-31 00:00:00+00:00,0.00011160026
2094-04-30 00:00:00+00:00,0.0
2094-05-31 00:00:00+00:00,0.0
2094-06-30 00:00:00+00:00,0.0
2094-07-31 00:00:00+00:00,0.0
2094-08-31 00:00:00+00:00,0.0
2094-09-30 00:00:00+00:00,0.0
2094-10-31 00:00:00+00:00,0.0
2094-11-30 00:00:00+00:00,0.0012920236
2094-12-31 00:00:00+00:00,0.04991975
2095-01-31 00:00:00+00:00,0.21405342
2095-02-28 00:00:00+00:00,0.5736102
2095-03-31 00:00:00+00:00,0.15743883
2095-04-30 00:00:00+00:00,0.029082194
2095-05-31 00:00:00+00:00,0.002980467
2095-06-30 00:00:00+00:00,0.0
2095-07-31 00:00:00+00:00,0.0
2095-08-31 00:00:00+00:00,0.0
2095-09-30 00:00:00+00:00,0.0
2095-10-31 00:00:00+00:00,0.0
2095-11-30 00:00:00+00:00,0.0
2095-12-31 00:00:00+00:00,0.026941007
2096-01-31 00:00:00+00:00,0.02410168
2096-02-29 00:00:00+00:00,0.1000802
2096-03-31 00:00:00+00:00,0.017785799
2096-04-30 00:00:00+00:00,0.0004968241
2096-05-31 00:00:00+00:00,0.0
2096-06-30 00:00:00+00:00,0.0
2096-07-31 00:00:00+00:00,0.0
2096-08-31 00:00:00+00:00,0.0
2096-09-30 00:00:00+00:00,0.0
2096-10-31 00:00:00+00:00,0.0
2096-11-30 00:00:00+00:00,0.0
2096-12-31 00:00:00+00:00,4.5214885e-05
2097-01-31 00:00:00+00:00,0.023678044
2097-02-28 00:00:00+00:00,0.007932054
2097-03-31 00:00:00+00:00,0.0037751233
2097-04-30 00:00:00+00:00,0.00031368688
2097-05-31 00:00:00+00:00,0.0
2097-06-30 00:00:00+00:00,0.0
2097-07-31 00:00:00+00:00,0.0
2097-08-31 00:00:00+00:00,0.0
2097-09-30 00:00:00+00:00,0.0
2097-10-31 00:00:00+00:00,0.0
2097-11-30 00:00:00+00:00,0.00024683625
2097-12-31 00:00:00+00:00,0.02153004
2098-01-31 00:00:00+00:00,0.004172386
2098-02-28 00:00:00+00:00,0.013631975
2098-03-31 00:00:00+00:00,0.0010105708
2098-04-30 00:00:00+00:00,0.0005795273
2098-05-31 00:00:00+00:00,8.207396e-08
2098-06-30 00:00:00+00:00,0.0
2098-07-31 00:00:00+00:00,0.0
2098-08-31 00:00:00+00:00,0.0
2098-09-30 00:00:00+00:00,0.0
2098-10-31 00:00:00+00:00,0.0
2098-11-30 00:00:00+00:00,1.4384775e-05
2098-12-31 00:00:00+00:00,0.018382773
2099-01-31 00:00:00+00:00,0.36241308
2099-02-28 00:00:00+00:00,0.43556336
2099-03-31 00:00:00+00:00,0.483421
2099-04-30 00:00:00+00:00,0.21451448
2099-05-31 00:00:00+00:00,0.062265135
2099-06-30 00:00:00+00:00,0.0014746739
2099-07-31 00:00:00+00:00,0.0
2099-08-31 00:00:00+00:00,0.0
2099-09-30 00:00:00+00:00,0.0
2099-10-31 00:00:00+00:00,0.0
2099-11-30 00:00:00+00:00,9.1751735e-07
2099-12-31 00:00:00+00:00,0.039535567
