time,swe_month_MIROC5_rcp45
2006-01-31 00:00:00+00:00,0.009664301
2006-02-28 00:00:00+00:00,0.015305589
2006-03-31 00:00:00+00:00,0.05563153
2006-04-30 00:00:00+00:00,0.0032564744
2006-05-31 00:00:00+00:00,9.800202e-07
2006-06-30 00:00:00+00:00,0.0
2006-07-31 00:00:00+00:00,0.0
2006-08-31 00:00:00+00:00,0.0
2006-09-30 00:00:00+00:00,0.0
2006-10-31 00:00:00+00:00,0.00014157788
2006-11-30 00:00:00+00:00,0.0012948557
2006-12-31 00:00:00+00:00,0.00091353717
2007-01-31 00:00:00+00:00,0.037331954
2007-02-28 00:00:00+00:00,0.00030311293
2007-03-31 00:00:00+00:00,0.018381948
2007-04-30 00:00:00+00:00,5.0807703e-06
2007-05-31 00:00:00+00:00,8.590819e-05
2007-06-30 00:00:00+00:00,7.105396e-08
2007-07-31 00:00:00+00:00,0.0
2007-08-31 00:00:00+00:00,0.0
2007-09-30 00:00:00+00:00,0.0
2007-10-31 00:00:00+00:00,4.1362366e-08
2007-11-30 00:00:00+00:00,3.6266818e-05
2007-12-31 00:00:00+00:00,5.0200605
2008-01-31 00:00:00+00:00,6.3252416
2008-02-29 00:00:00+00:00,5.1469026
2008-03-31 00:00:00+00:00,3.764448
2008-04-30 00:00:00+00:00,2.2182264
2008-05-31 00:00:00+00:00,0.7414028
2008-06-30 00:00:00+00:00,0.22061673
2008-07-31 00:00:00+00:00,0.03236753
2008-08-31 00:00:00+00:00,0.0
2008-09-30 00:00:00+00:00,0.0
2008-10-31 00:00:00+00:00,0.00027230594
2008-11-30 00:00:00+00:00,0.0064892373
2008-12-31 00:00:00+00:00,0.050465036
2009-01-31 00:00:00+00:00,0.027227383
2009-02-28 00:00:00+00:00,2.4786017
2009-03-31 00:00:00+00:00,3.131833
2009-04-30 00:00:00+00:00,2.902537
2009-05-31 00:00:00+00:00,0.7116832
2009-06-30 00:00:00+00:00,0.13776195
2009-07-31 00:00:00+00:00,0.00462059
2009-08-31 00:00:00+00:00,0.0
2009-09-30 00:00:00+00:00,0.0
2009-10-31 00:00:00+00:00,2.2672144e-09
2009-11-30 00:00:00+00:00,0.05555574
2009-12-31 00:00:00+00:00,0.14032662
2010-01-31 00:00:00+00:00,1.4701815
2010-02-28 00:00:00+00:00,3.2005682
2010-03-31 00:00:00+00:00,5.2895536
2010-04-30 00:00:00+00:00,2.8789928
2010-05-31 00:00:00+00:00,0.68365407
2010-06-30 00:00:00+00:00,0.13267536
2010-07-31 00:00:00+00:00,0.01667521
2010-08-31 00:00:00+00:00,0.0
2010-09-30 00:00:00+00:00,0.0
2010-10-31 00:00:00+00:00,0.00022259163
2010-11-30 00:00:00+00:00,0.00015491265
2010-12-31 00:00:00+00:00,0.1351844
2011-01-31 00:00:00+00:00,0.5464521
2011-02-28 00:00:00+00:00,0.80527073
2011-03-31 00:00:00+00:00,0.7581171
2011-04-30 00:00:00+00:00,0.4850699
2011-05-31 00:00:00+00:00,0.10861689
2011-06-30 00:00:00+00:00,0.010395554
2011-07-31 00:00:00+00:00,0.0
2011-08-31 00:00:00+00:00,0.0
2011-09-30 00:00:00+00:00,0.0
2011-10-31 00:00:00+00:00,1.2741417e-07
2011-11-30 00:00:00+00:00,0.011499096
2011-12-31 00:00:00+00:00,0.014773772
2012-01-31 00:00:00+00:00,0.03715499
2012-02-29 00:00:00+00:00,0.13859981
2012-03-31 00:00:00+00:00,0.009612133
2012-04-30 00:00:00+00:00,0.006262939
2012-05-31 00:00:00+00:00,0.004820607
2012-06-30 00:00:00+00:00,0.0
2012-07-31 00:00:00+00:00,0.0
2012-08-31 00:00:00+00:00,0.0
2012-09-30 00:00:00+00:00,0.0
2012-10-31 00:00:00+00:00,2.8715153e-08
2012-11-30 00:00:00+00:00,0.034669958
2012-12-31 00:00:00+00:00,0.11093221
2013-01-31 00:00:00+00:00,0.062775634
2013-02-28 00:00:00+00:00,0.56581396
2013-03-31 00:00:00+00:00,0.858144
2013-04-30 00:00:00+00:00,0.2220086
2013-05-31 00:00:00+00:00,0.012237484
2013-06-30 00:00:00+00:00,7.013513e-05
2013-07-31 00:00:00+00:00,0.0
2013-08-31 00:00:00+00:00,0.0
2013-09-30 00:00:00+00:00,0.0
2013-10-31 00:00:00+00:00,0.0003843819
2013-11-30 00:00:00+00:00,0.4604865
2013-12-31 00:00:00+00:00,0.63614947
2014-01-31 00:00:00+00:00,0.89066976
2014-02-28 00:00:00+00:00,1.0068184
2014-03-31 00:00:00+00:00,0.9425514
2014-04-30 00:00:00+00:00,0.5431247
2014-05-31 00:00:00+00:00,0.21881467
2014-06-30 00:00:00+00:00,0.024441252
2014-07-31 00:00:00+00:00,0.0
2014-08-31 00:00:00+00:00,0.0
2014-09-30 00:00:00+00:00,0.0
2014-10-31 00:00:00+00:00,0.00088765455
2014-11-30 00:00:00+00:00,0.20409374
2014-12-31 00:00:00+00:00,0.689948
2015-01-31 00:00:00+00:00,1.7494851
2015-02-28 00:00:00+00:00,2.9379623
2015-03-31 00:00:00+00:00,3.3582702
2015-04-30 00:00:00+00:00,2.3840106
2015-05-31 00:00:00+00:00,1.1807935
2015-06-30 00:00:00+00:00,0.33664548
2015-07-31 00:00:00+00:00,0.042245377
2015-08-31 00:00:00+00:00,0.0
2015-09-30 00:00:00+00:00,0.0
2015-10-31 00:00:00+00:00,0.019490035
2015-11-30 00:00:00+00:00,0.45416388
2015-12-31 00:00:00+00:00,1.2558067
2016-01-31 00:00:00+00:00,2.7253304
2016-02-29 00:00:00+00:00,4.246223
2016-03-31 00:00:00+00:00,5.632505
2016-04-30 00:00:00+00:00,3.9609802
2016-05-31 00:00:00+00:00,0.92049444
2016-06-30 00:00:00+00:00,0.20885126
2016-07-31 00:00:00+00:00,0.028445028
2016-08-31 00:00:00+00:00,0.0
2016-09-30 00:00:00+00:00,0.0
2016-10-31 00:00:00+00:00,0.0
2016-11-30 00:00:00+00:00,0.023338797
2016-12-31 00:00:00+00:00,0.04178589
2017-01-31 00:00:00+00:00,0.0014368825
2017-02-28 00:00:00+00:00,0.22484021
2017-03-31 00:00:00+00:00,0.19797848
2017-04-30 00:00:00+00:00,0.032025855
2017-05-31 00:00:00+00:00,0.00025241743
2017-06-30 00:00:00+00:00,1.3090937e-07
2017-07-31 00:00:00+00:00,0.0
2017-08-31 00:00:00+00:00,0.0
2017-09-30 00:00:00+00:00,0.0
2017-10-31 00:00:00+00:00,1.9008256e-07
2017-11-30 00:00:00+00:00,0.06326565
2017-12-31 00:00:00+00:00,0.22550473
2018-01-31 00:00:00+00:00,0.14453603
2018-02-28 00:00:00+00:00,0.0755004
2018-03-31 00:00:00+00:00,0.020343162
2018-04-30 00:00:00+00:00,0.030253258
2018-05-31 00:00:00+00:00,0.0014834425
2018-06-30 00:00:00+00:00,0.0
2018-07-31 00:00:00+00:00,0.0
2018-08-31 00:00:00+00:00,0.0
2018-09-30 00:00:00+00:00,0.0
2018-10-31 00:00:00+00:00,0.0
2018-11-30 00:00:00+00:00,0.26634073
2018-12-31 00:00:00+00:00,0.26861677
2019-01-31 00:00:00+00:00,0.0687926
2019-02-28 00:00:00+00:00,0.33061415
2019-03-31 00:00:00+00:00,0.15506254
2019-04-30 00:00:00+00:00,0.11719756
2019-05-31 00:00:00+00:00,0.034344412
2019-06-30 00:00:00+00:00,0.0
2019-07-31 00:00:00+00:00,0.0
2019-08-31 00:00:00+00:00,0.0
2019-09-30 00:00:00+00:00,0.0
2019-10-31 00:00:00+00:00,0.0
2019-11-30 00:00:00+00:00,0.053365592
2019-12-31 00:00:00+00:00,1.1793106
2020-01-31 00:00:00+00:00,1.2391839
2020-02-29 00:00:00+00:00,2.416138
2020-03-31 00:00:00+00:00,3.4365325
2020-04-30 00:00:00+00:00,1.5518652
2020-05-31 00:00:00+00:00,0.5652708
2020-06-30 00:00:00+00:00,0.17853041
2020-07-31 00:00:00+00:00,0.03243795
2020-08-31 00:00:00+00:00,0.0
2020-09-30 00:00:00+00:00,0.0
2020-10-31 00:00:00+00:00,0.00038566795
2020-11-30 00:00:00+00:00,2.070953e-06
2020-12-31 00:00:00+00:00,0.25921875
2021-01-31 00:00:00+00:00,2.1624339
2021-02-28 00:00:00+00:00,4.1742573
2021-03-31 00:00:00+00:00,7.2750177
2021-04-30 00:00:00+00:00,3.8801816
2021-05-31 00:00:00+00:00,1.7721133
2021-06-30 00:00:00+00:00,0.44898677
2021-07-31 00:00:00+00:00,0.055691246
2021-08-31 00:00:00+00:00,0.0
2021-09-30 00:00:00+00:00,0.0
2021-10-31 00:00:00+00:00,0.008317547
2021-11-30 00:00:00+00:00,0.05852214
2021-12-31 00:00:00+00:00,0.021026256
2022-01-31 00:00:00+00:00,0.0032043613
2022-02-28 00:00:00+00:00,1.489829
2022-03-31 00:00:00+00:00,0.41703546
2022-04-30 00:00:00+00:00,0.099400856
2022-05-31 00:00:00+00:00,0.0070385262
2022-06-30 00:00:00+00:00,0.0
2022-07-31 00:00:00+00:00,0.0
2022-08-31 00:00:00+00:00,0.0
2022-09-30 00:00:00+00:00,0.0
2022-10-31 00:00:00+00:00,0.0
2022-11-30 00:00:00+00:00,8.5849155e-05
2022-12-31 00:00:00+00:00,0.9699567
2023-01-31 00:00:00+00:00,2.3958364
2023-02-28 00:00:00+00:00,2.6224158
2023-03-31 00:00:00+00:00,0.8611806
2023-04-30 00:00:00+00:00,0.1513273
2023-05-31 00:00:00+00:00,0.01703661
2023-06-30 00:00:00+00:00,0.0004300457
2023-07-31 00:00:00+00:00,0.0
2023-08-31 00:00:00+00:00,0.0
2023-09-30 00:00:00+00:00,0.0
2023-10-31 00:00:00+00:00,0.0
2023-11-30 00:00:00+00:00,0.0
2023-12-31 00:00:00+00:00,0.1484764
2024-01-31 00:00:00+00:00,0.32010004
2024-02-29 00:00:00+00:00,0.18026167
2024-03-31 00:00:00+00:00,0.04482903
2024-04-30 00:00:00+00:00,0.02173205
2024-05-31 00:00:00+00:00,0.0045055565
2024-06-30 00:00:00+00:00,0.0
2024-07-31 00:00:00+00:00,0.0
2024-08-31 00:00:00+00:00,0.0
2024-09-30 00:00:00+00:00,0.0
2024-10-31 00:00:00+00:00,0.0
2024-11-30 00:00:00+00:00,0.00050924777
2024-12-31 00:00:00+00:00,0.018563632
2025-01-31 00:00:00+00:00,1.447435
2025-02-28 00:00:00+00:00,1.0840614
2025-03-31 00:00:00+00:00,1.5714313
2025-04-30 00:00:00+00:00,1.1564789
2025-05-31 00:00:00+00:00,0.32483193
2025-06-30 00:00:00+00:00,0.04462182
2025-07-31 00:00:00+00:00,0.0
2025-08-31 00:00:00+00:00,0.0
2025-09-30 00:00:00+00:00,0.0
2025-10-31 00:00:00+00:00,8.590287e-05
2025-11-30 00:00:00+00:00,0.0006301328
2025-12-31 00:00:00+00:00,0.56758296
2026-01-31 00:00:00+00:00,3.2597017
2026-02-28 00:00:00+00:00,1.7827246
2026-03-31 00:00:00+00:00,0.9116677
2026-04-30 00:00:00+00:00,0.35759434
2026-05-31 00:00:00+00:00,0.11574395
2026-06-30 00:00:00+00:00,0.011119574
2026-07-31 00:00:00+00:00,0.0
2026-08-31 00:00:00+00:00,0.0
2026-09-30 00:00:00+00:00,0.0
2026-10-31 00:00:00+00:00,0.0007719498
2026-11-30 00:00:00+00:00,0.2659477
2026-12-31 00:00:00+00:00,1.0541161
2027-01-31 00:00:00+00:00,1.7832365
2027-02-28 00:00:00+00:00,4.8050866
2027-03-31 00:00:00+00:00,5.86536
2027-04-30 00:00:00+00:00,3.0916178
2027-05-31 00:00:00+00:00,1.1037384
2027-06-30 00:00:00+00:00,0.4599244
2027-07-31 00:00:00+00:00,0.07034666
2027-08-31 00:00:00+00:00,0.0
2027-09-30 00:00:00+00:00,0.0
2027-10-31 00:00:00+00:00,0.0007448827
2027-11-30 00:00:00+00:00,0.00057393743
2027-12-31 00:00:00+00:00,1.3004401
2028-01-31 00:00:00+00:00,3.0647533
2028-02-29 00:00:00+00:00,3.0994365
2028-03-31 00:00:00+00:00,0.6103351
2028-04-30 00:00:00+00:00,0.6971082
2028-05-31 00:00:00+00:00,0.15424003
2028-06-30 00:00:00+00:00,0.00559346
2028-07-31 00:00:00+00:00,0.0
2028-08-31 00:00:00+00:00,0.0
2028-09-30 00:00:00+00:00,0.0
2028-10-31 00:00:00+00:00,0.0005842616
2028-11-30 00:00:00+00:00,0.071550235
2028-12-31 00:00:00+00:00,0.030422954
2029-01-31 00:00:00+00:00,0.010209782
2029-02-28 00:00:00+00:00,0.007268691
2029-03-31 00:00:00+00:00,0.086961046
2029-04-30 00:00:00+00:00,0.015489017
2029-05-31 00:00:00+00:00,0.00023932006
2029-06-30 00:00:00+00:00,0.0
2029-07-31 00:00:00+00:00,0.0
2029-08-31 00:00:00+00:00,0.0
2029-09-30 00:00:00+00:00,0.0
2029-10-31 00:00:00+00:00,0.032614406
2029-11-30 00:00:00+00:00,0.048704218
2029-12-31 00:00:00+00:00,0.40269712
2030-01-31 00:00:00+00:00,0.36332586
2030-02-28 00:00:00+00:00,0.07932627
2030-03-31 00:00:00+00:00,0.03404638
2030-04-30 00:00:00+00:00,0.049749255
2030-05-31 00:00:00+00:00,0.026453739
2030-06-30 00:00:00+00:00,0.0
2030-07-31 00:00:00+00:00,0.0
2030-08-31 00:00:00+00:00,0.0
2030-09-30 00:00:00+00:00,0.0
2030-10-31 00:00:00+00:00,0.0
2030-11-30 00:00:00+00:00,0.0
2030-12-31 00:00:00+00:00,0.00019127986
2031-01-31 00:00:00+00:00,0.0018644674
2031-02-28 00:00:00+00:00,0.066643916
2031-03-31 00:00:00+00:00,0.021676064
2031-04-30 00:00:00+00:00,0.03831456
2031-05-31 00:00:00+00:00,1.8261238e-05
2031-06-30 00:00:00+00:00,0.0
2031-07-31 00:00:00+00:00,0.0
2031-08-31 00:00:00+00:00,0.0
2031-09-30 00:00:00+00:00,0.0
2031-10-31 00:00:00+00:00,0.0
2031-11-30 00:00:00+00:00,0.23832954
2031-12-31 00:00:00+00:00,0.53748834
2032-01-31 00:00:00+00:00,1.3240243
2032-02-29 00:00:00+00:00,1.8356708
2032-03-31 00:00:00+00:00,1.8357245
2032-04-30 00:00:00+00:00,1.1258355
2032-05-31 00:00:00+00:00,0.53831655
2032-06-30 00:00:00+00:00,0.20723131
2032-07-31 00:00:00+00:00,0.043650918
2032-08-31 00:00:00+00:00,0.0
2032-09-30 00:00:00+00:00,0.0
2032-10-31 00:00:00+00:00,0.0
2032-11-30 00:00:00+00:00,0.07433477
2032-12-31 00:00:00+00:00,2.4550214
2033-01-31 00:00:00+00:00,3.2363222
2033-02-28 00:00:00+00:00,2.9002202
2033-03-31 00:00:00+00:00,3.808292
2033-04-30 00:00:00+00:00,4.848637
2033-05-31 00:00:00+00:00,3.444935
2033-06-30 00:00:00+00:00,1.3309753
2033-07-31 00:00:00+00:00,0.27113166
2033-08-31 00:00:00+00:00,0.02352885
2033-09-30 00:00:00+00:00,0.0
2033-10-31 00:00:00+00:00,0.0
2033-11-30 00:00:00+00:00,0.0016895818
2033-12-31 00:00:00+00:00,0.00025027688
2034-01-31 00:00:00+00:00,0.25940546
2034-02-28 00:00:00+00:00,0.42121196
2034-03-31 00:00:00+00:00,0.53965443
2034-04-30 00:00:00+00:00,0.12337636
2034-05-31 00:00:00+00:00,0.0005095088
2034-06-30 00:00:00+00:00,0.0
2034-07-31 00:00:00+00:00,0.0
2034-08-31 00:00:00+00:00,0.0
2034-09-30 00:00:00+00:00,0.0
2034-10-31 00:00:00+00:00,0.0
2034-11-30 00:00:00+00:00,0.06506066
2034-12-31 00:00:00+00:00,0.12950003
2035-01-31 00:00:00+00:00,0.0869757
2035-02-28 00:00:00+00:00,0.013536039
2035-03-31 00:00:00+00:00,0.005342121
2035-04-30 00:00:00+00:00,0.037091374
2035-05-31 00:00:00+00:00,1.5690489e-08
2035-06-30 00:00:00+00:00,0.0
2035-07-31 00:00:00+00:00,0.0
2035-08-31 00:00:00+00:00,0.0
2035-09-30 00:00:00+00:00,0.0
2035-10-31 00:00:00+00:00,1.3490153e-05
2035-11-30 00:00:00+00:00,0.0038446255
2035-12-31 00:00:00+00:00,0.19141546
2036-01-31 00:00:00+00:00,1.3366964
2036-02-29 00:00:00+00:00,2.1629543
2036-03-31 00:00:00+00:00,0.68792874
2036-04-30 00:00:00+00:00,0.35864863
2036-05-31 00:00:00+00:00,0.10066089
2036-06-30 00:00:00+00:00,0.005438541
2036-07-31 00:00:00+00:00,0.0
2036-08-31 00:00:00+00:00,0.0
2036-09-30 00:00:00+00:00,0.0
2036-10-31 00:00:00+00:00,0.008166177
2036-11-30 00:00:00+00:00,0.23124535
2036-12-31 00:00:00+00:00,0.39007148
2037-01-31 00:00:00+00:00,0.5229845
2037-02-28 00:00:00+00:00,0.45409364
2037-03-31 00:00:00+00:00,0.93325144
2037-04-30 00:00:00+00:00,0.6069975
2037-05-31 00:00:00+00:00,0.17047553
2037-06-30 00:00:00+00:00,0.01403518
2037-07-31 00:00:00+00:00,0.0
2037-08-31 00:00:00+00:00,0.0
2037-09-30 00:00:00+00:00,1.35593e-07
2037-10-31 00:00:00+00:00,0.011728483
2037-11-30 00:00:00+00:00,0.008599409
2037-12-31 00:00:00+00:00,6.631322e-07
2038-01-31 00:00:00+00:00,1.1926837
2038-02-28 00:00:00+00:00,7.6802535
2038-03-31 00:00:00+00:00,7.7922397
2038-04-30 00:00:00+00:00,4.991713
2038-05-31 00:00:00+00:00,2.5235312
2038-06-30 00:00:00+00:00,0.63994795
2038-07-31 00:00:00+00:00,0.07127271
2038-08-31 00:00:00+00:00,0.0
2038-09-30 00:00:00+00:00,0.0
2038-10-31 00:00:00+00:00,0.0008061218
2038-11-30 00:00:00+00:00,0.0004896055
2038-12-31 00:00:00+00:00,0.00083371764
2039-01-31 00:00:00+00:00,0.6005177
2039-02-28 00:00:00+00:00,1.1282887
2039-03-31 00:00:00+00:00,0.27791706
2039-04-30 00:00:00+00:00,0.047615264
2039-05-31 00:00:00+00:00,0.0052125435
2039-06-30 00:00:00+00:00,0.0
2039-07-31 00:00:00+00:00,0.0
2039-08-31 00:00:00+00:00,0.0
2039-09-30 00:00:00+00:00,0.0
2039-10-31 00:00:00+00:00,0.0
2039-11-30 00:00:00+00:00,0.032004178
2039-12-31 00:00:00+00:00,0.026045062
2040-01-31 00:00:00+00:00,0.106492214
2040-02-29 00:00:00+00:00,0.22051641
2040-03-31 00:00:00+00:00,0.21366036
2040-04-30 00:00:00+00:00,0.023008049
2040-05-31 00:00:00+00:00,0.0019589588
2040-06-30 00:00:00+00:00,0.0
2040-07-31 00:00:00+00:00,0.0
2040-08-31 00:00:00+00:00,0.0
2040-09-30 00:00:00+00:00,5.4825915e-07
2040-10-31 00:00:00+00:00,0.0
2040-11-30 00:00:00+00:00,2.0388352e-05
2040-12-31 00:00:00+00:00,0.070742436
2041-01-31 00:00:00+00:00,0.0049747494
2041-02-28 00:00:00+00:00,0.059149113
2041-03-31 00:00:00+00:00,0.096482486
2041-04-30 00:00:00+00:00,0.00042220642
2041-05-31 00:00:00+00:00,0.0
2041-06-30 00:00:00+00:00,0.0
2041-07-31 00:00:00+00:00,0.0
2041-08-31 00:00:00+00:00,0.0
2041-09-30 00:00:00+00:00,0.0
2041-10-31 00:00:00+00:00,0.0
2041-11-30 00:00:00+00:00,0.01213785
2041-12-31 00:00:00+00:00,0.0031705217
2042-01-31 00:00:00+00:00,0.044497024
2042-02-28 00:00:00+00:00,0.08395346
2042-03-31 00:00:00+00:00,0.90446067
2042-04-30 00:00:00+00:00,0.33433607
2042-05-31 00:00:00+00:00,0.052281596
2042-06-30 00:00:00+00:00,0.0
2042-07-31 00:00:00+00:00,0.0
2042-08-31 00:00:00+00:00,0.0
2042-09-30 00:00:00+00:00,0.0
2042-10-31 00:00:00+00:00,0.016365914
2042-11-30 00:00:00+00:00,0.024265917
2042-12-31 00:00:00+00:00,0.38626662
2043-01-31 00:00:00+00:00,1.006169
2043-02-28 00:00:00+00:00,2.611982
2043-03-31 00:00:00+00:00,3.0969307
2043-04-30 00:00:00+00:00,2.2390442
2043-05-31 00:00:00+00:00,0.798634
2043-06-30 00:00:00+00:00,0.1921307
2043-07-31 00:00:00+00:00,0.023767963
2043-08-31 00:00:00+00:00,0.0
2043-09-30 00:00:00+00:00,0.0
2043-10-31 00:00:00+00:00,0.0
2043-11-30 00:00:00+00:00,0.00076389004
2043-12-31 00:00:00+00:00,0.10889091
2044-01-31 00:00:00+00:00,0.8914559
2044-02-29 00:00:00+00:00,3.022633
2044-03-31 00:00:00+00:00,2.3078425
2044-04-30 00:00:00+00:00,0.50683814
2044-05-31 00:00:00+00:00,0.17787555
2044-06-30 00:00:00+00:00,0.04821656
2044-07-31 00:00:00+00:00,0.0
2044-08-31 00:00:00+00:00,0.0
2044-09-30 00:00:00+00:00,0.0
2044-10-31 00:00:00+00:00,0.0
2044-11-30 00:00:00+00:00,0.15532042
2044-12-31 00:00:00+00:00,0.024777142
2045-01-31 00:00:00+00:00,0.008750299
2045-02-28 00:00:00+00:00,0.35724315
2045-03-31 00:00:00+00:00,0.42610937
2045-04-30 00:00:00+00:00,0.0192401
2045-05-31 00:00:00+00:00,0.0
2045-06-30 00:00:00+00:00,0.0
2045-07-31 00:00:00+00:00,0.0
2045-08-31 00:00:00+00:00,0.0
2045-09-30 00:00:00+00:00,0.0
2045-10-31 00:00:00+00:00,0.0001683188
2045-11-30 00:00:00+00:00,0.024563713
2045-12-31 00:00:00+00:00,0.0003288298
2046-01-31 00:00:00+00:00,0.0014838133
2046-02-28 00:00:00+00:00,0.41866308
2046-03-31 00:00:00+00:00,0.045596864
2046-04-30 00:00:00+00:00,0.03542065
2046-05-31 00:00:00+00:00,0.009231131
2046-06-30 00:00:00+00:00,0.0
2046-07-31 00:00:00+00:00,0.0
2046-08-31 00:00:00+00:00,0.0
2046-09-30 00:00:00+00:00,0.0
2046-10-31 00:00:00+00:00,0.00087432936
2046-11-30 00:00:00+00:00,0.0739255
2046-12-31 00:00:00+00:00,0.07589851
2047-01-31 00:00:00+00:00,0.3294125
2047-02-28 00:00:00+00:00,0.06357877
2047-03-31 00:00:00+00:00,1.3033586
2047-04-30 00:00:00+00:00,1.2839363
2047-05-31 00:00:00+00:00,0.07955831
2047-06-30 00:00:00+00:00,0.0
2047-07-31 00:00:00+00:00,0.0
2047-08-31 00:00:00+00:00,0.0
2047-09-30 00:00:00+00:00,0.0
2047-10-31 00:00:00+00:00,0.0
2047-11-30 00:00:00+00:00,0.010607538
2047-12-31 00:00:00+00:00,0.6665616
2048-01-31 00:00:00+00:00,0.96043205
2048-02-29 00:00:00+00:00,1.5336251
2048-03-31 00:00:00+00:00,2.8324687
2048-04-30 00:00:00+00:00,1.8644409
2048-05-31 00:00:00+00:00,0.7687886
2048-06-30 00:00:00+00:00,0.22886597
2048-07-31 00:00:00+00:00,0.050260723
2048-08-31 00:00:00+00:00,0.0
2048-09-30 00:00:00+00:00,0.0
2048-10-31 00:00:00+00:00,8.4892287e-07
2048-11-30 00:00:00+00:00,3.7165e-07
2048-12-31 00:00:00+00:00,0.14560492
2049-01-31 00:00:00+00:00,0.43845183
2049-02-28 00:00:00+00:00,1.7999384
2049-03-31 00:00:00+00:00,1.050007
2049-04-30 00:00:00+00:00,0.24043792
2049-05-31 00:00:00+00:00,0.04940212
2049-06-30 00:00:00+00:00,0.00016844446
2049-07-31 00:00:00+00:00,0.0
2049-08-31 00:00:00+00:00,0.0
2049-09-30 00:00:00+00:00,0.0
2049-10-31 00:00:00+00:00,6.752484e-09
2049-11-30 00:00:00+00:00,0.00056688697
2049-12-31 00:00:00+00:00,0.028539998
2050-01-31 00:00:00+00:00,0.0
2050-02-28 00:00:00+00:00,0.08519995
2050-03-31 00:00:00+00:00,0.05003027
2050-04-30 00:00:00+00:00,5.41739e-05
2050-05-31 00:00:00+00:00,3.137254e-07
2050-06-30 00:00:00+00:00,0.0
2050-07-31 00:00:00+00:00,0.0
2050-08-31 00:00:00+00:00,0.0
2050-09-30 00:00:00+00:00,0.0
2050-10-31 00:00:00+00:00,0.0
2050-11-30 00:00:00+00:00,0.0
2050-12-31 00:00:00+00:00,0.28556862
2051-01-31 00:00:00+00:00,0.29404646
2051-02-28 00:00:00+00:00,0.5180392
2051-03-31 00:00:00+00:00,0.20105809
2051-04-30 00:00:00+00:00,0.041602775
2051-05-31 00:00:00+00:00,0.0058646365
2051-06-30 00:00:00+00:00,0.0
2051-07-31 00:00:00+00:00,0.0
2051-08-31 00:00:00+00:00,0.0
2051-09-30 00:00:00+00:00,0.0
2051-10-31 00:00:00+00:00,0.0
2051-11-30 00:00:00+00:00,0.0
2051-12-31 00:00:00+00:00,0.0048141265
2052-01-31 00:00:00+00:00,0.38670257
2052-02-29 00:00:00+00:00,0.16487183
2052-03-31 00:00:00+00:00,2.0113175
2052-04-30 00:00:00+00:00,0.13272934
2052-05-31 00:00:00+00:00,0.03342751
2052-06-30 00:00:00+00:00,0.0
2052-07-31 00:00:00+00:00,0.0
2052-08-31 00:00:00+00:00,0.0
2052-09-30 00:00:00+00:00,0.0
2052-10-31 00:00:00+00:00,0.0
2052-11-30 00:00:00+00:00,0.33477962
2052-12-31 00:00:00+00:00,0.8066794
2053-01-31 00:00:00+00:00,0.2688823
2053-02-28 00:00:00+00:00,0.571382
2053-03-31 00:00:00+00:00,0.34679836
2053-04-30 00:00:00+00:00,0.20245309
2053-05-31 00:00:00+00:00,0.03759343
2053-06-30 00:00:00+00:00,0.0005605821
2053-07-31 00:00:00+00:00,0.0
2053-08-31 00:00:00+00:00,0.0
2053-09-30 00:00:00+00:00,0.0
2053-10-31 00:00:00+00:00,2.3989465e-05
2053-11-30 00:00:00+00:00,0.19573502
2053-12-31 00:00:00+00:00,0.07706287
2054-01-31 00:00:00+00:00,0.9921102
2054-02-28 00:00:00+00:00,2.5438733
2054-03-31 00:00:00+00:00,2.6008983
2054-04-30 00:00:00+00:00,1.2156091
2054-05-31 00:00:00+00:00,0.29811215
2054-06-30 00:00:00+00:00,0.06112838
2054-07-31 00:00:00+00:00,0.0022666664
2054-08-31 00:00:00+00:00,0.0
2054-09-30 00:00:00+00:00,0.0
2054-10-31 00:00:00+00:00,0.0
2054-11-30 00:00:00+00:00,0.0924518
2054-12-31 00:00:00+00:00,0.5350698
2055-01-31 00:00:00+00:00,2.1751966
2055-02-28 00:00:00+00:00,3.7046747
2055-03-31 00:00:00+00:00,2.3610208
2055-04-30 00:00:00+00:00,0.82468563
2055-05-31 00:00:00+00:00,0.3789132
2055-06-30 00:00:00+00:00,0.086568676
2055-07-31 00:00:00+00:00,0.0049058944
2055-08-31 00:00:00+00:00,0.0
2055-09-30 00:00:00+00:00,0.0
2055-10-31 00:00:00+00:00,1.8360835e-07
2055-11-30 00:00:00+00:00,0.0
2055-12-31 00:00:00+00:00,0.11207843
2056-01-31 00:00:00+00:00,0.038186748
2056-02-29 00:00:00+00:00,2.4240014e-06
2056-03-31 00:00:00+00:00,0.17570765
2056-04-30 00:00:00+00:00,0.01844492
2056-05-31 00:00:00+00:00,0.0
2056-06-30 00:00:00+00:00,0.0
2056-07-31 00:00:00+00:00,0.0
2056-08-31 00:00:00+00:00,0.0
2056-09-30 00:00:00+00:00,0.0
2056-10-31 00:00:00+00:00,0.0
2056-11-30 00:00:00+00:00,0.038474847
2056-12-31 00:00:00+00:00,0.0074872603
2057-01-31 00:00:00+00:00,1.0692587
2057-02-28 00:00:00+00:00,1.2417462
2057-03-31 00:00:00+00:00,0.48974198
2057-04-30 00:00:00+00:00,0.02299224
2057-05-31 00:00:00+00:00,0.0001883388
2057-06-30 00:00:00+00:00,0.0
2057-07-31 00:00:00+00:00,0.0
2057-08-31 00:00:00+00:00,0.0
2057-09-30 00:00:00+00:00,0.0
2057-10-31 00:00:00+00:00,0.0
2057-11-30 00:00:00+00:00,1.7995822e-05
2057-12-31 00:00:00+00:00,5.826545e-06
2058-01-31 00:00:00+00:00,0.07059722
2058-02-28 00:00:00+00:00,0.009723332
2058-03-31 00:00:00+00:00,0.006458737
2058-04-30 00:00:00+00:00,0.00027378532
2058-05-31 00:00:00+00:00,0.0
2058-06-30 00:00:00+00:00,0.0
2058-07-31 00:00:00+00:00,0.0
2058-08-31 00:00:00+00:00,0.0
2058-09-30 00:00:00+00:00,0.0
2058-10-31 00:00:00+00:00,8.8419014e-08
2058-11-30 00:00:00+00:00,0.027556544
2058-12-31 00:00:00+00:00,0.037047166
2059-01-31 00:00:00+00:00,0.009542476
2059-02-28 00:00:00+00:00,0.7194172
2059-03-31 00:00:00+00:00,0.22504453
2059-04-30 00:00:00+00:00,0.013138666
2059-05-31 00:00:00+00:00,0.04772953
2059-06-30 00:00:00+00:00,4.651589e-06
2059-07-31 00:00:00+00:00,0.0
2059-08-31 00:00:00+00:00,0.0
2059-09-30 00:00:00+00:00,0.0
2059-10-31 00:00:00+00:00,0.0002061242
2059-11-30 00:00:00+00:00,0.0
2059-12-31 00:00:00+00:00,0.08725729
2060-01-31 00:00:00+00:00,0.38333103
2060-02-29 00:00:00+00:00,0.41054043
2060-03-31 00:00:00+00:00,0.39296147
2060-04-30 00:00:00+00:00,0.23902345
2060-05-31 00:00:00+00:00,0.12354704
2060-06-30 00:00:00+00:00,0.009919891
2060-07-31 00:00:00+00:00,0.0
2060-08-31 00:00:00+00:00,0.0
2060-09-30 00:00:00+00:00,0.0
2060-10-31 00:00:00+00:00,0.003629903
2060-11-30 00:00:00+00:00,0.23772608
2060-12-31 00:00:00+00:00,0.2720109
2061-01-31 00:00:00+00:00,0.44644314
2061-02-28 00:00:00+00:00,0.39516604
2061-03-31 00:00:00+00:00,0.40246594
2061-04-30 00:00:00+00:00,0.12115862
2061-05-31 00:00:00+00:00,0.09215399
2061-06-30 00:00:00+00:00,0.0014771344
2061-07-31 00:00:00+00:00,0.0
2061-08-31 00:00:00+00:00,0.0
2061-09-30 00:00:00+00:00,0.0
2061-10-31 00:00:00+00:00,0.0
2061-11-30 00:00:00+00:00,0.0
2061-12-31 00:00:00+00:00,0.0010892828
2062-01-31 00:00:00+00:00,0.09288502
2062-02-28 00:00:00+00:00,0.839509
2062-03-31 00:00:00+00:00,0.5249214
2062-04-30 00:00:00+00:00,0.13453324
2062-05-31 00:00:00+00:00,0.0046036174
2062-06-30 00:00:00+00:00,0.0
2062-07-31 00:00:00+00:00,0.0
2062-08-31 00:00:00+00:00,0.0
2062-09-30 00:00:00+00:00,0.0
2062-10-31 00:00:00+00:00,0.0
2062-11-30 00:00:00+00:00,1.1777637e-05
2062-12-31 00:00:00+00:00,0.009550831
2063-01-31 00:00:00+00:00,0.6108315
2063-02-28 00:00:00+00:00,0.037275176
2063-03-31 00:00:00+00:00,0.0069611804
2063-04-30 00:00:00+00:00,0.003470636
2063-05-31 00:00:00+00:00,0.0
2063-06-30 00:00:00+00:00,0.0
2063-07-31 00:00:00+00:00,0.0
2063-08-31 00:00:00+00:00,0.0
2063-09-30 00:00:00+00:00,0.0
2063-10-31 00:00:00+00:00,0.0
2063-11-30 00:00:00+00:00,0.0
2063-12-31 00:00:00+00:00,0.12088939
2064-01-31 00:00:00+00:00,0.38345826
2064-02-29 00:00:00+00:00,0.48068562
2064-03-31 00:00:00+00:00,0.44165552
2064-04-30 00:00:00+00:00,0.08308885
2064-05-31 00:00:00+00:00,0.009364723
2064-06-30 00:00:00+00:00,0.0
2064-07-31 00:00:00+00:00,0.0
2064-08-31 00:00:00+00:00,0.0
2064-09-30 00:00:00+00:00,0.0
2064-10-31 00:00:00+00:00,0.0
2064-11-30 00:00:00+00:00,0.0
2064-12-31 00:00:00+00:00,0.07019817
2065-01-31 00:00:00+00:00,0.0022161817
2065-02-28 00:00:00+00:00,0.14926998
2065-03-31 00:00:00+00:00,0.56362015
2065-04-30 00:00:00+00:00,0.0592667
2065-05-31 00:00:00+00:00,0.018589986
2065-06-30 00:00:00+00:00,0.0
2065-07-31 00:00:00+00:00,0.0
2065-08-31 00:00:00+00:00,0.0
2065-09-30 00:00:00+00:00,0.0
2065-10-31 00:00:00+00:00,1.10443625e-05
2065-11-30 00:00:00+00:00,0.0023289616
2065-12-31 00:00:00+00:00,5.6898105e-05
2066-01-31 00:00:00+00:00,0.43621323
2066-02-28 00:00:00+00:00,1.9558078
2066-03-31 00:00:00+00:00,3.2084334
2066-04-30 00:00:00+00:00,2.2045352
2066-05-31 00:00:00+00:00,1.0967513
2066-06-30 00:00:00+00:00,0.07919694
2066-07-31 00:00:00+00:00,0.0
2066-08-31 00:00:00+00:00,0.0
2066-09-30 00:00:00+00:00,0.0
2066-10-31 00:00:00+00:00,0.00012647541
2066-11-30 00:00:00+00:00,1.7851697e-07
2066-12-31 00:00:00+00:00,0.0012875652
2067-01-31 00:00:00+00:00,0.26366052
2067-02-28 00:00:00+00:00,0.17689897
2067-03-31 00:00:00+00:00,0.042639215
2067-04-30 00:00:00+00:00,4.9729686e-05
2067-05-31 00:00:00+00:00,0.0
2067-06-30 00:00:00+00:00,0.0
2067-07-31 00:00:00+00:00,0.0
2067-08-31 00:00:00+00:00,0.0
2067-09-30 00:00:00+00:00,0.0
2067-10-31 00:00:00+00:00,0.0012572602
2067-11-30 00:00:00+00:00,0.30849716
2067-12-31 00:00:00+00:00,0.22764549
2068-01-31 00:00:00+00:00,0.294179
2068-02-29 00:00:00+00:00,1.2420199
2068-03-31 00:00:00+00:00,0.7768949
2068-04-30 00:00:00+00:00,0.47228563
2068-05-31 00:00:00+00:00,0.17155144
2068-06-30 00:00:00+00:00,0.018309698
2068-07-31 00:00:00+00:00,0.0
2068-08-31 00:00:00+00:00,0.0
2068-09-30 00:00:00+00:00,0.0
2068-10-31 00:00:00+00:00,0.0
2068-11-30 00:00:00+00:00,2.7874e-05
2068-12-31 00:00:00+00:00,0.0
2069-01-31 00:00:00+00:00,0.015081219
2069-02-28 00:00:00+00:00,0.18809536
2069-03-31 00:00:00+00:00,0.35925922
2069-04-30 00:00:00+00:00,0.01275884
2069-05-31 00:00:00+00:00,0.0
2069-06-30 00:00:00+00:00,0.0
2069-07-31 00:00:00+00:00,0.0
2069-08-31 00:00:00+00:00,0.0
2069-09-30 00:00:00+00:00,0.0
2069-10-31 00:00:00+00:00,0.00024676576
2069-11-30 00:00:00+00:00,0.33418727
2069-12-31 00:00:00+00:00,0.46584356
2070-01-31 00:00:00+00:00,0.23154542
2070-02-28 00:00:00+00:00,0.27678967
2070-03-31 00:00:00+00:00,0.16561306
2070-04-30 00:00:00+00:00,0.09854755
2070-05-31 00:00:00+00:00,0.012795021
2070-06-30 00:00:00+00:00,2.8060086e-07
2070-07-31 00:00:00+00:00,0.0
2070-08-31 00:00:00+00:00,0.0
2070-09-30 00:00:00+00:00,0.0
2070-10-31 00:00:00+00:00,2.9223904e-05
2070-11-30 00:00:00+00:00,0.011505454
2070-12-31 00:00:00+00:00,0.8463517
2071-01-31 00:00:00+00:00,0.66113776
2071-02-28 00:00:00+00:00,1.2611314
2071-03-31 00:00:00+00:00,5.1494718
2071-04-30 00:00:00+00:00,2.9259188
2071-05-31 00:00:00+00:00,0.74845225
2071-06-30 00:00:00+00:00,0.057727892
2071-07-31 00:00:00+00:00,0.0
2071-08-31 00:00:00+00:00,0.0
2071-09-30 00:00:00+00:00,0.0
2071-10-31 00:00:00+00:00,0.0
2071-11-30 00:00:00+00:00,6.6954635e-07
2071-12-31 00:00:00+00:00,0.0100513175
2072-01-31 00:00:00+00:00,0.021051833
2072-02-29 00:00:00+00:00,1.221419
2072-03-31 00:00:00+00:00,0.34249327
2072-04-30 00:00:00+00:00,0.019984102
2072-05-31 00:00:00+00:00,0.0
2072-06-30 00:00:00+00:00,0.0
2072-07-31 00:00:00+00:00,0.0
2072-08-31 00:00:00+00:00,0.0
2072-09-30 00:00:00+00:00,0.0
2072-10-31 00:00:00+00:00,3.2131502e-06
2072-11-30 00:00:00+00:00,0.00043463928
2072-12-31 00:00:00+00:00,0.1642722
2073-01-31 00:00:00+00:00,0.09671145
2073-02-28 00:00:00+00:00,0.08680812
2073-03-31 00:00:00+00:00,0.5585961
2073-04-30 00:00:00+00:00,0.263551
2073-05-31 00:00:00+00:00,0.07253995
2073-06-30 00:00:00+00:00,0.0007562507
2073-07-31 00:00:00+00:00,0.0
2073-08-31 00:00:00+00:00,0.0
2073-09-30 00:00:00+00:00,0.0
2073-10-31 00:00:00+00:00,0.0
2073-11-30 00:00:00+00:00,0.1452159
2073-12-31 00:00:00+00:00,0.19392721
2074-01-31 00:00:00+00:00,0.44206825
2074-02-28 00:00:00+00:00,0.74469143
2074-03-31 00:00:00+00:00,4.4550533
2074-04-30 00:00:00+00:00,3.4466057
2074-05-31 00:00:00+00:00,1.0401258
2074-06-30 00:00:00+00:00,0.19474475
2074-07-31 00:00:00+00:00,0.012906075
2074-08-31 00:00:00+00:00,0.0
2074-09-30 00:00:00+00:00,0.0
2074-10-31 00:00:00+00:00,0.0
2074-11-30 00:00:00+00:00,0.0018226717
2074-12-31 00:00:00+00:00,0.022474136
2075-01-31 00:00:00+00:00,0.022411758
2075-02-28 00:00:00+00:00,0.015077816
2075-03-31 00:00:00+00:00,0.23403056
2075-04-30 00:00:00+00:00,0.0239738
2075-05-31 00:00:00+00:00,0.0008900304
2075-06-30 00:00:00+00:00,0.0
2075-07-31 00:00:00+00:00,0.0
2075-08-31 00:00:00+00:00,0.0
2075-09-30 00:00:00+00:00,0.0
2075-10-31 00:00:00+00:00,0.0
2075-11-30 00:00:00+00:00,0.0037985968
2075-12-31 00:00:00+00:00,0.0
2076-01-31 00:00:00+00:00,0.031812374
2076-02-29 00:00:00+00:00,0.129671
2076-03-31 00:00:00+00:00,0.08008992
2076-04-30 00:00:00+00:00,0.03215927
2076-05-31 00:00:00+00:00,4.441093e-07
2076-06-30 00:00:00+00:00,0.0
2076-07-31 00:00:00+00:00,0.0
2076-08-31 00:00:00+00:00,0.0
2076-09-30 00:00:00+00:00,0.0
2076-10-31 00:00:00+00:00,3.8704284e-06
2076-11-30 00:00:00+00:00,0.0009271711
2076-12-31 00:00:00+00:00,0.00388401
2077-01-31 00:00:00+00:00,0.03306499
2077-02-28 00:00:00+00:00,0.00012883058
2077-03-31 00:00:00+00:00,0.24721992
2077-04-30 00:00:00+00:00,0.0031741336
2077-05-31 00:00:00+00:00,0.0
2077-06-30 00:00:00+00:00,0.0
2077-07-31 00:00:00+00:00,0.0
2077-08-31 00:00:00+00:00,0.0
2077-09-30 00:00:00+00:00,0.0
2077-10-31 00:00:00+00:00,1.1903187e-05
2077-11-30 00:00:00+00:00,0.0054045278
2077-12-31 00:00:00+00:00,0.04531265
2078-01-31 00:00:00+00:00,0.5610209
2078-02-28 00:00:00+00:00,0.1584137
2078-03-31 00:00:00+00:00,0.10874511
2078-04-30 00:00:00+00:00,0.016386183
2078-05-31 00:00:00+00:00,0.0012709689
2078-06-30 00:00:00+00:00,0.0
2078-07-31 00:00:00+00:00,0.0
2078-08-31 00:00:00+00:00,0.0
2078-09-30 00:00:00+00:00,0.0
2078-10-31 00:00:00+00:00,0.0
2078-11-30 00:00:00+00:00,0.0017467671
2078-12-31 00:00:00+00:00,0.0
2079-01-31 00:00:00+00:00,0.02307524
2079-02-28 00:00:00+00:00,0.0048854863
2079-03-31 00:00:00+00:00,0.00010855461
2079-04-30 00:00:00+00:00,0.057384312
2079-05-31 00:00:00+00:00,0.0
2079-06-30 00:00:00+00:00,0.0
2079-07-31 00:00:00+00:00,0.0
2079-08-31 00:00:00+00:00,0.0
2079-09-30 00:00:00+00:00,0.0
2079-10-31 00:00:00+00:00,0.0
2079-11-30 00:00:00+00:00,0.06423481
2079-12-31 00:00:00+00:00,0.9201467
2080-01-31 00:00:00+00:00,1.0139713
2080-02-29 00:00:00+00:00,0.48697013
2080-03-31 00:00:00+00:00,1.5203469
2080-04-30 00:00:00+00:00,0.9299125
2080-05-31 00:00:00+00:00,0.18894464
2080-06-30 00:00:00+00:00,0.0065519856
2080-07-31 00:00:00+00:00,0.0
2080-08-31 00:00:00+00:00,0.0
2080-09-30 00:00:00+00:00,0.0
2080-10-31 00:00:00+00:00,0.0
2080-11-30 00:00:00+00:00,0.0
2080-12-31 00:00:00+00:00,0.015732825
2081-01-31 00:00:00+00:00,0.014086993
2081-02-28 00:00:00+00:00,0.003316702
2081-03-31 00:00:00+00:00,0.009856333
2081-04-30 00:00:00+00:00,5.201245e-05
2081-05-31 00:00:00+00:00,3.6672895e-06
2081-06-30 00:00:00+00:00,2.710587e-07
2081-07-31 00:00:00+00:00,0.0
2081-08-31 00:00:00+00:00,0.0
2081-09-30 00:00:00+00:00,0.0
2081-10-31 00:00:00+00:00,0.0
2081-11-30 00:00:00+00:00,0.027981397
2081-12-31 00:00:00+00:00,0.04268494
2082-01-31 00:00:00+00:00,0.39147162
2082-02-28 00:00:00+00:00,0.08411276
2082-03-31 00:00:00+00:00,0.021683862
2082-04-30 00:00:00+00:00,0.0007466652
2082-05-31 00:00:00+00:00,2.4460704e-07
2082-06-30 00:00:00+00:00,0.0
2082-07-31 00:00:00+00:00,0.0
2082-08-31 00:00:00+00:00,0.0
2082-09-30 00:00:00+00:00,0.0
2082-10-31 00:00:00+00:00,3.0191979e-05
2082-11-30 00:00:00+00:00,0.00019918272
2082-12-31 00:00:00+00:00,0.32279557
2083-01-31 00:00:00+00:00,0.7269107
2083-02-28 00:00:00+00:00,2.5622954
2083-03-31 00:00:00+00:00,0.14097129
2083-04-30 00:00:00+00:00,0.020064833
2083-05-31 00:00:00+00:00,0.0
2083-06-30 00:00:00+00:00,0.0
2083-07-31 00:00:00+00:00,0.0
2083-08-31 00:00:00+00:00,0.0
2083-09-30 00:00:00+00:00,0.0
2083-10-31 00:00:00+00:00,0.0
2083-11-30 00:00:00+00:00,0.011412886
2083-12-31 00:00:00+00:00,0.05252982
2084-01-31 00:00:00+00:00,0.5824315
2084-02-29 00:00:00+00:00,1.6172884
2084-03-31 00:00:00+00:00,1.3844945
2084-04-30 00:00:00+00:00,0.7978459
2084-05-31 00:00:00+00:00,0.2812019
2084-06-30 00:00:00+00:00,0.088368885
2084-07-31 00:00:00+00:00,0.0025811254
2084-08-31 00:00:00+00:00,0.0
2084-09-30 00:00:00+00:00,0.0
2084-10-31 00:00:00+00:00,0.0
2084-11-30 00:00:00+00:00,0.116254136
2084-12-31 00:00:00+00:00,1.0056204
2085-01-31 00:00:00+00:00,2.0855231
2085-02-28 00:00:00+00:00,1.072822
2085-03-31 00:00:00+00:00,0.53409016
2085-04-30 00:00:00+00:00,0.45527154
2085-05-31 00:00:00+00:00,0.097606234
2085-06-30 00:00:00+00:00,0.00020609764
2085-07-31 00:00:00+00:00,0.0
2085-08-31 00:00:00+00:00,0.0
2085-09-30 00:00:00+00:00,0.0
2085-10-31 00:00:00+00:00,0.0052896817
2085-11-30 00:00:00+00:00,7.811627e-05
2085-12-31 00:00:00+00:00,0.00012248923
2086-01-31 00:00:00+00:00,0.033934608
2086-02-28 00:00:00+00:00,0.017566042
2086-03-31 00:00:00+00:00,0.0496165
2086-04-30 00:00:00+00:00,0.028876645
2086-05-31 00:00:00+00:00,0.0
2086-06-30 00:00:00+00:00,0.0
2086-07-31 00:00:00+00:00,0.0
2086-08-31 00:00:00+00:00,0.0
2086-09-30 00:00:00+00:00,0.0
2086-10-31 00:00:00+00:00,0.0
2086-11-30 00:00:00+00:00,0.00019141287
2086-12-31 00:00:00+00:00,0.0071370765
2087-01-31 00:00:00+00:00,1.5414605
2087-02-28 00:00:00+00:00,0.11870732
2087-03-31 00:00:00+00:00,0.9838581
2087-04-30 00:00:00+00:00,0.11042662
2087-05-31 00:00:00+00:00,0.0100810435
2087-06-30 00:00:00+00:00,0.0
2087-07-31 00:00:00+00:00,0.0
2087-08-31 00:00:00+00:00,0.0
2087-09-30 00:00:00+00:00,0.0
2087-10-31 00:00:00+00:00,0.00012115716
2087-11-30 00:00:00+00:00,0.0
2087-12-31 00:00:00+00:00,0.021700641
2088-01-31 00:00:00+00:00,0.05008068
2088-02-29 00:00:00+00:00,0.03592144
2088-03-31 00:00:00+00:00,0.017287893
2088-04-30 00:00:00+00:00,0.005466578
2088-05-31 00:00:00+00:00,2.296773e-05
2088-06-30 00:00:00+00:00,0.0
2088-07-31 00:00:00+00:00,0.0
2088-08-31 00:00:00+00:00,0.0
2088-09-30 00:00:00+00:00,0.0
2088-10-31 00:00:00+00:00,0.0001062246
2088-11-30 00:00:00+00:00,1.1129128e-05
2088-12-31 00:00:00+00:00,0.0002608391
2089-01-31 00:00:00+00:00,0.8118865
2089-02-28 00:00:00+00:00,1.9195518
2089-03-31 00:00:00+00:00,2.940697
2089-04-30 00:00:00+00:00,1.4935882
2089-05-31 00:00:00+00:00,0.602573
2089-06-30 00:00:00+00:00,0.13148366
2089-07-31 00:00:00+00:00,0.0103814155
2089-08-31 00:00:00+00:00,0.0
2089-09-30 00:00:00+00:00,0.0
2089-10-31 00:00:00+00:00,0.0
2089-11-30 00:00:00+00:00,5.0896462e-05
2089-12-31 00:00:00+00:00,0.03638088
2090-01-31 00:00:00+00:00,0.16015427
2090-02-28 00:00:00+00:00,0.08187703
2090-03-31 00:00:00+00:00,0.08722352
2090-04-30 00:00:00+00:00,0.049407408
2090-05-31 00:00:00+00:00,0.003060444
2090-06-30 00:00:00+00:00,0.0
2090-07-31 00:00:00+00:00,0.0
2090-08-31 00:00:00+00:00,6.4965475e-06
2090-09-30 00:00:00+00:00,0.0
2090-10-31 00:00:00+00:00,0.0
2090-11-30 00:00:00+00:00,0.0005337946
2090-12-31 00:00:00+00:00,0.030471018
2091-01-31 00:00:00+00:00,0.5454107
2091-02-28 00:00:00+00:00,0.7652551
2091-03-31 00:00:00+00:00,0.31354228
2091-04-30 00:00:00+00:00,0.07239911
2091-05-31 00:00:00+00:00,0.0015857103
2091-06-30 00:00:00+00:00,0.0
2091-07-31 00:00:00+00:00,0.0
2091-08-31 00:00:00+00:00,0.0
2091-09-30 00:00:00+00:00,0.0
2091-10-31 00:00:00+00:00,0.0
2091-11-30 00:00:00+00:00,0.0029428732
2091-12-31 00:00:00+00:00,0.009038604
2092-01-31 00:00:00+00:00,1.1708862
2092-02-29 00:00:00+00:00,0.3853174
2092-03-31 00:00:00+00:00,0.8679377
2092-04-30 00:00:00+00:00,0.27447605
2092-05-31 00:00:00+00:00,0.01591395
2092-06-30 00:00:00+00:00,0.0
2092-07-31 00:00:00+00:00,0.0
2092-08-31 00:00:00+00:00,0.0
2092-09-30 00:00:00+00:00,0.0
2092-10-31 00:00:00+00:00,0.0
2092-11-30 00:00:00+00:00,0.01613106
2092-12-31 00:00:00+00:00,0.18043783
2093-01-31 00:00:00+00:00,0.4630826
2093-02-28 00:00:00+00:00,0.32412088
2093-03-31 00:00:00+00:00,0.06931138
2093-04-30 00:00:00+00:00,0.021594638
2093-05-31 00:00:00+00:00,0.004930216
2093-06-30 00:00:00+00:00,0.0
2093-07-31 00:00:00+00:00,0.0
2093-08-31 00:00:00+00:00,0.0
2093-09-30 00:00:00+00:00,0.0
2093-10-31 00:00:00+00:00,0.0
2093-11-30 00:00:00+00:00,0.0
2093-12-31 00:00:00+00:00,0.0017318416
2094-01-31 00:00:00+00:00,0.39145893
2094-02-28 00:00:00+00:00,0.46665728
2094-03-31 00:00:00+00:00,0.4834189
2094-04-30 00:00:00+00:00,0.26132864
2094-05-31 00:00:00+00:00,0.017352799
2094-06-30 00:00:00+00:00,0.0
2094-07-31 00:00:00+00:00,0.0
2094-08-31 00:00:00+00:00,0.0
2094-09-30 00:00:00+00:00,0.0
2094-10-31 00:00:00+00:00,0.0
2094-11-30 00:00:00+00:00,1.0482445e-05
2094-12-31 00:00:00+00:00,0.0
2095-01-31 00:00:00+00:00,0.0527038
2095-02-28 00:00:00+00:00,0.038430877
2095-03-31 00:00:00+00:00,0.015640011
2095-04-30 00:00:00+00:00,5.6271492e-05
2095-05-31 00:00:00+00:00,2.2824277e-06
2095-06-30 00:00:00+00:00,0.0
2095-07-31 00:00:00+00:00,0.0
2095-08-31 00:00:00+00:00,0.0
2095-09-30 00:00:00+00:00,0.0
2095-10-31 00:00:00+00:00,0.00013496232
2095-11-30 00:00:00+00:00,0.010148675
2095-12-31 00:00:00+00:00,0.0001404404
2096-01-31 00:00:00+00:00,0.0743646
2096-02-29 00:00:00+00:00,1.1808549
2096-03-31 00:00:00+00:00,0.70644724
2096-04-30 00:00:00+00:00,0.4161157
2096-05-31 00:00:00+00:00,0.09506394
2096-06-30 00:00:00+00:00,0.011394725
2096-07-31 00:00:00+00:00,0.0
2096-08-31 00:00:00+00:00,0.0
2096-09-30 00:00:00+00:00,0.0
2096-10-31 00:00:00+00:00,0.0
2096-11-30 00:00:00+00:00,0.0028360165
2096-12-31 00:00:00+00:00,0.056975394
2097-01-31 00:00:00+00:00,0.089953505
2097-02-28 00:00:00+00:00,3.0365899
2097-03-31 00:00:00+00:00,2.5363996
2097-04-30 00:00:00+00:00,0.81555456
2097-05-31 00:00:00+00:00,0.13437599
2097-06-30 00:00:00+00:00,0.0021850937
2097-07-31 00:00:00+00:00,0.0
2097-08-31 00:00:00+00:00,0.0
2097-09-30 00:00:00+00:00,0.0
2097-10-31 00:00:00+00:00,0.0
2097-11-30 00:00:00+00:00,0.0
2097-12-31 00:00:00+00:00,0.0016387667
2098-01-31 00:00:00+00:00,0.18352747
2098-02-28 00:00:00+00:00,1.6251887
2098-03-31 00:00:00+00:00,1.0339692
2098-04-30 00:00:00+00:00,0.18355125
2098-05-31 00:00:00+00:00,0.053943865
2098-06-30 00:00:00+00:00,0.002847673
2098-07-31 00:00:00+00:00,0.0
2098-08-31 00:00:00+00:00,0.0
2098-09-30 00:00:00+00:00,0.0
2098-10-31 00:00:00+00:00,0.0
2098-11-30 00:00:00+00:00,0.0109350085
2098-12-31 00:00:00+00:00,0.5088617
2099-01-31 00:00:00+00:00,1.7394942
2099-02-28 00:00:00+00:00,1.4746627
2099-03-31 00:00:00+00:00,1.260239
2099-04-30 00:00:00+00:00,0.66090435
2099-05-31 00:00:00+00:00,0.20103127
2099-06-30 00:00:00+00:00,0.02173683
2099-07-31 00:00:00+00:00,0.0
2099-08-31 00:00:00+00:00,0.0
2099-09-30 00:00:00+00:00,0.0
2099-10-31 00:00:00+00:00,2.309777e-06
2099-11-30 00:00:00+00:00,5.501263e-05
2099-12-31 00:00:00+00:00,0.2944711
