time,soilmoist1_month_CNRM-CM5_rcp45
2006-01-31 00:00:00+00:00,7.6282744
2006-02-28 00:00:00+00:00,16.355898
2006-03-31 00:00:00+00:00,8.480928
2006-04-30 00:00:00+00:00,6.755196
2006-05-31 00:00:00+00:00,6.925392
2006-06-30 00:00:00+00:00,5.441053
2006-07-31 00:00:00+00:00,6.3225737
2006-08-31 00:00:00+00:00,11.615775
2006-09-30 00:00:00+00:00,6.64688
2006-10-31 00:00:00+00:00,6.125565
2006-11-30 00:00:00+00:00,11.186906
2006-12-31 00:00:00+00:00,11.470274
2007-01-31 00:00:00+00:00,9.286906
2007-02-28 00:00:00+00:00,15.650532
2007-03-31 00:00:00+00:00,7.7461047
2007-04-30 00:00:00+00:00,6.001203
2007-05-31 00:00:00+00:00,5.3493423
2007-06-30 00:00:00+00:00,5.5929756
2007-07-31 00:00:00+00:00,5.689825
2007-08-31 00:00:00+00:00,5.57761
2007-09-30 00:00:00+00:00,8.342058
2007-10-31 00:00:00+00:00,5.685384
2007-11-30 00:00:00+00:00,15.561718
2007-12-31 00:00:00+00:00,19.667793
2008-01-31 00:00:00+00:00,19.685966
2008-02-29 00:00:00+00:00,18.813295
2008-03-31 00:00:00+00:00,11.554392
2008-04-30 00:00:00+00:00,7.11328
2008-05-31 00:00:00+00:00,6.4420624
2008-06-30 00:00:00+00:00,5.6144805
2008-07-31 00:00:00+00:00,9.178986
2008-08-31 00:00:00+00:00,10.97392
2008-09-30 00:00:00+00:00,7.091765
2008-10-31 00:00:00+00:00,5.3984537
2008-11-30 00:00:00+00:00,5.303055
2008-12-31 00:00:00+00:00,8.72868
2009-01-31 00:00:00+00:00,15.182353
2009-02-28 00:00:00+00:00,13.185868
2009-03-31 00:00:00+00:00,10.676216
2009-04-30 00:00:00+00:00,8.870102
2009-05-31 00:00:00+00:00,5.561352
2009-06-30 00:00:00+00:00,5.323677
2009-07-31 00:00:00+00:00,5.5491395
2009-08-31 00:00:00+00:00,6.0574837
2009-09-30 00:00:00+00:00,7.8789363
2009-10-31 00:00:00+00:00,7.7349415
2009-11-30 00:00:00+00:00,12.168585
2009-12-31 00:00:00+00:00,17.006002
2010-01-31 00:00:00+00:00,16.103325
2010-02-28 00:00:00+00:00,14.096989
2010-03-31 00:00:00+00:00,12.100338
2010-04-30 00:00:00+00:00,7.18558
2010-05-31 00:00:00+00:00,5.5003805
2010-06-30 00:00:00+00:00,5.488492
2010-07-31 00:00:00+00:00,5.8229976
2010-08-31 00:00:00+00:00,5.5946426
2010-09-30 00:00:00+00:00,5.519798
2010-10-31 00:00:00+00:00,6.017709
2010-11-30 00:00:00+00:00,7.803648
2010-12-31 00:00:00+00:00,6.538949
2011-01-31 00:00:00+00:00,19.806034
2011-02-28 00:00:00+00:00,16.789452
2011-03-31 00:00:00+00:00,18.06246
2011-04-30 00:00:00+00:00,8.710123
2011-05-31 00:00:00+00:00,7.201976
2011-06-30 00:00:00+00:00,5.3691072
2011-07-31 00:00:00+00:00,5.367376
2011-08-31 00:00:00+00:00,8.467396
2011-09-30 00:00:00+00:00,5.7433496
2011-10-31 00:00:00+00:00,5.688008
2011-11-30 00:00:00+00:00,6.0525484
2011-12-31 00:00:00+00:00,6.1946507
2012-01-31 00:00:00+00:00,14.2499275
2012-02-29 00:00:00+00:00,14.847539
2012-03-31 00:00:00+00:00,8.010108
2012-04-30 00:00:00+00:00,6.4726686
2012-05-31 00:00:00+00:00,5.3658004
2012-06-30 00:00:00+00:00,5.615811
2012-07-31 00:00:00+00:00,5.603201
2012-08-31 00:00:00+00:00,6.4871216
2012-09-30 00:00:00+00:00,6.709308
2012-10-31 00:00:00+00:00,5.3238935
2012-11-30 00:00:00+00:00,5.3013635
2012-12-31 00:00:00+00:00,6.352139
2013-01-31 00:00:00+00:00,14.602254
2013-02-28 00:00:00+00:00,21.307316
2013-03-31 00:00:00+00:00,10.352407
2013-04-30 00:00:00+00:00,5.8566833
2013-05-31 00:00:00+00:00,5.3907986
2013-06-30 00:00:00+00:00,6.296665
2013-07-31 00:00:00+00:00,6.3578806
2013-08-31 00:00:00+00:00,7.109683
2013-09-30 00:00:00+00:00,8.830405
2013-10-31 00:00:00+00:00,6.306506
2013-11-30 00:00:00+00:00,7.9173355
2013-12-31 00:00:00+00:00,6.6157374
2014-01-31 00:00:00+00:00,18.564425
2014-02-28 00:00:00+00:00,19.973923
2014-03-31 00:00:00+00:00,17.76513
2014-04-30 00:00:00+00:00,9.613781
2014-05-31 00:00:00+00:00,9.164794
2014-06-30 00:00:00+00:00,5.47815
2014-07-31 00:00:00+00:00,5.9183254
2014-08-31 00:00:00+00:00,9.100857
2014-09-30 00:00:00+00:00,10.92969
2014-10-31 00:00:00+00:00,5.632795
2014-11-30 00:00:00+00:00,8.025862
2014-12-31 00:00:00+00:00,12.845233
2015-01-31 00:00:00+00:00,8.984528
2015-02-28 00:00:00+00:00,8.157295
2015-03-31 00:00:00+00:00,10.247349
2015-04-30 00:00:00+00:00,8.377772
2015-05-31 00:00:00+00:00,6.6382823
2015-06-30 00:00:00+00:00,5.7090006
2015-07-31 00:00:00+00:00,5.7068987
2015-08-31 00:00:00+00:00,5.9805694
2015-09-30 00:00:00+00:00,5.558424
2015-10-31 00:00:00+00:00,5.433132
2015-11-30 00:00:00+00:00,5.6347885
2015-12-31 00:00:00+00:00,6.0232487
2016-01-31 00:00:00+00:00,14.856415
2016-02-29 00:00:00+00:00,12.258929
2016-03-31 00:00:00+00:00,13.310637
2016-04-30 00:00:00+00:00,6.5340257
2016-05-31 00:00:00+00:00,5.402302
2016-06-30 00:00:00+00:00,5.550153
2016-07-31 00:00:00+00:00,6.635605
2016-08-31 00:00:00+00:00,6.561715
2016-09-30 00:00:00+00:00,12.219455
2016-10-31 00:00:00+00:00,10.513705
2016-11-30 00:00:00+00:00,8.726541
2016-12-31 00:00:00+00:00,12.116913
2017-01-31 00:00:00+00:00,10.068135
2017-02-28 00:00:00+00:00,18.374296
2017-03-31 00:00:00+00:00,12.901879
2017-04-30 00:00:00+00:00,6.8404956
2017-05-31 00:00:00+00:00,7.2680855
2017-06-30 00:00:00+00:00,5.46906
2017-07-31 00:00:00+00:00,8.178875
2017-08-31 00:00:00+00:00,7.098507
2017-09-30 00:00:00+00:00,5.3372765
2017-10-31 00:00:00+00:00,5.488304
2017-11-30 00:00:00+00:00,7.1186833
2017-12-31 00:00:00+00:00,14.488916
2018-01-31 00:00:00+00:00,18.420048
2018-02-28 00:00:00+00:00,17.90369
2018-03-31 00:00:00+00:00,16.600174
2018-04-30 00:00:00+00:00,11.34605
2018-05-31 00:00:00+00:00,6.1931195
2018-06-30 00:00:00+00:00,5.491925
2018-07-31 00:00:00+00:00,6.2493935
2018-08-31 00:00:00+00:00,6.5447483
2018-09-30 00:00:00+00:00,5.4520917
2018-10-31 00:00:00+00:00,5.407031
2018-11-30 00:00:00+00:00,11.811756
2018-12-31 00:00:00+00:00,10.830904
2019-01-31 00:00:00+00:00,10.653818
2019-02-28 00:00:00+00:00,9.3243885
2019-03-31 00:00:00+00:00,7.396865
2019-04-30 00:00:00+00:00,8.049394
2019-05-31 00:00:00+00:00,5.7195816
2019-06-30 00:00:00+00:00,5.3156404
2019-07-31 00:00:00+00:00,5.393081
2019-08-31 00:00:00+00:00,7.5753827
2019-09-30 00:00:00+00:00,5.468859
2019-10-31 00:00:00+00:00,5.5042424
2019-11-30 00:00:00+00:00,5.5014734
2019-12-31 00:00:00+00:00,6.805925
2020-01-31 00:00:00+00:00,15.948908
2020-02-29 00:00:00+00:00,17.275307
2020-03-31 00:00:00+00:00,14.789692
2020-04-30 00:00:00+00:00,8.899066
2020-05-31 00:00:00+00:00,6.476062
2020-06-30 00:00:00+00:00,5.400076
2020-07-31 00:00:00+00:00,5.9783993
2020-08-31 00:00:00+00:00,6.015303
2020-09-30 00:00:00+00:00,5.5861506
2020-10-31 00:00:00+00:00,5.370574
2020-11-30 00:00:00+00:00,5.397893
2020-12-31 00:00:00+00:00,6.6392355
2021-01-31 00:00:00+00:00,11.796159
2021-02-28 00:00:00+00:00,15.979615
2021-03-31 00:00:00+00:00,14.945956
2021-04-30 00:00:00+00:00,7.8680124
2021-05-31 00:00:00+00:00,5.503249
2021-06-30 00:00:00+00:00,5.312747
2021-07-31 00:00:00+00:00,6.2805266
2021-08-31 00:00:00+00:00,6.094104
2021-09-30 00:00:00+00:00,5.937503
2021-10-31 00:00:00+00:00,5.4340463
2021-11-30 00:00:00+00:00,5.3183575
2021-12-31 00:00:00+00:00,6.0392375
2022-01-31 00:00:00+00:00,14.178003
2022-02-28 00:00:00+00:00,10.83785
2022-03-31 00:00:00+00:00,12.431023
2022-04-30 00:00:00+00:00,6.139127
2022-05-31 00:00:00+00:00,5.643088
2022-06-30 00:00:00+00:00,5.324451
2022-07-31 00:00:00+00:00,8.499694
2022-08-31 00:00:00+00:00,6.532956
2022-09-30 00:00:00+00:00,6.342718
2022-10-31 00:00:00+00:00,6.6226354
2022-11-30 00:00:00+00:00,9.364096
2022-12-31 00:00:00+00:00,12.3151455
2023-01-31 00:00:00+00:00,11.5824375
2023-02-28 00:00:00+00:00,13.396074
2023-03-31 00:00:00+00:00,15.089883
2023-04-30 00:00:00+00:00,7.742432
2023-05-31 00:00:00+00:00,5.903722
2023-06-30 00:00:00+00:00,5.3865514
2023-07-31 00:00:00+00:00,6.772928
2023-08-31 00:00:00+00:00,7.130585
2023-09-30 00:00:00+00:00,7.870832
2023-10-31 00:00:00+00:00,5.42661
2023-11-30 00:00:00+00:00,9.210273
2023-12-31 00:00:00+00:00,18.039103
2024-01-31 00:00:00+00:00,18.583426
2024-02-29 00:00:00+00:00,18.771175
2024-03-31 00:00:00+00:00,15.763912
2024-04-30 00:00:00+00:00,9.717855
2024-05-31 00:00:00+00:00,5.8516407
2024-06-30 00:00:00+00:00,5.57478
2024-07-31 00:00:00+00:00,5.5206766
2024-08-31 00:00:00+00:00,5.398977
2024-09-30 00:00:00+00:00,5.361957
2024-10-31 00:00:00+00:00,5.376602
2024-11-30 00:00:00+00:00,7.9496007
2024-12-31 00:00:00+00:00,10.458345
2025-01-31 00:00:00+00:00,10.572088
2025-02-28 00:00:00+00:00,21.616426
2025-03-31 00:00:00+00:00,13.503283
2025-04-30 00:00:00+00:00,6.9822497
2025-05-31 00:00:00+00:00,6.8661685
2025-06-30 00:00:00+00:00,5.372966
2025-07-31 00:00:00+00:00,5.691388
2025-08-31 00:00:00+00:00,6.2840075
2025-09-30 00:00:00+00:00,5.60584
2025-10-31 00:00:00+00:00,5.312465
2025-11-30 00:00:00+00:00,9.54942
2025-12-31 00:00:00+00:00,10.359731
2026-01-31 00:00:00+00:00,10.927074
2026-02-28 00:00:00+00:00,13.864731
2026-03-31 00:00:00+00:00,11.88043
2026-04-30 00:00:00+00:00,7.066424
2026-05-31 00:00:00+00:00,5.7469106
2026-06-30 00:00:00+00:00,5.5185943
2026-07-31 00:00:00+00:00,5.343185
2026-08-31 00:00:00+00:00,5.737034
2026-09-30 00:00:00+00:00,5.6520467
2026-10-31 00:00:00+00:00,5.603264
2026-11-30 00:00:00+00:00,8.84002
2026-12-31 00:00:00+00:00,15.810628
2027-01-31 00:00:00+00:00,16.765049
2027-02-28 00:00:00+00:00,18.59975
2027-03-31 00:00:00+00:00,13.371007
2027-04-30 00:00:00+00:00,12.023976
2027-05-31 00:00:00+00:00,7.635348
2027-06-30 00:00:00+00:00,5.348451
2027-07-31 00:00:00+00:00,5.3047442
2027-08-31 00:00:00+00:00,5.711025
2027-09-30 00:00:00+00:00,5.4541903
2027-10-31 00:00:00+00:00,5.445675
2027-11-30 00:00:00+00:00,7.120178
2027-12-31 00:00:00+00:00,13.916651
2028-01-31 00:00:00+00:00,14.038562
2028-02-29 00:00:00+00:00,16.074427
2028-03-31 00:00:00+00:00,10.196307
2028-04-30 00:00:00+00:00,6.021606
2028-05-31 00:00:00+00:00,5.6590357
2028-06-30 00:00:00+00:00,5.311124
2028-07-31 00:00:00+00:00,6.128794
2028-08-31 00:00:00+00:00,7.8332534
2028-09-30 00:00:00+00:00,5.9451566
2028-10-31 00:00:00+00:00,5.8787785
2028-11-30 00:00:00+00:00,6.0074654
2028-12-31 00:00:00+00:00,5.665466
2029-01-31 00:00:00+00:00,6.9265604
2029-02-28 00:00:00+00:00,14.380627
2029-03-31 00:00:00+00:00,8.799507
2029-04-30 00:00:00+00:00,5.70625
2029-05-31 00:00:00+00:00,5.387266
2029-06-30 00:00:00+00:00,5.6817346
2029-07-31 00:00:00+00:00,5.526563
2029-08-31 00:00:00+00:00,7.151826
2029-09-30 00:00:00+00:00,6.2806077
2029-10-31 00:00:00+00:00,5.5795894
2029-11-30 00:00:00+00:00,6.1126404
2029-12-31 00:00:00+00:00,8.4270935
2030-01-31 00:00:00+00:00,13.197134
2030-02-28 00:00:00+00:00,12.1801605
2030-03-31 00:00:00+00:00,11.212603
2030-04-30 00:00:00+00:00,8.751094
2030-05-31 00:00:00+00:00,6.2452474
2030-06-30 00:00:00+00:00,5.3378024
2030-07-31 00:00:00+00:00,6.349181
2030-08-31 00:00:00+00:00,11.658054
2030-09-30 00:00:00+00:00,9.3293
2030-10-31 00:00:00+00:00,8.812698
2030-11-30 00:00:00+00:00,9.92753
2030-12-31 00:00:00+00:00,10.631784
2031-01-31 00:00:00+00:00,15.028553
2031-02-28 00:00:00+00:00,13.841267
2031-03-31 00:00:00+00:00,13.027739
2031-04-30 00:00:00+00:00,10.150366
2031-05-31 00:00:00+00:00,6.0286303
2031-06-30 00:00:00+00:00,6.422937
2031-07-31 00:00:00+00:00,5.76194
2031-08-31 00:00:00+00:00,6.6890535
2031-09-30 00:00:00+00:00,5.890252
2031-10-31 00:00:00+00:00,7.272089
2031-11-30 00:00:00+00:00,11.034755
2031-12-31 00:00:00+00:00,11.264457
2032-01-31 00:00:00+00:00,13.58101
2032-02-29 00:00:00+00:00,17.444887
2032-03-31 00:00:00+00:00,15.922611
2032-04-30 00:00:00+00:00,14.440741
2032-05-31 00:00:00+00:00,6.0776844
2032-06-30 00:00:00+00:00,5.3917093
2032-07-31 00:00:00+00:00,5.4048867
2032-08-31 00:00:00+00:00,7.0650353
2032-09-30 00:00:00+00:00,9.051759
2032-10-31 00:00:00+00:00,5.795004
2032-11-30 00:00:00+00:00,8.338356
2032-12-31 00:00:00+00:00,15.196807
2033-01-31 00:00:00+00:00,10.124458
2033-02-28 00:00:00+00:00,13.017233
2033-03-31 00:00:00+00:00,10.505105
2033-04-30 00:00:00+00:00,7.6053514
2033-05-31 00:00:00+00:00,5.8686175
2033-06-30 00:00:00+00:00,5.965355
2033-07-31 00:00:00+00:00,6.5103545
2033-08-31 00:00:00+00:00,5.928548
2033-09-30 00:00:00+00:00,5.6562095
2033-10-31 00:00:00+00:00,5.359944
2033-11-30 00:00:00+00:00,9.951812
2033-12-31 00:00:00+00:00,10.161434
2034-01-31 00:00:00+00:00,14.931709
2034-02-28 00:00:00+00:00,17.26842
2034-03-31 00:00:00+00:00,10.152138
2034-04-30 00:00:00+00:00,9.663331
2034-05-31 00:00:00+00:00,5.633761
2034-06-30 00:00:00+00:00,5.696881
2034-07-31 00:00:00+00:00,6.3672476
2034-08-31 00:00:00+00:00,11.949887
2034-09-30 00:00:00+00:00,15.081279
2034-10-31 00:00:00+00:00,6.2609763
2034-11-30 00:00:00+00:00,9.17565
2034-12-31 00:00:00+00:00,13.733536
2035-01-31 00:00:00+00:00,20.244568
2035-02-28 00:00:00+00:00,19.07824
2035-03-31 00:00:00+00:00,12.4272585
2035-04-30 00:00:00+00:00,6.376862
2035-05-31 00:00:00+00:00,5.775945
2035-06-30 00:00:00+00:00,5.337378
2035-07-31 00:00:00+00:00,5.594487
2035-08-31 00:00:00+00:00,6.6980295
2035-09-30 00:00:00+00:00,7.0567007
2035-10-31 00:00:00+00:00,5.973766
2035-11-30 00:00:00+00:00,7.9690914
2035-12-31 00:00:00+00:00,11.917306
2036-01-31 00:00:00+00:00,17.187796
2036-02-29 00:00:00+00:00,18.669676
2036-03-31 00:00:00+00:00,15.780556
2036-04-30 00:00:00+00:00,7.1011357
2036-05-31 00:00:00+00:00,5.6971493
2036-06-30 00:00:00+00:00,5.3343062
2036-07-31 00:00:00+00:00,8.225288
2036-08-31 00:00:00+00:00,8.55219
2036-09-30 00:00:00+00:00,5.7661443
2036-10-31 00:00:00+00:00,6.0346994
2036-11-30 00:00:00+00:00,8.085671
2036-12-31 00:00:00+00:00,12.626887
2037-01-31 00:00:00+00:00,16.711859
2037-02-28 00:00:00+00:00,19.259212
2037-03-31 00:00:00+00:00,15.559474
2037-04-30 00:00:00+00:00,7.892099
2037-05-31 00:00:00+00:00,6.2767134
2037-06-30 00:00:00+00:00,5.342739
2037-07-31 00:00:00+00:00,5.3936915
2037-08-31 00:00:00+00:00,7.0073843
2037-09-30 00:00:00+00:00,6.0358067
2037-10-31 00:00:00+00:00,5.31296
2037-11-30 00:00:00+00:00,6.6363416
2037-12-31 00:00:00+00:00,13.155229
2038-01-31 00:00:00+00:00,14.58384
2038-02-28 00:00:00+00:00,16.473333
2038-03-31 00:00:00+00:00,10.695531
2038-04-30 00:00:00+00:00,7.872937
2038-05-31 00:00:00+00:00,6.2725058
2038-06-30 00:00:00+00:00,5.4467335
2038-07-31 00:00:00+00:00,5.87964
2038-08-31 00:00:00+00:00,10.163585
2038-09-30 00:00:00+00:00,7.448434
2038-10-31 00:00:00+00:00,6.7533016
2038-11-30 00:00:00+00:00,10.163686
2038-12-31 00:00:00+00:00,10.515549
2039-01-31 00:00:00+00:00,14.309178
2039-02-28 00:00:00+00:00,17.171059
2039-03-31 00:00:00+00:00,13.788832
2039-04-30 00:00:00+00:00,7.707651
2039-05-31 00:00:00+00:00,5.5775943
2039-06-30 00:00:00+00:00,5.354252
2039-07-31 00:00:00+00:00,6.633148
2039-08-31 00:00:00+00:00,8.578388
2039-09-30 00:00:00+00:00,9.461238
2039-10-31 00:00:00+00:00,6.0836473
2039-11-30 00:00:00+00:00,8.539754
2039-12-31 00:00:00+00:00,8.088474
2040-01-31 00:00:00+00:00,7.785075
2040-02-29 00:00:00+00:00,11.949152
2040-03-31 00:00:00+00:00,8.932071
2040-04-30 00:00:00+00:00,5.7935634
2040-05-31 00:00:00+00:00,6.464624
2040-06-30 00:00:00+00:00,5.726835
2040-07-31 00:00:00+00:00,5.5530605
2040-08-31 00:00:00+00:00,8.146704
2040-09-30 00:00:00+00:00,10.212525
2040-10-31 00:00:00+00:00,5.5493727
2040-11-30 00:00:00+00:00,7.881857
2040-12-31 00:00:00+00:00,13.144556
2041-01-31 00:00:00+00:00,17.723404
2041-02-28 00:00:00+00:00,15.144537
2041-03-31 00:00:00+00:00,15.533838
2041-04-30 00:00:00+00:00,6.991368
2041-05-31 00:00:00+00:00,6.2357306
2041-06-30 00:00:00+00:00,5.3877354
2041-07-31 00:00:00+00:00,5.6673355
2041-08-31 00:00:00+00:00,5.9140325
2041-09-30 00:00:00+00:00,6.6151013
2041-10-31 00:00:00+00:00,5.6602893
2041-11-30 00:00:00+00:00,6.9385915
2041-12-31 00:00:00+00:00,6.950997
2042-01-31 00:00:00+00:00,9.000799
2042-02-28 00:00:00+00:00,12.098854
2042-03-31 00:00:00+00:00,11.654343
2042-04-30 00:00:00+00:00,5.915159
2042-05-31 00:00:00+00:00,6.1686726
2042-06-30 00:00:00+00:00,5.3801484
2042-07-31 00:00:00+00:00,6.017668
2042-08-31 00:00:00+00:00,9.278216
2042-09-30 00:00:00+00:00,5.872872
2042-10-31 00:00:00+00:00,6.0981965
2042-11-30 00:00:00+00:00,7.2070436
2042-12-31 00:00:00+00:00,13.024489
2043-01-31 00:00:00+00:00,18.05697
2043-02-28 00:00:00+00:00,12.224427
2043-03-31 00:00:00+00:00,11.200467
2043-04-30 00:00:00+00:00,8.962513
2043-05-31 00:00:00+00:00,5.5001626
2043-06-30 00:00:00+00:00,5.602702
2043-07-31 00:00:00+00:00,5.3849106
2043-08-31 00:00:00+00:00,7.340703
2043-09-30 00:00:00+00:00,9.798903
2043-10-31 00:00:00+00:00,8.521521
2043-11-30 00:00:00+00:00,9.539453
2043-12-31 00:00:00+00:00,9.448778
2044-01-31 00:00:00+00:00,16.00885
2044-02-29 00:00:00+00:00,20.925287
2044-03-31 00:00:00+00:00,16.031767
2044-04-30 00:00:00+00:00,12.512719
2044-05-31 00:00:00+00:00,6.6723404
2044-06-30 00:00:00+00:00,5.5083117
2044-07-31 00:00:00+00:00,5.3632207
2044-08-31 00:00:00+00:00,6.127885
2044-09-30 00:00:00+00:00,5.609645
2044-10-31 00:00:00+00:00,5.317814
2044-11-30 00:00:00+00:00,8.857006
2044-12-31 00:00:00+00:00,15.344217
2045-01-31 00:00:00+00:00,21.742912
2045-02-28 00:00:00+00:00,15.0055895
2045-03-31 00:00:00+00:00,10.408653
2045-04-30 00:00:00+00:00,6.625758
2045-05-31 00:00:00+00:00,6.2239
2045-06-30 00:00:00+00:00,5.34845
2045-07-31 00:00:00+00:00,5.4317074
2045-08-31 00:00:00+00:00,6.4776216
2045-09-30 00:00:00+00:00,5.8346334
2045-10-31 00:00:00+00:00,8.467846
2045-11-30 00:00:00+00:00,7.8825426
2045-12-31 00:00:00+00:00,11.068285
2046-01-31 00:00:00+00:00,12.409759
2046-02-28 00:00:00+00:00,11.163984
2046-03-31 00:00:00+00:00,11.495522
2046-04-30 00:00:00+00:00,5.890619
2046-05-31 00:00:00+00:00,5.721666
2046-06-30 00:00:00+00:00,5.373167
2046-07-31 00:00:00+00:00,5.4194937
2046-08-31 00:00:00+00:00,5.5541134
2046-09-30 00:00:00+00:00,6.325411
2046-10-31 00:00:00+00:00,5.3721313
2046-11-30 00:00:00+00:00,6.0705433
2046-12-31 00:00:00+00:00,7.869764
2047-01-31 00:00:00+00:00,14.825459
2047-02-28 00:00:00+00:00,18.92107
2047-03-31 00:00:00+00:00,11.452311
2047-04-30 00:00:00+00:00,6.79154
2047-05-31 00:00:00+00:00,5.7121997
2047-06-30 00:00:00+00:00,5.3189673
2047-07-31 00:00:00+00:00,10.906301
2047-08-31 00:00:00+00:00,7.3947735
2047-09-30 00:00:00+00:00,5.4094977
2047-10-31 00:00:00+00:00,5.330141
2047-11-30 00:00:00+00:00,5.592987
2047-12-31 00:00:00+00:00,9.476736
2048-01-31 00:00:00+00:00,9.707083
2048-02-29 00:00:00+00:00,10.323787
2048-03-31 00:00:00+00:00,11.94344
2048-04-30 00:00:00+00:00,6.7719502
2048-05-31 00:00:00+00:00,7.049869
2048-06-30 00:00:00+00:00,5.310861
2048-07-31 00:00:00+00:00,6.4581847
2048-08-31 00:00:00+00:00,11.839236
2048-09-30 00:00:00+00:00,9.701772
2048-10-31 00:00:00+00:00,8.751642
2048-11-30 00:00:00+00:00,6.2548285
2048-12-31 00:00:00+00:00,16.770275
2049-01-31 00:00:00+00:00,13.631856
2049-02-28 00:00:00+00:00,18.265337
2049-03-31 00:00:00+00:00,14.730625
2049-04-30 00:00:00+00:00,8.210171
2049-05-31 00:00:00+00:00,5.8736253
2049-06-30 00:00:00+00:00,5.439312
2049-07-31 00:00:00+00:00,9.684534
2049-08-31 00:00:00+00:00,7.8552504
2049-09-30 00:00:00+00:00,7.930941
2049-10-31 00:00:00+00:00,5.6187987
2049-11-30 00:00:00+00:00,5.4751053
2049-12-31 00:00:00+00:00,7.434635
2050-01-31 00:00:00+00:00,13.974448
2050-02-28 00:00:00+00:00,20.251143
2050-03-31 00:00:00+00:00,12.414916
2050-04-30 00:00:00+00:00,6.009454
2050-05-31 00:00:00+00:00,5.66722
2050-06-30 00:00:00+00:00,5.4633794
2050-07-31 00:00:00+00:00,5.4324512
2050-08-31 00:00:00+00:00,5.5434775
2050-09-30 00:00:00+00:00,5.4901953
2050-10-31 00:00:00+00:00,6.81305
2050-11-30 00:00:00+00:00,11.391788
2050-12-31 00:00:00+00:00,17.571367
2051-01-31 00:00:00+00:00,17.307953
2051-02-28 00:00:00+00:00,14.197753
2051-03-31 00:00:00+00:00,15.86876
2051-04-30 00:00:00+00:00,7.013931
2051-05-31 00:00:00+00:00,6.0887337
2051-06-30 00:00:00+00:00,5.39496
2051-07-31 00:00:00+00:00,5.317086
2051-08-31 00:00:00+00:00,7.638675
2051-09-30 00:00:00+00:00,9.531306
2051-10-31 00:00:00+00:00,6.5284643
2051-11-30 00:00:00+00:00,5.9389076
2051-12-31 00:00:00+00:00,10.427807
2052-01-31 00:00:00+00:00,9.931961
2052-02-29 00:00:00+00:00,7.311964
2052-03-31 00:00:00+00:00,11.515206
2052-04-30 00:00:00+00:00,5.923744
2052-05-31 00:00:00+00:00,5.3487763
2052-06-30 00:00:00+00:00,5.327073
2052-07-31 00:00:00+00:00,5.3657107
2052-08-31 00:00:00+00:00,7.2787976
2052-09-30 00:00:00+00:00,11.479067
2052-10-31 00:00:00+00:00,5.9016247
2052-11-30 00:00:00+00:00,5.7654834
2052-12-31 00:00:00+00:00,6.8236647
2053-01-31 00:00:00+00:00,19.04095
2053-02-28 00:00:00+00:00,14.095619
2053-03-31 00:00:00+00:00,13.518396
2053-04-30 00:00:00+00:00,7.803596
2053-05-31 00:00:00+00:00,5.569687
2053-06-30 00:00:00+00:00,5.3174405
2053-07-31 00:00:00+00:00,6.2385793
2053-08-31 00:00:00+00:00,8.152311
2053-09-30 00:00:00+00:00,6.4421787
2053-10-31 00:00:00+00:00,6.178778
2053-11-30 00:00:00+00:00,5.891052
2053-12-31 00:00:00+00:00,7.0855556
2054-01-31 00:00:00+00:00,14.47219
2054-02-28 00:00:00+00:00,17.723917
2054-03-31 00:00:00+00:00,14.15578
2054-04-30 00:00:00+00:00,7.334204
2054-05-31 00:00:00+00:00,6.392223
2054-06-30 00:00:00+00:00,5.5444126
2054-07-31 00:00:00+00:00,9.021974
2054-08-31 00:00:00+00:00,7.9525547
2054-09-30 00:00:00+00:00,5.927344
2054-10-31 00:00:00+00:00,8.0017395
2054-11-30 00:00:00+00:00,9.743397
2054-12-31 00:00:00+00:00,12.590051
2055-01-31 00:00:00+00:00,17.19636
2055-02-28 00:00:00+00:00,21.446253
2055-03-31 00:00:00+00:00,15.500249
2055-04-30 00:00:00+00:00,6.1987615
2055-05-31 00:00:00+00:00,5.711539
2055-06-30 00:00:00+00:00,5.659193
2055-07-31 00:00:00+00:00,5.60242
2055-08-31 00:00:00+00:00,6.3441377
2055-09-30 00:00:00+00:00,6.224954
2055-10-31 00:00:00+00:00,7.8471527
2055-11-30 00:00:00+00:00,6.8929253
2055-12-31 00:00:00+00:00,10.44549
2056-01-31 00:00:00+00:00,18.753271
2056-02-29 00:00:00+00:00,11.604405
2056-03-31 00:00:00+00:00,15.288296
2056-04-30 00:00:00+00:00,8.470736
2056-05-31 00:00:00+00:00,5.7223
2056-06-30 00:00:00+00:00,5.6679096
2056-07-31 00:00:00+00:00,5.9626613
2056-08-31 00:00:00+00:00,6.332819
2056-09-30 00:00:00+00:00,6.9977894
2056-10-31 00:00:00+00:00,5.477391
2056-11-30 00:00:00+00:00,9.951777
2056-12-31 00:00:00+00:00,11.043886
2057-01-31 00:00:00+00:00,11.447828
2057-02-28 00:00:00+00:00,13.366881
2057-03-31 00:00:00+00:00,8.891505
2057-04-30 00:00:00+00:00,6.0065584
2057-05-31 00:00:00+00:00,5.4093504
2057-06-30 00:00:00+00:00,5.321333
2057-07-31 00:00:00+00:00,5.4657264
2057-08-31 00:00:00+00:00,6.0417137
2057-09-30 00:00:00+00:00,7.215729
2057-10-31 00:00:00+00:00,6.0655394
2057-11-30 00:00:00+00:00,8.047821
2057-12-31 00:00:00+00:00,7.8990407
2058-01-31 00:00:00+00:00,7.13
2058-02-28 00:00:00+00:00,12.399804
2058-03-31 00:00:00+00:00,8.349529
2058-04-30 00:00:00+00:00,5.9023905
2058-05-31 00:00:00+00:00,5.3830624
2058-06-30 00:00:00+00:00,5.4226146
2058-07-31 00:00:00+00:00,5.4016986
2058-08-31 00:00:00+00:00,5.7323294
2058-09-30 00:00:00+00:00,6.934969
2058-10-31 00:00:00+00:00,8.389046
2058-11-30 00:00:00+00:00,7.7597127
2058-12-31 00:00:00+00:00,11.218163
2059-01-31 00:00:00+00:00,16.49664
2059-02-28 00:00:00+00:00,19.548033
2059-03-31 00:00:00+00:00,10.41718
2059-04-30 00:00:00+00:00,5.9640255
2059-05-31 00:00:00+00:00,5.7337976
2059-06-30 00:00:00+00:00,5.416456
2059-07-31 00:00:00+00:00,6.830211
2059-08-31 00:00:00+00:00,7.894179
2059-09-30 00:00:00+00:00,7.8761783
2059-10-31 00:00:00+00:00,8.462423
2059-11-30 00:00:00+00:00,11.750356
2059-12-31 00:00:00+00:00,11.823164
2060-01-31 00:00:00+00:00,16.428658
2060-02-29 00:00:00+00:00,19.724693
2060-03-31 00:00:00+00:00,13.133643
2060-04-30 00:00:00+00:00,9.649945
2060-05-31 00:00:00+00:00,6.28735
2060-06-30 00:00:00+00:00,5.389822
2060-07-31 00:00:00+00:00,6.4049363
2060-08-31 00:00:00+00:00,11.833408
2060-09-30 00:00:00+00:00,6.7814293
2060-10-31 00:00:00+00:00,5.3714166
2060-11-30 00:00:00+00:00,5.304414
2060-12-31 00:00:00+00:00,6.081911
2061-01-31 00:00:00+00:00,18.965818
2061-02-28 00:00:00+00:00,12.048378
2061-03-31 00:00:00+00:00,9.752906
2061-04-30 00:00:00+00:00,8.278789
2061-05-31 00:00:00+00:00,5.810239
2061-06-30 00:00:00+00:00,5.714411
2061-07-31 00:00:00+00:00,5.648593
2061-08-31 00:00:00+00:00,5.6509714
2061-09-30 00:00:00+00:00,6.6592817
2061-10-31 00:00:00+00:00,5.6221266
2061-11-30 00:00:00+00:00,7.1830425
2061-12-31 00:00:00+00:00,8.531828
2062-01-31 00:00:00+00:00,6.6594243
2062-02-28 00:00:00+00:00,14.214559
2062-03-31 00:00:00+00:00,7.0891128
2062-04-30 00:00:00+00:00,6.1858106
2062-05-31 00:00:00+00:00,5.4301896
2062-06-30 00:00:00+00:00,5.333041
2062-07-31 00:00:00+00:00,6.2895513
2062-08-31 00:00:00+00:00,5.9483833
2062-09-30 00:00:00+00:00,5.4873047
2062-10-31 00:00:00+00:00,5.3559527
2062-11-30 00:00:00+00:00,10.0041485
2062-12-31 00:00:00+00:00,11.560391
2063-01-31 00:00:00+00:00,16.217144
2063-02-28 00:00:00+00:00,15.1263685
2063-03-31 00:00:00+00:00,12.813893
2063-04-30 00:00:00+00:00,8.819582
2063-05-31 00:00:00+00:00,6.2990003
2063-06-30 00:00:00+00:00,5.3779316
2063-07-31 00:00:00+00:00,5.8671803
2063-08-31 00:00:00+00:00,5.9377728
2063-09-30 00:00:00+00:00,14.846509
2063-10-31 00:00:00+00:00,8.69182
2063-11-30 00:00:00+00:00,8.441278
2063-12-31 00:00:00+00:00,16.575214
2064-01-31 00:00:00+00:00,12.699042
2064-02-29 00:00:00+00:00,13.887771
2064-03-31 00:00:00+00:00,10.649379
2064-04-30 00:00:00+00:00,7.3070116
2064-05-31 00:00:00+00:00,5.4968195
2064-06-30 00:00:00+00:00,6.0707574
2064-07-31 00:00:00+00:00,5.901766
2064-08-31 00:00:00+00:00,5.7598853
2064-09-30 00:00:00+00:00,5.5193357
2064-10-31 00:00:00+00:00,5.7317076
2064-11-30 00:00:00+00:00,5.517711
2064-12-31 00:00:00+00:00,9.8128
2065-01-31 00:00:00+00:00,11.300422
2065-02-28 00:00:00+00:00,10.74531
2065-03-31 00:00:00+00:00,7.410817
2065-04-30 00:00:00+00:00,7.217832
2065-05-31 00:00:00+00:00,5.663586
2065-06-30 00:00:00+00:00,5.3086925
2065-07-31 00:00:00+00:00,5.538183
2065-08-31 00:00:00+00:00,5.756704
2065-09-30 00:00:00+00:00,7.4454904
2065-10-31 00:00:00+00:00,5.927193
2065-11-30 00:00:00+00:00,6.818569
2065-12-31 00:00:00+00:00,10.177633
2066-01-31 00:00:00+00:00,8.452123
2066-02-28 00:00:00+00:00,7.6974874
2066-03-31 00:00:00+00:00,8.925181
2066-04-30 00:00:00+00:00,8.539977
2066-05-31 00:00:00+00:00,5.869133
2066-06-30 00:00:00+00:00,5.801777
2066-07-31 00:00:00+00:00,5.68907
2066-08-31 00:00:00+00:00,6.3009043
2066-09-30 00:00:00+00:00,5.5539494
2066-10-31 00:00:00+00:00,6.539471
2066-11-30 00:00:00+00:00,7.69863
2066-12-31 00:00:00+00:00,9.825369
2067-01-31 00:00:00+00:00,16.65307
2067-02-28 00:00:00+00:00,13.884919
2067-03-31 00:00:00+00:00,20.010456
2067-04-30 00:00:00+00:00,7.533242
2067-05-31 00:00:00+00:00,6.187987
2067-06-30 00:00:00+00:00,5.3279753
2067-07-31 00:00:00+00:00,5.377178
2067-08-31 00:00:00+00:00,6.1146083
2067-09-30 00:00:00+00:00,5.4098434
2067-10-31 00:00:00+00:00,5.4454803
2067-11-30 00:00:00+00:00,9.4478445
2067-12-31 00:00:00+00:00,6.7200727
2068-01-31 00:00:00+00:00,9.17517
2068-02-29 00:00:00+00:00,7.953002
2068-03-31 00:00:00+00:00,9.903098
2068-04-30 00:00:00+00:00,6.140176
2068-05-31 00:00:00+00:00,6.3922873
2068-06-30 00:00:00+00:00,5.313275
2068-07-31 00:00:00+00:00,5.7224154
2068-08-31 00:00:00+00:00,6.947176
2068-09-30 00:00:00+00:00,5.817095
2068-10-31 00:00:00+00:00,5.320557
2068-11-30 00:00:00+00:00,7.3553877
2068-12-31 00:00:00+00:00,17.430672
2069-01-31 00:00:00+00:00,18.183708
2069-02-28 00:00:00+00:00,13.181416
2069-03-31 00:00:00+00:00,10.132481
2069-04-30 00:00:00+00:00,6.969965
2069-05-31 00:00:00+00:00,5.6062894
2069-06-30 00:00:00+00:00,5.395082
2069-07-31 00:00:00+00:00,5.5559707
2069-08-31 00:00:00+00:00,6.126476
2069-09-30 00:00:00+00:00,5.8841066
2069-10-31 00:00:00+00:00,5.6052423
2069-11-30 00:00:00+00:00,5.524446
2069-12-31 00:00:00+00:00,9.447026
2070-01-31 00:00:00+00:00,13.375652
2070-02-28 00:00:00+00:00,17.679508
2070-03-31 00:00:00+00:00,14.407322
2070-04-30 00:00:00+00:00,6.4659114
2070-05-31 00:00:00+00:00,5.3778534
2070-06-30 00:00:00+00:00,5.3381104
2070-07-31 00:00:00+00:00,6.2524185
2070-08-31 00:00:00+00:00,6.529815
2070-09-30 00:00:00+00:00,7.965202
2070-10-31 00:00:00+00:00,5.6958537
2070-11-30 00:00:00+00:00,8.717467
2070-12-31 00:00:00+00:00,10.495312
2071-01-31 00:00:00+00:00,11.990861
2071-02-28 00:00:00+00:00,11.491652
2071-03-31 00:00:00+00:00,9.283411
2071-04-30 00:00:00+00:00,6.3846292
2071-05-31 00:00:00+00:00,6.1460333
2071-06-30 00:00:00+00:00,5.333288
2071-07-31 00:00:00+00:00,6.6710963
2071-08-31 00:00:00+00:00,5.817965
2071-09-30 00:00:00+00:00,11.805418
2071-10-31 00:00:00+00:00,5.9738903
2071-11-30 00:00:00+00:00,5.343114
2071-12-31 00:00:00+00:00,6.315617
2072-01-31 00:00:00+00:00,7.5819325
2072-02-29 00:00:00+00:00,10.732277
2072-03-31 00:00:00+00:00,14.258448
2072-04-30 00:00:00+00:00,9.107703
2072-05-31 00:00:00+00:00,5.4811416
2072-06-30 00:00:00+00:00,5.305994
2072-07-31 00:00:00+00:00,5.5294194
2072-08-31 00:00:00+00:00,7.1957884
2072-09-30 00:00:00+00:00,7.523211
2072-10-31 00:00:00+00:00,7.0160313
2072-11-30 00:00:00+00:00,5.7743926
2072-12-31 00:00:00+00:00,15.642444
2073-01-31 00:00:00+00:00,21.748844
2073-02-28 00:00:00+00:00,16.689741
2073-03-31 00:00:00+00:00,15.203875
2073-04-30 00:00:00+00:00,6.7876244
2073-05-31 00:00:00+00:00,6.5560727
2073-06-30 00:00:00+00:00,5.3611608
2073-07-31 00:00:00+00:00,5.470152
2073-08-31 00:00:00+00:00,6.913233
2073-09-30 00:00:00+00:00,7.3548694
2073-10-31 00:00:00+00:00,5.653467
2073-11-30 00:00:00+00:00,5.4720917
2073-12-31 00:00:00+00:00,7.270968
2074-01-31 00:00:00+00:00,19.135633
2074-02-28 00:00:00+00:00,20.358538
2074-03-31 00:00:00+00:00,16.703695
2074-04-30 00:00:00+00:00,8.821667
2074-05-31 00:00:00+00:00,5.582535
2074-06-30 00:00:00+00:00,5.33683
2074-07-31 00:00:00+00:00,5.930766
2074-08-31 00:00:00+00:00,8.745376
2074-09-30 00:00:00+00:00,7.3640394
2074-10-31 00:00:00+00:00,6.9201226
2074-11-30 00:00:00+00:00,5.756354
2074-12-31 00:00:00+00:00,8.861667
2075-01-31 00:00:00+00:00,9.507279
2075-02-28 00:00:00+00:00,16.903336
2075-03-31 00:00:00+00:00,11.224495
2075-04-30 00:00:00+00:00,7.0951314
2075-05-31 00:00:00+00:00,5.4531875
2075-06-30 00:00:00+00:00,5.3165355
2075-07-31 00:00:00+00:00,5.3119545
2075-08-31 00:00:00+00:00,5.850565
2075-09-30 00:00:00+00:00,5.5708475
2075-10-31 00:00:00+00:00,5.4082556
2075-11-30 00:00:00+00:00,5.3243327
2075-12-31 00:00:00+00:00,7.608785
2076-01-31 00:00:00+00:00,6.6219883
2076-02-29 00:00:00+00:00,7.6311946
2076-03-31 00:00:00+00:00,14.418193
2076-04-30 00:00:00+00:00,9.458684
2076-05-31 00:00:00+00:00,5.486312
2076-06-30 00:00:00+00:00,5.3176785
2076-07-31 00:00:00+00:00,6.993098
2076-08-31 00:00:00+00:00,9.182697
2076-09-30 00:00:00+00:00,6.8686013
2076-10-31 00:00:00+00:00,6.3247776
2076-11-30 00:00:00+00:00,7.8797626
2076-12-31 00:00:00+00:00,9.495484
2077-01-31 00:00:00+00:00,18.359585
2077-02-28 00:00:00+00:00,19.188265
2077-03-31 00:00:00+00:00,15.649064
2077-04-30 00:00:00+00:00,7.5958753
2077-05-31 00:00:00+00:00,5.7469597
2077-06-30 00:00:00+00:00,5.3254404
2077-07-31 00:00:00+00:00,5.7372975
2077-08-31 00:00:00+00:00,5.568791
2077-09-30 00:00:00+00:00,5.453081
2077-10-31 00:00:00+00:00,6.720887
2077-11-30 00:00:00+00:00,6.7713614
2077-12-31 00:00:00+00:00,5.833401
2078-01-31 00:00:00+00:00,8.300733
2078-02-28 00:00:00+00:00,10.439196
2078-03-31 00:00:00+00:00,12.592938
2078-04-30 00:00:00+00:00,6.4835496
2078-05-31 00:00:00+00:00,5.466563
2078-06-30 00:00:00+00:00,5.3382406
2078-07-31 00:00:00+00:00,7.2780194
2078-08-31 00:00:00+00:00,7.8814178
2078-09-30 00:00:00+00:00,5.9365697
2078-10-31 00:00:00+00:00,5.426922
2078-11-30 00:00:00+00:00,7.2786756
2078-12-31 00:00:00+00:00,9.603641
2079-01-31 00:00:00+00:00,14.666033
2079-02-28 00:00:00+00:00,14.612775
2079-03-31 00:00:00+00:00,11.503358
2079-04-30 00:00:00+00:00,8.536174
2079-05-31 00:00:00+00:00,7.0193543
2079-06-30 00:00:00+00:00,5.386781
2079-07-31 00:00:00+00:00,5.421411
2079-08-31 00:00:00+00:00,11.837306
2079-09-30 00:00:00+00:00,8.088897
2079-10-31 00:00:00+00:00,5.951726
2079-11-30 00:00:00+00:00,7.724433
2079-12-31 00:00:00+00:00,8.552938
2080-01-31 00:00:00+00:00,8.663208
2080-02-29 00:00:00+00:00,13.928954
2080-03-31 00:00:00+00:00,8.644695
2080-04-30 00:00:00+00:00,5.5998106
2080-05-31 00:00:00+00:00,5.328535
2080-06-30 00:00:00+00:00,5.3035464
2080-07-31 00:00:00+00:00,5.3181357
2080-08-31 00:00:00+00:00,6.0179706
2080-09-30 00:00:00+00:00,6.4551954
2080-10-31 00:00:00+00:00,6.040635
2080-11-30 00:00:00+00:00,11.656565
2080-12-31 00:00:00+00:00,15.183708
2081-01-31 00:00:00+00:00,12.317329
2081-02-28 00:00:00+00:00,14.740959
2081-03-31 00:00:00+00:00,12.1824045
2081-04-30 00:00:00+00:00,7.270313
2081-05-31 00:00:00+00:00,6.671851
2081-06-30 00:00:00+00:00,5.3303437
2081-07-31 00:00:00+00:00,7.000329
2081-08-31 00:00:00+00:00,6.6374965
2081-09-30 00:00:00+00:00,7.803862
2081-10-31 00:00:00+00:00,5.3981824
2081-11-30 00:00:00+00:00,5.903603
2081-12-31 00:00:00+00:00,14.623565
2082-01-31 00:00:00+00:00,9.902238
2082-02-28 00:00:00+00:00,11.778898
2082-03-31 00:00:00+00:00,9.5003605
2082-04-30 00:00:00+00:00,8.473739
2082-05-31 00:00:00+00:00,6.1792064
2082-06-30 00:00:00+00:00,5.3125925
2082-07-31 00:00:00+00:00,5.9838777
2082-08-31 00:00:00+00:00,6.393535
2082-09-30 00:00:00+00:00,10.248367
2082-10-31 00:00:00+00:00,6.064926
2082-11-30 00:00:00+00:00,5.408302
2082-12-31 00:00:00+00:00,13.168329
2083-01-31 00:00:00+00:00,13.67225
2083-02-28 00:00:00+00:00,16.558382
2083-03-31 00:00:00+00:00,8.777051
2083-04-30 00:00:00+00:00,6.032456
2083-05-31 00:00:00+00:00,6.4452357
2083-06-30 00:00:00+00:00,5.306044
2083-07-31 00:00:00+00:00,5.5023603
2083-08-31 00:00:00+00:00,5.4443955
2083-09-30 00:00:00+00:00,5.938778
2083-10-31 00:00:00+00:00,5.41822
2083-11-30 00:00:00+00:00,6.3480396
2083-12-31 00:00:00+00:00,8.319159
2084-01-31 00:00:00+00:00,13.293319
2084-02-29 00:00:00+00:00,15.884447
2084-03-31 00:00:00+00:00,14.009452
2084-04-30 00:00:00+00:00,7.242612
2084-05-31 00:00:00+00:00,5.471537
2084-06-30 00:00:00+00:00,5.308261
2084-07-31 00:00:00+00:00,6.4213433
2084-08-31 00:00:00+00:00,6.127479
2084-09-30 00:00:00+00:00,9.9885845
2084-10-31 00:00:00+00:00,5.4437594
2084-11-30 00:00:00+00:00,10.061985
2084-12-31 00:00:00+00:00,9.29561
2085-01-31 00:00:00+00:00,8.022711
2085-02-28 00:00:00+00:00,11.133394
2085-03-31 00:00:00+00:00,16.096672
2085-04-30 00:00:00+00:00,6.7479057
2085-05-31 00:00:00+00:00,5.5348883
2085-06-30 00:00:00+00:00,5.3113666
2085-07-31 00:00:00+00:00,5.4540405
2085-08-31 00:00:00+00:00,8.0819645
2085-09-30 00:00:00+00:00,5.6789045
2085-10-31 00:00:00+00:00,5.319208
2085-11-30 00:00:00+00:00,8.553977
2085-12-31 00:00:00+00:00,10.3187275
2086-01-31 00:00:00+00:00,8.992467
2086-02-28 00:00:00+00:00,8.659746
2086-03-31 00:00:00+00:00,7.3400116
2086-04-30 00:00:00+00:00,5.813267
2086-05-31 00:00:00+00:00,5.3259487
2086-06-30 00:00:00+00:00,5.31676
2086-07-31 00:00:00+00:00,5.9398813
2086-08-31 00:00:00+00:00,8.006627
2086-09-30 00:00:00+00:00,12.673957
2086-10-31 00:00:00+00:00,7.2699833
2086-11-30 00:00:00+00:00,6.4779334
2086-12-31 00:00:00+00:00,8.809842
2087-01-31 00:00:00+00:00,13.697173
2087-02-28 00:00:00+00:00,14.341974
2087-03-31 00:00:00+00:00,11.153122
2087-04-30 00:00:00+00:00,6.770375
2087-05-31 00:00:00+00:00,5.3961334
2087-06-30 00:00:00+00:00,5.3171105
2087-07-31 00:00:00+00:00,5.40753
2087-08-31 00:00:00+00:00,8.009601
2087-09-30 00:00:00+00:00,7.543902
2087-10-31 00:00:00+00:00,5.4225745
2087-11-30 00:00:00+00:00,11.136249
2087-12-31 00:00:00+00:00,14.00555
2088-01-31 00:00:00+00:00,21.392576
2088-02-29 00:00:00+00:00,17.876234
2088-03-31 00:00:00+00:00,13.788583
2088-04-30 00:00:00+00:00,6.89434
2088-05-31 00:00:00+00:00,5.395518
2088-06-30 00:00:00+00:00,5.328676
2088-07-31 00:00:00+00:00,5.317571
2088-08-31 00:00:00+00:00,5.340263
2088-09-30 00:00:00+00:00,5.5965376
2088-10-31 00:00:00+00:00,5.339155
2088-11-30 00:00:00+00:00,7.5309114
2088-12-31 00:00:00+00:00,9.593258
2089-01-31 00:00:00+00:00,14.7931185
2089-02-28 00:00:00+00:00,13.680038
2089-03-31 00:00:00+00:00,8.851004
2089-04-30 00:00:00+00:00,6.3405533
2089-05-31 00:00:00+00:00,5.513129
2089-06-30 00:00:00+00:00,5.3146677
2089-07-31 00:00:00+00:00,6.038559
2089-08-31 00:00:00+00:00,5.5600357
2089-09-30 00:00:00+00:00,6.7740684
2089-10-31 00:00:00+00:00,5.3941236
2089-11-30 00:00:00+00:00,5.302173
2089-12-31 00:00:00+00:00,8.345655
2090-01-31 00:00:00+00:00,10.164758
2090-02-28 00:00:00+00:00,8.920775
2090-03-31 00:00:00+00:00,6.92522
2090-04-30 00:00:00+00:00,6.6907544
2090-05-31 00:00:00+00:00,5.6444583
2090-06-30 00:00:00+00:00,5.3602853
2090-07-31 00:00:00+00:00,5.9123015
2090-08-31 00:00:00+00:00,6.00813
2090-09-30 00:00:00+00:00,16.620598
2090-10-31 00:00:00+00:00,12.717519
2090-11-30 00:00:00+00:00,8.586911
2090-12-31 00:00:00+00:00,9.598548
2091-01-31 00:00:00+00:00,14.983947
2091-02-28 00:00:00+00:00,17.214474
2091-03-31 00:00:00+00:00,12.953743
2091-04-30 00:00:00+00:00,12.856573
2091-05-31 00:00:00+00:00,5.7245016
2091-06-30 00:00:00+00:00,5.523085
2091-07-31 00:00:00+00:00,5.546843
2091-08-31 00:00:00+00:00,8.381659
2091-09-30 00:00:00+00:00,6.272145
2091-10-31 00:00:00+00:00,7.4982777
2091-11-30 00:00:00+00:00,10.5002
2091-12-31 00:00:00+00:00,11.0942
2092-01-31 00:00:00+00:00,12.171591
2092-02-29 00:00:00+00:00,13.440852
2092-03-31 00:00:00+00:00,7.7528234
2092-04-30 00:00:00+00:00,9.813703
2092-05-31 00:00:00+00:00,5.820082
2092-06-30 00:00:00+00:00,5.342519
2092-07-31 00:00:00+00:00,5.366462
2092-08-31 00:00:00+00:00,8.066781
2092-09-30 00:00:00+00:00,7.505491
2092-10-31 00:00:00+00:00,5.6542416
2092-11-30 00:00:00+00:00,5.5279665
2092-12-31 00:00:00+00:00,5.530179
2093-01-31 00:00:00+00:00,9.433768
2093-02-28 00:00:00+00:00,15.151864
2093-03-31 00:00:00+00:00,15.46532
2093-04-30 00:00:00+00:00,9.044781
2093-05-31 00:00:00+00:00,5.899901
2093-06-30 00:00:00+00:00,5.3521214
2093-07-31 00:00:00+00:00,5.755816
2093-08-31 00:00:00+00:00,5.689812
2093-09-30 00:00:00+00:00,6.5216637
2093-10-31 00:00:00+00:00,7.2899566
2093-11-30 00:00:00+00:00,6.479141
2093-12-31 00:00:00+00:00,12.550644
2094-01-31 00:00:00+00:00,15.800409
2094-02-28 00:00:00+00:00,13.934846
2094-03-31 00:00:00+00:00,13.423835
2094-04-30 00:00:00+00:00,6.287139
2094-05-31 00:00:00+00:00,5.467328
2094-06-30 00:00:00+00:00,5.317193
2094-07-31 00:00:00+00:00,5.6914806
2094-08-31 00:00:00+00:00,7.143129
2094-09-30 00:00:00+00:00,6.938229
2094-10-31 00:00:00+00:00,5.3303447
2094-11-30 00:00:00+00:00,5.496708
2094-12-31 00:00:00+00:00,6.2848225
2095-01-31 00:00:00+00:00,13.099333
2095-02-28 00:00:00+00:00,16.379238
2095-03-31 00:00:00+00:00,15.367512
2095-04-30 00:00:00+00:00,10.930529
2095-05-31 00:00:00+00:00,5.7249103
2095-06-30 00:00:00+00:00,5.3555527
2095-07-31 00:00:00+00:00,5.7485948
2095-08-31 00:00:00+00:00,10.488709
2095-09-30 00:00:00+00:00,13.537556
2095-10-31 00:00:00+00:00,6.097594
2095-11-30 00:00:00+00:00,11.246106
2095-12-31 00:00:00+00:00,12.24888
2096-01-31 00:00:00+00:00,11.145071
2096-02-29 00:00:00+00:00,14.323946
2096-03-31 00:00:00+00:00,9.823839
2096-04-30 00:00:00+00:00,5.680164
2096-05-31 00:00:00+00:00,6.204173
2096-06-30 00:00:00+00:00,5.32058
2096-07-31 00:00:00+00:00,5.387838
2096-08-31 00:00:00+00:00,5.7794333
2096-09-30 00:00:00+00:00,8.447956
2096-10-31 00:00:00+00:00,5.9107375
2096-11-30 00:00:00+00:00,5.590968
2096-12-31 00:00:00+00:00,10.124922
2097-01-31 00:00:00+00:00,11.523281
2097-02-28 00:00:00+00:00,11.896111
2097-03-31 00:00:00+00:00,13.868853
2097-04-30 00:00:00+00:00,12.999183
2097-05-31 00:00:00+00:00,6.0180693
2097-06-30 00:00:00+00:00,5.335899
2097-07-31 00:00:00+00:00,5.465533
2097-08-31 00:00:00+00:00,5.6393566
2097-09-30 00:00:00+00:00,6.8301706
2097-10-31 00:00:00+00:00,6.3533115
2097-11-30 00:00:00+00:00,5.698643
2097-12-31 00:00:00+00:00,5.841786
2098-01-31 00:00:00+00:00,15.604774
2098-02-28 00:00:00+00:00,18.070482
2098-03-31 00:00:00+00:00,10.023558
2098-04-30 00:00:00+00:00,6.3977184
2098-05-31 00:00:00+00:00,5.4522476
2098-06-30 00:00:00+00:00,5.3528724
2098-07-31 00:00:00+00:00,5.3608794
2098-08-31 00:00:00+00:00,5.4383206
2098-09-30 00:00:00+00:00,6.7876606
2098-10-31 00:00:00+00:00,7.347247
2098-11-30 00:00:00+00:00,11.482572
2098-12-31 00:00:00+00:00,11.722915
2099-01-31 00:00:00+00:00,15.900213
2099-02-28 00:00:00+00:00,9.012996
2099-03-31 00:00:00+00:00,14.147676
2099-04-30 00:00:00+00:00,6.2438173
2099-05-31 00:00:00+00:00,6.3806243
2099-06-30 00:00:00+00:00,5.329782
2099-07-31 00:00:00+00:00,5.85822
2099-08-31 00:00:00+00:00,6.6751266
2099-09-30 00:00:00+00:00,14.386288
2099-10-31 00:00:00+00:00,10.483356
2099-11-30 00:00:00+00:00,8.440783
2099-12-31 00:00:00+00:00,7.5494184
