time,soilmoist1_month_MIROC5_rcp85
2006-01-31 00:00:00+00:00,8.388303
2006-02-28 00:00:00+00:00,9.996325
2006-03-31 00:00:00+00:00,11.461342
2006-04-30 00:00:00+00:00,6.443139
2006-05-31 00:00:00+00:00,5.801508
2006-06-30 00:00:00+00:00,5.8647385
2006-07-31 00:00:00+00:00,7.837615
2006-08-31 00:00:00+00:00,11.890283
2006-09-30 00:00:00+00:00,13.83441
2006-10-31 00:00:00+00:00,8.944303
2006-11-30 00:00:00+00:00,11.916564
2006-12-31 00:00:00+00:00,14.00296
2007-01-31 00:00:00+00:00,10.441203
2007-02-28 00:00:00+00:00,8.140508
2007-03-31 00:00:00+00:00,6.848199
2007-04-30 00:00:00+00:00,5.720638
2007-05-31 00:00:00+00:00,5.867008
2007-06-30 00:00:00+00:00,5.374928
2007-07-31 00:00:00+00:00,6.048503
2007-08-31 00:00:00+00:00,6.5198784
2007-09-30 00:00:00+00:00,6.5534716
2007-10-31 00:00:00+00:00,6.045969
2007-11-30 00:00:00+00:00,10.585107
2007-12-31 00:00:00+00:00,10.865861
2008-01-31 00:00:00+00:00,10.022806
2008-02-29 00:00:00+00:00,15.16062
2008-03-31 00:00:00+00:00,9.516039
2008-04-30 00:00:00+00:00,6.8220468
2008-05-31 00:00:00+00:00,5.7850504
2008-06-30 00:00:00+00:00,5.477451
2008-07-31 00:00:00+00:00,5.5144563
2008-08-31 00:00:00+00:00,5.8941946
2008-09-30 00:00:00+00:00,5.805714
2008-10-31 00:00:00+00:00,5.9069524
2008-11-30 00:00:00+00:00,6.4438195
2008-12-31 00:00:00+00:00,6.11591
2009-01-31 00:00:00+00:00,20.16585
2009-02-28 00:00:00+00:00,15.219452
2009-03-31 00:00:00+00:00,14.299654
2009-04-30 00:00:00+00:00,12.146442
2009-05-31 00:00:00+00:00,6.226748
2009-06-30 00:00:00+00:00,5.460218
2009-07-31 00:00:00+00:00,6.0966434
2009-08-31 00:00:00+00:00,8.15328
2009-09-30 00:00:00+00:00,5.685382
2009-10-31 00:00:00+00:00,5.5401454
2009-11-30 00:00:00+00:00,5.5939326
2009-12-31 00:00:00+00:00,6.4691696
2010-01-31 00:00:00+00:00,9.652592
2010-02-28 00:00:00+00:00,9.109581
2010-03-31 00:00:00+00:00,6.358186
2010-04-30 00:00:00+00:00,7.534139
2010-05-31 00:00:00+00:00,5.8183656
2010-06-30 00:00:00+00:00,5.325582
2010-07-31 00:00:00+00:00,7.4273205
2010-08-31 00:00:00+00:00,6.114833
2010-09-30 00:00:00+00:00,5.7096906
2010-10-31 00:00:00+00:00,9.106423
2010-11-30 00:00:00+00:00,13.037031
2010-12-31 00:00:00+00:00,14.33209
2011-01-31 00:00:00+00:00,11.44678
2011-02-28 00:00:00+00:00,11.336262
2011-03-31 00:00:00+00:00,9.607953
2011-04-30 00:00:00+00:00,6.9860134
2011-05-31 00:00:00+00:00,5.6254406
2011-06-30 00:00:00+00:00,5.393403
2011-07-31 00:00:00+00:00,5.5939174
2011-08-31 00:00:00+00:00,8.106775
2011-09-30 00:00:00+00:00,8.742038
2011-10-31 00:00:00+00:00,6.216828
2011-11-30 00:00:00+00:00,16.841537
2011-12-31 00:00:00+00:00,14.12048
2012-01-31 00:00:00+00:00,16.865583
2012-02-29 00:00:00+00:00,13.197901
2012-03-31 00:00:00+00:00,15.187538
2012-04-30 00:00:00+00:00,9.171716
2012-05-31 00:00:00+00:00,6.7845297
2012-06-30 00:00:00+00:00,5.430293
2012-07-31 00:00:00+00:00,5.416222
2012-08-31 00:00:00+00:00,7.8359694
2012-09-30 00:00:00+00:00,5.83497
2012-10-31 00:00:00+00:00,5.358894
2012-11-30 00:00:00+00:00,12.2570095
2012-12-31 00:00:00+00:00,15.61497
2013-01-31 00:00:00+00:00,19.28938
2013-02-28 00:00:00+00:00,19.676212
2013-03-31 00:00:00+00:00,12.222111
2013-04-30 00:00:00+00:00,11.733959
2013-05-31 00:00:00+00:00,9.281017
2013-06-30 00:00:00+00:00,5.431295
2013-07-31 00:00:00+00:00,5.3218665
2013-08-31 00:00:00+00:00,5.3175616
2013-09-30 00:00:00+00:00,5.305165
2013-10-31 00:00:00+00:00,5.357361
2013-11-30 00:00:00+00:00,6.1709685
2013-12-31 00:00:00+00:00,10.455063
2014-01-31 00:00:00+00:00,10.889555
2014-02-28 00:00:00+00:00,16.68833
2014-03-31 00:00:00+00:00,15.888571
2014-04-30 00:00:00+00:00,10.527815
2014-05-31 00:00:00+00:00,7.8125978
2014-06-30 00:00:00+00:00,6.1099977
2014-07-31 00:00:00+00:00,5.356678
2014-08-31 00:00:00+00:00,5.3040214
2014-09-30 00:00:00+00:00,5.2988224
2014-10-31 00:00:00+00:00,5.302009
2014-11-30 00:00:00+00:00,5.334708
2014-12-31 00:00:00+00:00,5.704018
2015-01-31 00:00:00+00:00,6.037781
2015-02-28 00:00:00+00:00,6.1234455
2015-03-31 00:00:00+00:00,9.031107
2015-04-30 00:00:00+00:00,6.3037405
2015-05-31 00:00:00+00:00,5.348841
2015-06-30 00:00:00+00:00,5.315756
2015-07-31 00:00:00+00:00,6.280976
2015-08-31 00:00:00+00:00,6.438191
2015-09-30 00:00:00+00:00,6.4688816
2015-10-31 00:00:00+00:00,6.034657
2015-11-30 00:00:00+00:00,6.1307516
2015-12-31 00:00:00+00:00,5.5329065
2016-01-31 00:00:00+00:00,5.564186
2016-02-29 00:00:00+00:00,7.27081
2016-03-31 00:00:00+00:00,10.155015
2016-04-30 00:00:00+00:00,7.217191
2016-05-31 00:00:00+00:00,5.575632
2016-06-30 00:00:00+00:00,5.364134
2016-07-31 00:00:00+00:00,7.464165
2016-08-31 00:00:00+00:00,7.4405107
2016-09-30 00:00:00+00:00,5.9744763
2016-10-31 00:00:00+00:00,5.613617
2016-11-30 00:00:00+00:00,10.612939
2016-12-31 00:00:00+00:00,9.035191
2017-01-31 00:00:00+00:00,8.558595
2017-02-28 00:00:00+00:00,6.823883
2017-03-31 00:00:00+00:00,10.264814
2017-04-30 00:00:00+00:00,11.3247
2017-05-31 00:00:00+00:00,7.8111625
2017-06-30 00:00:00+00:00,5.820447
2017-07-31 00:00:00+00:00,5.9959316
2017-08-31 00:00:00+00:00,8.629789
2017-09-30 00:00:00+00:00,5.6194005
2017-10-31 00:00:00+00:00,6.6035967
2017-11-30 00:00:00+00:00,7.455084
2017-12-31 00:00:00+00:00,7.64127
2018-01-31 00:00:00+00:00,7.232573
2018-02-28 00:00:00+00:00,9.94811
2018-03-31 00:00:00+00:00,12.415901
2018-04-30 00:00:00+00:00,7.499459
2018-05-31 00:00:00+00:00,7.7289414
2018-06-30 00:00:00+00:00,5.735804
2018-07-31 00:00:00+00:00,7.0186157
2018-08-31 00:00:00+00:00,6.2849
2018-09-30 00:00:00+00:00,7.6102033
2018-10-31 00:00:00+00:00,5.595851
2018-11-30 00:00:00+00:00,5.378249
2018-12-31 00:00:00+00:00,5.8099327
2019-01-31 00:00:00+00:00,12.804083
2019-02-28 00:00:00+00:00,16.445677
2019-03-31 00:00:00+00:00,15.867565
2019-04-30 00:00:00+00:00,12.903721
2019-05-31 00:00:00+00:00,6.7712407
2019-06-30 00:00:00+00:00,6.1905375
2019-07-31 00:00:00+00:00,6.13034
2019-08-31 00:00:00+00:00,7.845797
2019-09-30 00:00:00+00:00,5.7553263
2019-10-31 00:00:00+00:00,6.855515
2019-11-30 00:00:00+00:00,8.058165
2019-12-31 00:00:00+00:00,7.9164257
2020-01-31 00:00:00+00:00,8.884754
2020-02-29 00:00:00+00:00,6.9168525
2020-03-31 00:00:00+00:00,11.409345
2020-04-30 00:00:00+00:00,6.4620905
2020-05-31 00:00:00+00:00,5.375735
2020-06-30 00:00:00+00:00,5.3910804
2020-07-31 00:00:00+00:00,7.353695
2020-08-31 00:00:00+00:00,6.979681
2020-09-30 00:00:00+00:00,6.2033334
2020-10-31 00:00:00+00:00,5.4950457
2020-11-30 00:00:00+00:00,7.9904666
2020-12-31 00:00:00+00:00,12.47656
2021-01-31 00:00:00+00:00,8.9760895
2021-02-28 00:00:00+00:00,17.138384
2021-03-31 00:00:00+00:00,10.837838
2021-04-30 00:00:00+00:00,7.906015
2021-05-31 00:00:00+00:00,5.956808
2021-06-30 00:00:00+00:00,5.3159704
2021-07-31 00:00:00+00:00,5.7702546
2021-08-31 00:00:00+00:00,6.401944
2021-09-30 00:00:00+00:00,9.124703
2021-10-31 00:00:00+00:00,5.7422953
2021-11-30 00:00:00+00:00,9.258344
2021-12-31 00:00:00+00:00,9.448054
2022-01-31 00:00:00+00:00,12.730186
2022-02-28 00:00:00+00:00,11.737367
2022-03-31 00:00:00+00:00,8.957701
2022-04-30 00:00:00+00:00,5.718454
2022-05-31 00:00:00+00:00,5.8143053
2022-06-30 00:00:00+00:00,5.405559
2022-07-31 00:00:00+00:00,5.972059
2022-08-31 00:00:00+00:00,6.4349504
2022-09-30 00:00:00+00:00,5.7582855
2022-10-31 00:00:00+00:00,5.328112
2022-11-30 00:00:00+00:00,5.7597218
2022-12-31 00:00:00+00:00,11.065573
2023-01-31 00:00:00+00:00,14.125085
2023-02-28 00:00:00+00:00,14.465677
2023-03-31 00:00:00+00:00,14.224587
2023-04-30 00:00:00+00:00,7.272034
2023-05-31 00:00:00+00:00,5.469781
2023-06-30 00:00:00+00:00,5.7668324
2023-07-31 00:00:00+00:00,6.1587543
2023-08-31 00:00:00+00:00,6.9614463
2023-09-30 00:00:00+00:00,6.231062
2023-10-31 00:00:00+00:00,5.4172153
2023-11-30 00:00:00+00:00,6.5873623
2023-12-31 00:00:00+00:00,13.962986
2024-01-31 00:00:00+00:00,20.449646
2024-02-29 00:00:00+00:00,18.816465
2024-03-31 00:00:00+00:00,12.152607
2024-04-30 00:00:00+00:00,7.1610146
2024-05-31 00:00:00+00:00,6.016888
2024-06-30 00:00:00+00:00,5.428158
2024-07-31 00:00:00+00:00,7.22261
2024-08-31 00:00:00+00:00,7.135924
2024-09-30 00:00:00+00:00,6.3559484
2024-10-31 00:00:00+00:00,5.674093
2024-11-30 00:00:00+00:00,5.901966
2024-12-31 00:00:00+00:00,6.012743
2025-01-31 00:00:00+00:00,5.7688813
2025-02-28 00:00:00+00:00,18.532932
2025-03-31 00:00:00+00:00,10.630908
2025-04-30 00:00:00+00:00,7.867095
2025-05-31 00:00:00+00:00,5.520574
2025-06-30 00:00:00+00:00,5.3092375
2025-07-31 00:00:00+00:00,5.483528
2025-08-31 00:00:00+00:00,6.9332747
2025-09-30 00:00:00+00:00,10.718583
2025-10-31 00:00:00+00:00,9.421735
2025-11-30 00:00:00+00:00,7.8313017
2025-12-31 00:00:00+00:00,6.5246778
2026-01-31 00:00:00+00:00,7.1088595
2026-02-28 00:00:00+00:00,7.166901
2026-03-31 00:00:00+00:00,7.0617065
2026-04-30 00:00:00+00:00,11.67343
2026-05-31 00:00:00+00:00,5.525163
2026-06-30 00:00:00+00:00,5.3818903
2026-07-31 00:00:00+00:00,5.8397894
2026-08-31 00:00:00+00:00,5.3357887
2026-09-30 00:00:00+00:00,5.8832183
2026-10-31 00:00:00+00:00,9.6226225
2026-11-30 00:00:00+00:00,8.166201
2026-12-31 00:00:00+00:00,15.751995
2027-01-31 00:00:00+00:00,16.802
2027-02-28 00:00:00+00:00,11.6613245
2027-03-31 00:00:00+00:00,12.624986
2027-04-30 00:00:00+00:00,7.0003524
2027-05-31 00:00:00+00:00,6.2722874
2027-06-30 00:00:00+00:00,5.4393067
2027-07-31 00:00:00+00:00,5.5171885
2027-08-31 00:00:00+00:00,6.310444
2027-09-30 00:00:00+00:00,6.0072393
2027-10-31 00:00:00+00:00,6.345245
2027-11-30 00:00:00+00:00,5.573438
2027-12-31 00:00:00+00:00,15.071269
2028-01-31 00:00:00+00:00,14.401224
2028-02-29 00:00:00+00:00,13.527529
2028-03-31 00:00:00+00:00,9.402723
2028-04-30 00:00:00+00:00,6.3673835
2028-05-31 00:00:00+00:00,5.8402905
2028-06-30 00:00:00+00:00,5.389839
2028-07-31 00:00:00+00:00,5.5710273
2028-08-31 00:00:00+00:00,5.387803
2028-09-30 00:00:00+00:00,6.7361126
2028-10-31 00:00:00+00:00,5.9721303
2028-11-30 00:00:00+00:00,7.7589498
2028-12-31 00:00:00+00:00,9.291345
2029-01-31 00:00:00+00:00,18.733168
2029-02-28 00:00:00+00:00,21.55176
2029-03-31 00:00:00+00:00,16.1482
2029-04-30 00:00:00+00:00,8.007923
2029-05-31 00:00:00+00:00,7.581587
2029-06-30 00:00:00+00:00,5.5929585
2029-07-31 00:00:00+00:00,6.663356
2029-08-31 00:00:00+00:00,6.6471734
2029-09-30 00:00:00+00:00,5.823236
2029-10-31 00:00:00+00:00,5.427681
2029-11-30 00:00:00+00:00,9.24224
2029-12-31 00:00:00+00:00,11.747688
2030-01-31 00:00:00+00:00,11.943805
2030-02-28 00:00:00+00:00,12.663229
2030-03-31 00:00:00+00:00,9.2312155
2030-04-30 00:00:00+00:00,6.8675528
2030-05-31 00:00:00+00:00,6.4578075
2030-06-30 00:00:00+00:00,5.7104297
2030-07-31 00:00:00+00:00,6.649483
2030-08-31 00:00:00+00:00,7.364135
2030-09-30 00:00:00+00:00,5.62019
2030-10-31 00:00:00+00:00,7.0345335
2030-11-30 00:00:00+00:00,5.6452293
2030-12-31 00:00:00+00:00,5.845234
2031-01-31 00:00:00+00:00,9.223524
2031-02-28 00:00:00+00:00,7.2653165
2031-03-31 00:00:00+00:00,6.8588924
2031-04-30 00:00:00+00:00,11.503706
2031-05-31 00:00:00+00:00,5.526864
2031-06-30 00:00:00+00:00,5.3462157
2031-07-31 00:00:00+00:00,5.612185
2031-08-31 00:00:00+00:00,7.283925
2031-09-30 00:00:00+00:00,9.329279
2031-10-31 00:00:00+00:00,7.1837873
2031-11-30 00:00:00+00:00,5.64952
2031-12-31 00:00:00+00:00,8.177461
2032-01-31 00:00:00+00:00,11.4790325
2032-02-29 00:00:00+00:00,9.693321
2032-03-31 00:00:00+00:00,10.119363
2032-04-30 00:00:00+00:00,10.792949
2032-05-31 00:00:00+00:00,5.9895024
2032-06-30 00:00:00+00:00,5.3393536
2032-07-31 00:00:00+00:00,6.5194507
2032-08-31 00:00:00+00:00,9.026673
2032-09-30 00:00:00+00:00,6.3747215
2032-10-31 00:00:00+00:00,9.230155
2032-11-30 00:00:00+00:00,10.5983715
2032-12-31 00:00:00+00:00,12.354786
2033-01-31 00:00:00+00:00,14.1073885
2033-02-28 00:00:00+00:00,18.217064
2033-03-31 00:00:00+00:00,14.042732
2033-04-30 00:00:00+00:00,7.1816783
2033-05-31 00:00:00+00:00,5.4993362
2033-06-30 00:00:00+00:00,5.3129416
2033-07-31 00:00:00+00:00,5.89759
2033-08-31 00:00:00+00:00,6.44635
2033-09-30 00:00:00+00:00,5.874581
2033-10-31 00:00:00+00:00,5.8572664
2033-11-30 00:00:00+00:00,7.2767987
2033-12-31 00:00:00+00:00,18.631578
2034-01-31 00:00:00+00:00,16.943754
2034-02-28 00:00:00+00:00,15.481859
2034-03-31 00:00:00+00:00,15.551237
2034-04-30 00:00:00+00:00,7.7833586
2034-05-31 00:00:00+00:00,5.4637737
2034-06-30 00:00:00+00:00,5.399642
2034-07-31 00:00:00+00:00,5.6447864
2034-08-31 00:00:00+00:00,5.588143
2034-09-30 00:00:00+00:00,5.302755
2034-10-31 00:00:00+00:00,5.541448
2034-11-30 00:00:00+00:00,7.1832523
2034-12-31 00:00:00+00:00,12.823003
2035-01-31 00:00:00+00:00,8.7796
2035-02-28 00:00:00+00:00,9.690972
2035-03-31 00:00:00+00:00,10.482063
2035-04-30 00:00:00+00:00,10.884397
2035-05-31 00:00:00+00:00,5.794412
2035-06-30 00:00:00+00:00,5.512548
2035-07-31 00:00:00+00:00,5.3127904
2035-08-31 00:00:00+00:00,5.327171
2035-09-30 00:00:00+00:00,5.7830324
2035-10-31 00:00:00+00:00,7.2280793
2035-11-30 00:00:00+00:00,7.396652
2035-12-31 00:00:00+00:00,6.0255475
2036-01-31 00:00:00+00:00,7.1204753
2036-02-29 00:00:00+00:00,6.5922403
2036-03-31 00:00:00+00:00,7.2598925
2036-04-30 00:00:00+00:00,6.4286604
2036-05-31 00:00:00+00:00,5.545336
2036-06-30 00:00:00+00:00,5.308317
2036-07-31 00:00:00+00:00,7.14296
2036-08-31 00:00:00+00:00,11.611353
2036-09-30 00:00:00+00:00,6.5714765
2036-10-31 00:00:00+00:00,6.6104074
2036-11-30 00:00:00+00:00,13.284925
2036-12-31 00:00:00+00:00,14.011587
2037-01-31 00:00:00+00:00,14.13488
2037-02-28 00:00:00+00:00,15.956171
2037-03-31 00:00:00+00:00,8.345404
2037-04-30 00:00:00+00:00,6.314782
2037-05-31 00:00:00+00:00,5.4667726
2037-06-30 00:00:00+00:00,5.308475
2037-07-31 00:00:00+00:00,5.43333
2037-08-31 00:00:00+00:00,5.646527
2037-09-30 00:00:00+00:00,6.3256974
2037-10-31 00:00:00+00:00,5.3550825
2037-11-30 00:00:00+00:00,7.6557994
2037-12-31 00:00:00+00:00,7.760598
2038-01-31 00:00:00+00:00,6.817901
2038-02-28 00:00:00+00:00,5.984091
2038-03-31 00:00:00+00:00,7.4054427
2038-04-30 00:00:00+00:00,6.3320465
2038-05-31 00:00:00+00:00,5.8458557
2038-06-30 00:00:00+00:00,5.333854
2038-07-31 00:00:00+00:00,5.7328873
2038-08-31 00:00:00+00:00,7.410453
2038-09-30 00:00:00+00:00,10.792438
2038-10-31 00:00:00+00:00,6.010363
2038-11-30 00:00:00+00:00,6.346133
2038-12-31 00:00:00+00:00,9.019874
2039-01-31 00:00:00+00:00,18.643736
2039-02-28 00:00:00+00:00,17.577335
2039-03-31 00:00:00+00:00,13.151364
2039-04-30 00:00:00+00:00,7.027043
2039-05-31 00:00:00+00:00,5.755164
2039-06-30 00:00:00+00:00,5.6992164
2039-07-31 00:00:00+00:00,6.17192
2039-08-31 00:00:00+00:00,5.715704
2039-09-30 00:00:00+00:00,8.70458
2039-10-31 00:00:00+00:00,6.514671
2039-11-30 00:00:00+00:00,6.478447
2039-12-31 00:00:00+00:00,8.903647
2040-01-31 00:00:00+00:00,12.130443
2040-02-29 00:00:00+00:00,8.345802
2040-03-31 00:00:00+00:00,13.703575
2040-04-30 00:00:00+00:00,8.294713
2040-05-31 00:00:00+00:00,5.9605527
2040-06-30 00:00:00+00:00,5.3349123
2040-07-31 00:00:00+00:00,5.8657675
2040-08-31 00:00:00+00:00,6.0449038
2040-09-30 00:00:00+00:00,11.314804
2040-10-31 00:00:00+00:00,7.8542724
2040-11-30 00:00:00+00:00,15.352189
2040-12-31 00:00:00+00:00,10.3950205
2041-01-31 00:00:00+00:00,11.878975
2041-02-28 00:00:00+00:00,14.825738
2041-03-31 00:00:00+00:00,8.649561
2041-04-30 00:00:00+00:00,6.1455646
2041-05-31 00:00:00+00:00,5.430556
2041-06-30 00:00:00+00:00,5.325192
2041-07-31 00:00:00+00:00,6.18265
2041-08-31 00:00:00+00:00,5.803408
2041-09-30 00:00:00+00:00,5.695846
2041-10-31 00:00:00+00:00,5.4399185
2041-11-30 00:00:00+00:00,5.8102036
2041-12-31 00:00:00+00:00,8.608633
2042-01-31 00:00:00+00:00,14.712399
2042-02-28 00:00:00+00:00,15.0071745
2042-03-31 00:00:00+00:00,10.515092
2042-04-30 00:00:00+00:00,6.681182
2042-05-31 00:00:00+00:00,5.413842
2042-06-30 00:00:00+00:00,5.3096223
2042-07-31 00:00:00+00:00,5.298246
2042-08-31 00:00:00+00:00,7.363468
2042-09-30 00:00:00+00:00,5.936669
2042-10-31 00:00:00+00:00,5.6002126
2042-11-30 00:00:00+00:00,6.382588
2042-12-31 00:00:00+00:00,9.812018
2043-01-31 00:00:00+00:00,16.244663
2043-02-28 00:00:00+00:00,17.790777
2043-03-31 00:00:00+00:00,10.591055
2043-04-30 00:00:00+00:00,5.8952394
2043-05-31 00:00:00+00:00,6.348727
2043-06-30 00:00:00+00:00,5.560426
2043-07-31 00:00:00+00:00,5.3147163
2043-08-31 00:00:00+00:00,5.4978
2043-09-30 00:00:00+00:00,5.589662
2043-10-31 00:00:00+00:00,5.4464865
2043-11-30 00:00:00+00:00,9.585767
2043-12-31 00:00:00+00:00,8.155164
2044-01-31 00:00:00+00:00,7.0876946
2044-02-29 00:00:00+00:00,7.9999256
2044-03-31 00:00:00+00:00,6.439544
2044-04-30 00:00:00+00:00,6.201937
2044-05-31 00:00:00+00:00,6.568482
2044-06-30 00:00:00+00:00,6.3582864
2044-07-31 00:00:00+00:00,6.214357
2044-08-31 00:00:00+00:00,6.3263803
2044-09-30 00:00:00+00:00,7.749723
2044-10-31 00:00:00+00:00,8.432396
2044-11-30 00:00:00+00:00,6.1649466
2044-12-31 00:00:00+00:00,6.922386
2045-01-31 00:00:00+00:00,7.072418
2045-02-28 00:00:00+00:00,6.4299107
2045-03-31 00:00:00+00:00,15.561644
2045-04-30 00:00:00+00:00,6.6391797
2045-05-31 00:00:00+00:00,5.6995945
2045-06-30 00:00:00+00:00,6.082451
2045-07-31 00:00:00+00:00,6.5249767
2045-08-31 00:00:00+00:00,5.7344794
2045-09-30 00:00:00+00:00,5.4841948
2045-10-31 00:00:00+00:00,5.8210654
2045-11-30 00:00:00+00:00,6.2344494
2045-12-31 00:00:00+00:00,6.056486
2046-01-31 00:00:00+00:00,7.6377416
2046-02-28 00:00:00+00:00,8.248002
2046-03-31 00:00:00+00:00,6.675142
2046-04-30 00:00:00+00:00,5.615075
2046-05-31 00:00:00+00:00,5.3204503
2046-06-30 00:00:00+00:00,5.3449326
2046-07-31 00:00:00+00:00,5.5169435
2046-08-31 00:00:00+00:00,7.5151477
2046-09-30 00:00:00+00:00,5.6538353
2046-10-31 00:00:00+00:00,7.479474
2046-11-30 00:00:00+00:00,6.2392325
2046-12-31 00:00:00+00:00,18.530159
2047-01-31 00:00:00+00:00,20.010399
2047-02-28 00:00:00+00:00,15.68733
2047-03-31 00:00:00+00:00,12.088517
2047-04-30 00:00:00+00:00,6.594823
2047-05-31 00:00:00+00:00,5.3610497
2047-06-30 00:00:00+00:00,5.321826
2047-07-31 00:00:00+00:00,6.9356503
2047-08-31 00:00:00+00:00,7.0053473
2047-09-30 00:00:00+00:00,5.556542
2047-10-31 00:00:00+00:00,5.7859435
2047-11-30 00:00:00+00:00,6.325881
2047-12-31 00:00:00+00:00,7.352563
2048-01-31 00:00:00+00:00,11.388778
2048-02-29 00:00:00+00:00,17.468962
2048-03-31 00:00:00+00:00,15.024252
2048-04-30 00:00:00+00:00,9.792386
2048-05-31 00:00:00+00:00,6.5363092
2048-06-30 00:00:00+00:00,5.3359647
2048-07-31 00:00:00+00:00,5.7751393
2048-08-31 00:00:00+00:00,5.549288
2048-09-30 00:00:00+00:00,5.7574377
2048-10-31 00:00:00+00:00,6.154589
2048-11-30 00:00:00+00:00,5.605069
2048-12-31 00:00:00+00:00,12.182917
2049-01-31 00:00:00+00:00,18.249449
2049-02-28 00:00:00+00:00,12.178455
2049-03-31 00:00:00+00:00,7.759517
2049-04-30 00:00:00+00:00,6.1317563
2049-05-31 00:00:00+00:00,5.359731
2049-06-30 00:00:00+00:00,5.3275204
2049-07-31 00:00:00+00:00,5.300134
2049-08-31 00:00:00+00:00,6.0478845
2049-09-30 00:00:00+00:00,5.932745
2049-10-31 00:00:00+00:00,5.397501
2049-11-30 00:00:00+00:00,5.615031
2049-12-31 00:00:00+00:00,6.246311
2050-01-31 00:00:00+00:00,5.9416327
2050-02-28 00:00:00+00:00,10.628391
2050-03-31 00:00:00+00:00,11.984376
2050-04-30 00:00:00+00:00,6.2718077
2050-05-31 00:00:00+00:00,5.3322244
2050-06-30 00:00:00+00:00,5.301984
2050-07-31 00:00:00+00:00,5.739414
2050-08-31 00:00:00+00:00,6.6469154
2050-09-30 00:00:00+00:00,5.7720437
2050-10-31 00:00:00+00:00,5.5112996
2050-11-30 00:00:00+00:00,9.785534
2050-12-31 00:00:00+00:00,9.98471
2051-01-31 00:00:00+00:00,7.577448
2051-02-28 00:00:00+00:00,6.940408
2051-03-31 00:00:00+00:00,6.7904716
2051-04-30 00:00:00+00:00,8.185702
2051-05-31 00:00:00+00:00,6.0489163
2051-06-30 00:00:00+00:00,5.462989
2051-07-31 00:00:00+00:00,6.216454
2051-08-31 00:00:00+00:00,7.62519
2051-09-30 00:00:00+00:00,6.2267456
2051-10-31 00:00:00+00:00,5.4322305
2051-11-30 00:00:00+00:00,10.766038
2051-12-31 00:00:00+00:00,12.944687
2052-01-31 00:00:00+00:00,14.512259
2052-02-29 00:00:00+00:00,10.902411
2052-03-31 00:00:00+00:00,12.830397
2052-04-30 00:00:00+00:00,6.3613997
2052-05-31 00:00:00+00:00,5.8790407
2052-06-30 00:00:00+00:00,5.4296694
2052-07-31 00:00:00+00:00,5.3934994
2052-08-31 00:00:00+00:00,6.4278617
2052-09-30 00:00:00+00:00,9.894992
2052-10-31 00:00:00+00:00,5.8834715
2052-11-30 00:00:00+00:00,5.5736856
2052-12-31 00:00:00+00:00,6.5522337
2053-01-31 00:00:00+00:00,11.133657
2053-02-28 00:00:00+00:00,9.824664
2053-03-31 00:00:00+00:00,10.66875
2053-04-30 00:00:00+00:00,5.8203454
2053-05-31 00:00:00+00:00,5.36749
2053-06-30 00:00:00+00:00,5.4179735
2053-07-31 00:00:00+00:00,7.563026
2053-08-31 00:00:00+00:00,10.840921
2053-09-30 00:00:00+00:00,6.211462
2053-10-31 00:00:00+00:00,7.062979
2053-11-30 00:00:00+00:00,8.5060625
2053-12-31 00:00:00+00:00,15.517036
2054-01-31 00:00:00+00:00,11.981272
2054-02-28 00:00:00+00:00,14.574798
2054-03-31 00:00:00+00:00,10.23975
2054-04-30 00:00:00+00:00,7.392117
2054-05-31 00:00:00+00:00,5.484385
2054-06-30 00:00:00+00:00,5.306642
2054-07-31 00:00:00+00:00,5.9237895
2054-08-31 00:00:00+00:00,9.636309
2054-09-30 00:00:00+00:00,6.7549477
2054-10-31 00:00:00+00:00,5.8313813
2054-11-30 00:00:00+00:00,5.4276996
2054-12-31 00:00:00+00:00,7.225815
2055-01-31 00:00:00+00:00,8.667328
2055-02-28 00:00:00+00:00,19.46096
2055-03-31 00:00:00+00:00,9.47588
2055-04-30 00:00:00+00:00,6.16033
2055-05-31 00:00:00+00:00,5.4128857
2055-06-30 00:00:00+00:00,5.3119836
2055-07-31 00:00:00+00:00,5.324424
2055-08-31 00:00:00+00:00,5.6183677
2055-09-30 00:00:00+00:00,6.0261993
2055-10-31 00:00:00+00:00,5.3236914
2055-11-30 00:00:00+00:00,5.42024
2055-12-31 00:00:00+00:00,6.0725775
2056-01-31 00:00:00+00:00,9.128735
2056-02-29 00:00:00+00:00,9.162347
2056-03-31 00:00:00+00:00,10.659093
2056-04-30 00:00:00+00:00,6.0712276
2056-05-31 00:00:00+00:00,5.8985877
2056-06-30 00:00:00+00:00,5.34659
2056-07-31 00:00:00+00:00,5.4194055
2056-08-31 00:00:00+00:00,6.574773
2056-09-30 00:00:00+00:00,7.512048
2056-10-31 00:00:00+00:00,7.817527
2056-11-30 00:00:00+00:00,8.264691
2056-12-31 00:00:00+00:00,6.19047
2057-01-31 00:00:00+00:00,6.870535
2057-02-28 00:00:00+00:00,7.719018
2057-03-31 00:00:00+00:00,6.6313553
2057-04-30 00:00:00+00:00,5.674364
2057-05-31 00:00:00+00:00,5.4397545
2057-06-30 00:00:00+00:00,5.301107
2057-07-31 00:00:00+00:00,5.4293227
2057-08-31 00:00:00+00:00,6.0510435
2057-09-30 00:00:00+00:00,10.959382
2057-10-31 00:00:00+00:00,5.7655673
2057-11-30 00:00:00+00:00,8.273371
2057-12-31 00:00:00+00:00,12.929604
2058-01-31 00:00:00+00:00,8.31425
2058-02-28 00:00:00+00:00,7.4710374
2058-03-31 00:00:00+00:00,9.7420225
2058-04-30 00:00:00+00:00,7.1769285
2058-05-31 00:00:00+00:00,5.632721
2058-06-30 00:00:00+00:00,5.3068395
2058-07-31 00:00:00+00:00,5.5408707
2058-08-31 00:00:00+00:00,6.219705
2058-09-30 00:00:00+00:00,7.814971
2058-10-31 00:00:00+00:00,7.6648726
2058-11-30 00:00:00+00:00,5.6035028
2058-12-31 00:00:00+00:00,11.973571
2059-01-31 00:00:00+00:00,19.249115
2059-02-28 00:00:00+00:00,20.286
2059-03-31 00:00:00+00:00,12.746707
2059-04-30 00:00:00+00:00,6.8024364
2059-05-31 00:00:00+00:00,5.4986463
2059-06-30 00:00:00+00:00,5.685848
2059-07-31 00:00:00+00:00,5.608806
2059-08-31 00:00:00+00:00,6.613081
2059-09-30 00:00:00+00:00,5.6521306
2059-10-31 00:00:00+00:00,6.1724377
2059-11-30 00:00:00+00:00,6.06166
2059-12-31 00:00:00+00:00,11.289112
2060-01-31 00:00:00+00:00,16.588976
2060-02-29 00:00:00+00:00,17.315472
2060-03-31 00:00:00+00:00,14.134777
2060-04-30 00:00:00+00:00,8.589352
2060-05-31 00:00:00+00:00,5.551824
2060-06-30 00:00:00+00:00,5.324512
2060-07-31 00:00:00+00:00,5.8821187
2060-08-31 00:00:00+00:00,6.094202
2060-09-30 00:00:00+00:00,5.4761667
2060-10-31 00:00:00+00:00,7.0093913
2060-11-30 00:00:00+00:00,8.028686
2060-12-31 00:00:00+00:00,7.674661
2061-01-31 00:00:00+00:00,9.748419
2061-02-28 00:00:00+00:00,9.191974
2061-03-31 00:00:00+00:00,7.0189347
2061-04-30 00:00:00+00:00,5.9836545
2061-05-31 00:00:00+00:00,6.4246755
2061-06-30 00:00:00+00:00,5.3123035
2061-07-31 00:00:00+00:00,7.495869
2061-08-31 00:00:00+00:00,6.879029
2061-09-30 00:00:00+00:00,7.019301
2061-10-31 00:00:00+00:00,5.49382
2061-11-30 00:00:00+00:00,5.3364673
2061-12-31 00:00:00+00:00,5.4633284
2062-01-31 00:00:00+00:00,6.268682
2062-02-28 00:00:00+00:00,5.516449
2062-03-31 00:00:00+00:00,7.3485575
2062-04-30 00:00:00+00:00,5.6959014
2062-05-31 00:00:00+00:00,5.3102345
2062-06-30 00:00:00+00:00,5.3209696
2062-07-31 00:00:00+00:00,5.878334
2062-08-31 00:00:00+00:00,8.2745075
2062-09-30 00:00:00+00:00,7.7942343
2062-10-31 00:00:00+00:00,5.885874
2062-11-30 00:00:00+00:00,7.389383
2062-12-31 00:00:00+00:00,5.7441573
2063-01-31 00:00:00+00:00,5.8535385
2063-02-28 00:00:00+00:00,6.3385015
2063-03-31 00:00:00+00:00,7.259576
2063-04-30 00:00:00+00:00,5.877795
2063-05-31 00:00:00+00:00,5.8845153
2063-06-30 00:00:00+00:00,5.357916
2063-07-31 00:00:00+00:00,6.063863
2063-08-31 00:00:00+00:00,6.010126
2063-09-30 00:00:00+00:00,6.4945545
2063-10-31 00:00:00+00:00,5.4354267
2063-11-30 00:00:00+00:00,5.4657965
2063-12-31 00:00:00+00:00,5.405654
2064-01-31 00:00:00+00:00,18.026258
2064-02-29 00:00:00+00:00,14.026537
2064-03-31 00:00:00+00:00,8.645127
2064-04-30 00:00:00+00:00,9.142814
2064-05-31 00:00:00+00:00,5.724541
2064-06-30 00:00:00+00:00,5.6484194
2064-07-31 00:00:00+00:00,6.051338
2064-08-31 00:00:00+00:00,6.7317657
2064-09-30 00:00:00+00:00,5.7786555
2064-10-31 00:00:00+00:00,5.877345
2064-11-30 00:00:00+00:00,6.528925
2064-12-31 00:00:00+00:00,7.127173
2065-01-31 00:00:00+00:00,9.907993
2065-02-28 00:00:00+00:00,18.649714
2065-03-31 00:00:00+00:00,11.977995
2065-04-30 00:00:00+00:00,6.5174117
2065-05-31 00:00:00+00:00,5.617022
2065-06-30 00:00:00+00:00,5.40016
2065-07-31 00:00:00+00:00,5.961891
2065-08-31 00:00:00+00:00,6.635333
2065-09-30 00:00:00+00:00,6.2533774
2065-10-31 00:00:00+00:00,5.6828737
2065-11-30 00:00:00+00:00,9.93263
2065-12-31 00:00:00+00:00,8.222269
2066-01-31 00:00:00+00:00,18.396852
2066-02-28 00:00:00+00:00,17.089113
2066-03-31 00:00:00+00:00,15.242
2066-04-30 00:00:00+00:00,9.3631525
2066-05-31 00:00:00+00:00,5.788332
2066-06-30 00:00:00+00:00,5.3318954
2066-07-31 00:00:00+00:00,5.826583
2066-08-31 00:00:00+00:00,6.6077156
2066-09-30 00:00:00+00:00,5.8297377
2066-10-31 00:00:00+00:00,5.438757
2066-11-30 00:00:00+00:00,13.243388
2066-12-31 00:00:00+00:00,9.282457
2067-01-31 00:00:00+00:00,14.245396
2067-02-28 00:00:00+00:00,12.445642
2067-03-31 00:00:00+00:00,7.459926
2067-04-30 00:00:00+00:00,5.963433
2067-05-31 00:00:00+00:00,6.0839725
2067-06-30 00:00:00+00:00,5.3549657
2067-07-31 00:00:00+00:00,5.650171
2067-08-31 00:00:00+00:00,7.616355
2067-09-30 00:00:00+00:00,6.7999516
2067-10-31 00:00:00+00:00,6.002979
2067-11-30 00:00:00+00:00,5.435023
2067-12-31 00:00:00+00:00,5.3547125
2068-01-31 00:00:00+00:00,5.6611357
2068-02-29 00:00:00+00:00,5.9993076
2068-03-31 00:00:00+00:00,13.419849
2068-04-30 00:00:00+00:00,10.024492
2068-05-31 00:00:00+00:00,5.7483582
2068-06-30 00:00:00+00:00,5.3589177
2068-07-31 00:00:00+00:00,5.6761565
2068-08-31 00:00:00+00:00,5.3616233
2068-09-30 00:00:00+00:00,6.092288
2068-10-31 00:00:00+00:00,5.5213656
2068-11-30 00:00:00+00:00,5.3169174
2068-12-31 00:00:00+00:00,10.989741
2069-01-31 00:00:00+00:00,7.9562645
2069-02-28 00:00:00+00:00,6.332493
2069-03-31 00:00:00+00:00,7.3162146
2069-04-30 00:00:00+00:00,7.2100015
2069-05-31 00:00:00+00:00,5.502467
2069-06-30 00:00:00+00:00,5.3002687
2069-07-31 00:00:00+00:00,6.5496254
2069-08-31 00:00:00+00:00,6.7357736
2069-09-30 00:00:00+00:00,6.7917695
2069-10-31 00:00:00+00:00,5.5129433
2069-11-30 00:00:00+00:00,7.2076707
2069-12-31 00:00:00+00:00,7.284351
2070-01-31 00:00:00+00:00,16.82443
2070-02-28 00:00:00+00:00,9.306508
2070-03-31 00:00:00+00:00,7.2475734
2070-04-30 00:00:00+00:00,5.755143
2070-05-31 00:00:00+00:00,5.3146467
2070-06-30 00:00:00+00:00,5.4819217
2070-07-31 00:00:00+00:00,6.3237157
2070-08-31 00:00:00+00:00,7.5370255
2070-09-30 00:00:00+00:00,5.7479715
2070-10-31 00:00:00+00:00,5.5953245
2070-11-30 00:00:00+00:00,5.8179116
2070-12-31 00:00:00+00:00,11.318851
2071-01-31 00:00:00+00:00,18.378637
2071-02-28 00:00:00+00:00,13.593957
2071-03-31 00:00:00+00:00,14.810793
2071-04-30 00:00:00+00:00,8.045697
2071-05-31 00:00:00+00:00,6.082427
2071-06-30 00:00:00+00:00,5.3984895
2071-07-31 00:00:00+00:00,6.3246593
2071-08-31 00:00:00+00:00,6.91521
2071-09-30 00:00:00+00:00,5.992304
2071-10-31 00:00:00+00:00,5.8769774
2071-11-30 00:00:00+00:00,8.573041
2071-12-31 00:00:00+00:00,11.15326
2072-01-31 00:00:00+00:00,13.282187
2072-02-29 00:00:00+00:00,15.610423
2072-03-31 00:00:00+00:00,7.978183
2072-04-30 00:00:00+00:00,5.5764985
2072-05-31 00:00:00+00:00,5.3156652
2072-06-30 00:00:00+00:00,5.9120016
2072-07-31 00:00:00+00:00,6.391887
2072-08-31 00:00:00+00:00,7.052171
2072-09-30 00:00:00+00:00,5.6256104
2072-10-31 00:00:00+00:00,5.593417
2072-11-30 00:00:00+00:00,6.109759
2072-12-31 00:00:00+00:00,7.3067594
2073-01-31 00:00:00+00:00,6.2253885
2073-02-28 00:00:00+00:00,5.8485055
2073-03-31 00:00:00+00:00,11.712911
2073-04-30 00:00:00+00:00,7.1150126
2073-05-31 00:00:00+00:00,5.459619
2073-06-30 00:00:00+00:00,5.308227
2073-07-31 00:00:00+00:00,5.38144
2073-08-31 00:00:00+00:00,5.993374
2073-09-30 00:00:00+00:00,5.450001
2073-10-31 00:00:00+00:00,8.597115
2073-11-30 00:00:00+00:00,7.418585
2073-12-31 00:00:00+00:00,7.1289363
2074-01-31 00:00:00+00:00,6.1311574
2074-02-28 00:00:00+00:00,7.6571774
2074-03-31 00:00:00+00:00,9.164697
2074-04-30 00:00:00+00:00,6.6157193
2074-05-31 00:00:00+00:00,5.3780284
2074-06-30 00:00:00+00:00,5.300461
2074-07-31 00:00:00+00:00,5.702136
2074-08-31 00:00:00+00:00,7.102546
2074-09-30 00:00:00+00:00,5.9872375
2074-10-31 00:00:00+00:00,5.4572153
2074-11-30 00:00:00+00:00,7.4787326
2074-12-31 00:00:00+00:00,9.66323
2075-01-31 00:00:00+00:00,10.316545
2075-02-28 00:00:00+00:00,9.261292
2075-03-31 00:00:00+00:00,10.070226
2075-04-30 00:00:00+00:00,6.1838274
2075-05-31 00:00:00+00:00,5.45411
2075-06-30 00:00:00+00:00,5.3387737
2075-07-31 00:00:00+00:00,5.6353
2075-08-31 00:00:00+00:00,6.445777
2075-09-30 00:00:00+00:00,6.796138
2075-10-31 00:00:00+00:00,5.493515
2075-11-30 00:00:00+00:00,5.9538617
2075-12-31 00:00:00+00:00,9.651037
2076-01-31 00:00:00+00:00,14.050739
2076-02-29 00:00:00+00:00,16.705574
2076-03-31 00:00:00+00:00,16.391665
2076-04-30 00:00:00+00:00,10.588496
2076-05-31 00:00:00+00:00,5.760753
2076-06-30 00:00:00+00:00,5.3580813
2076-07-31 00:00:00+00:00,5.3690653
2076-08-31 00:00:00+00:00,6.1402345
2076-09-30 00:00:00+00:00,7.586613
2076-10-31 00:00:00+00:00,5.4828796
2076-11-30 00:00:00+00:00,9.240441
2076-12-31 00:00:00+00:00,10.317194
2077-01-31 00:00:00+00:00,17.61879
2077-02-28 00:00:00+00:00,18.257318
2077-03-31 00:00:00+00:00,12.219071
2077-04-30 00:00:00+00:00,6.5232515
2077-05-31 00:00:00+00:00,5.3633184
2077-06-30 00:00:00+00:00,5.363263
2077-07-31 00:00:00+00:00,5.8802814
2077-08-31 00:00:00+00:00,6.1583304
2077-09-30 00:00:00+00:00,5.5496373
2077-10-31 00:00:00+00:00,5.42356
2077-11-30 00:00:00+00:00,5.9378905
2077-12-31 00:00:00+00:00,10.136411
2078-01-31 00:00:00+00:00,8.50412
2078-02-28 00:00:00+00:00,6.4185786
2078-03-31 00:00:00+00:00,6.097673
2078-04-30 00:00:00+00:00,8.830082
2078-05-31 00:00:00+00:00,5.373873
2078-06-30 00:00:00+00:00,5.3237195
2078-07-31 00:00:00+00:00,5.634889
2078-08-31 00:00:00+00:00,5.5404267
2078-09-30 00:00:00+00:00,7.569685
2078-10-31 00:00:00+00:00,5.5118237
2078-11-30 00:00:00+00:00,5.3145595
2078-12-31 00:00:00+00:00,5.4365306
2079-01-31 00:00:00+00:00,6.2332306
2079-02-28 00:00:00+00:00,7.2885265
2079-03-31 00:00:00+00:00,8.704641
2079-04-30 00:00:00+00:00,6.2026515
2079-05-31 00:00:00+00:00,5.3907404
2079-06-30 00:00:00+00:00,5.300207
2079-07-31 00:00:00+00:00,6.72661
2079-08-31 00:00:00+00:00,6.6498847
2079-09-30 00:00:00+00:00,9.689368
2079-10-31 00:00:00+00:00,6.939288
2079-11-30 00:00:00+00:00,6.3329616
2079-12-31 00:00:00+00:00,5.7710032
2080-01-31 00:00:00+00:00,11.2616625
2080-02-29 00:00:00+00:00,10.447223
2080-03-31 00:00:00+00:00,9.659057
2080-04-30 00:00:00+00:00,7.8665943
2080-05-31 00:00:00+00:00,5.583927
2080-06-30 00:00:00+00:00,5.334983
2080-07-31 00:00:00+00:00,6.173351
2080-08-31 00:00:00+00:00,6.052794
2080-09-30 00:00:00+00:00,5.6431518
2080-10-31 00:00:00+00:00,6.9300213
2080-11-30 00:00:00+00:00,7.3317122
2080-12-31 00:00:00+00:00,10.853593
2081-01-31 00:00:00+00:00,12.595062
2081-02-28 00:00:00+00:00,16.169203
2081-03-31 00:00:00+00:00,13.025169
2081-04-30 00:00:00+00:00,6.2581873
2081-05-31 00:00:00+00:00,5.360233
2081-06-30 00:00:00+00:00,5.343353
2081-07-31 00:00:00+00:00,5.742507
2081-08-31 00:00:00+00:00,10.446414
2081-09-30 00:00:00+00:00,6.9364743
2081-10-31 00:00:00+00:00,5.6297007
2081-11-30 00:00:00+00:00,5.413416
2081-12-31 00:00:00+00:00,10.074092
2082-01-31 00:00:00+00:00,20.139856
2082-02-28 00:00:00+00:00,14.674465
2082-03-31 00:00:00+00:00,7.7151504
2082-04-30 00:00:00+00:00,6.1377745
2082-05-31 00:00:00+00:00,5.4407907
2082-06-30 00:00:00+00:00,5.3538365
2082-07-31 00:00:00+00:00,5.725029
2082-08-31 00:00:00+00:00,6.3952317
2082-09-30 00:00:00+00:00,5.6086617
2082-10-31 00:00:00+00:00,5.7450275
2082-11-30 00:00:00+00:00,5.4922624
2082-12-31 00:00:00+00:00,11.520044
2083-01-31 00:00:00+00:00,9.809273
2083-02-28 00:00:00+00:00,15.194441
2083-03-31 00:00:00+00:00,14.043478
2083-04-30 00:00:00+00:00,6.9069552
2083-05-31 00:00:00+00:00,5.483635
2083-06-30 00:00:00+00:00,6.4763484
2083-07-31 00:00:00+00:00,5.91466
2083-08-31 00:00:00+00:00,9.083119
2083-09-30 00:00:00+00:00,7.215792
2083-10-31 00:00:00+00:00,5.364784
2083-11-30 00:00:00+00:00,5.984699
2083-12-31 00:00:00+00:00,7.892722
2084-01-31 00:00:00+00:00,7.0965137
2084-02-29 00:00:00+00:00,5.7937036
2084-03-31 00:00:00+00:00,6.5600677
2084-04-30 00:00:00+00:00,7.012821
2084-05-31 00:00:00+00:00,6.0802298
2084-06-30 00:00:00+00:00,5.3129864
2084-07-31 00:00:00+00:00,6.621757
2084-08-31 00:00:00+00:00,7.7832227
2084-09-30 00:00:00+00:00,7.566778
2084-10-31 00:00:00+00:00,6.2266045
2084-11-30 00:00:00+00:00,5.8543563
2084-12-31 00:00:00+00:00,5.3579
2085-01-31 00:00:00+00:00,11.03504
2085-02-28 00:00:00+00:00,8.480449
2085-03-31 00:00:00+00:00,12.549819
2085-04-30 00:00:00+00:00,7.870874
2085-05-31 00:00:00+00:00,5.82131
2085-06-30 00:00:00+00:00,5.470437
2085-07-31 00:00:00+00:00,5.658422
2085-08-31 00:00:00+00:00,6.1585054
2085-09-30 00:00:00+00:00,7.253776
2085-10-31 00:00:00+00:00,6.2720256
2085-11-30 00:00:00+00:00,7.128658
2085-12-31 00:00:00+00:00,7.2367163
2086-01-31 00:00:00+00:00,7.8726377
2086-02-28 00:00:00+00:00,8.199034
2086-03-31 00:00:00+00:00,5.9060736
2086-04-30 00:00:00+00:00,5.8008714
2086-05-31 00:00:00+00:00,5.346796
2086-06-30 00:00:00+00:00,5.347019
2086-07-31 00:00:00+00:00,5.4565687
2086-08-31 00:00:00+00:00,5.4349713
2086-09-30 00:00:00+00:00,6.007976
2086-10-31 00:00:00+00:00,7.373843
2086-11-30 00:00:00+00:00,5.876423
2086-12-31 00:00:00+00:00,7.8238564
2087-01-31 00:00:00+00:00,8.411382
2087-02-28 00:00:00+00:00,14.927544
2087-03-31 00:00:00+00:00,9.75524
2087-04-30 00:00:00+00:00,10.129191
2087-05-31 00:00:00+00:00,5.8011456
2087-06-30 00:00:00+00:00,5.368822
2087-07-31 00:00:00+00:00,6.0743117
2087-08-31 00:00:00+00:00,7.2021456
2087-09-30 00:00:00+00:00,8.070672
2087-10-31 00:00:00+00:00,5.8837476
2087-11-30 00:00:00+00:00,7.199334
2087-12-31 00:00:00+00:00,9.54305
2088-01-31 00:00:00+00:00,8.86571
2088-02-29 00:00:00+00:00,18.07979
2088-03-31 00:00:00+00:00,10.627267
2088-04-30 00:00:00+00:00,9.788515
2088-05-31 00:00:00+00:00,5.5558634
2088-06-30 00:00:00+00:00,5.371017
2088-07-31 00:00:00+00:00,6.3540473
2088-08-31 00:00:00+00:00,7.409058
2088-09-30 00:00:00+00:00,8.541482
2088-10-31 00:00:00+00:00,6.5970364
2088-11-30 00:00:00+00:00,8.456884
2088-12-31 00:00:00+00:00,6.893857
2089-01-31 00:00:00+00:00,11.2652
2089-02-28 00:00:00+00:00,10.744387
2089-03-31 00:00:00+00:00,10.919259
2089-04-30 00:00:00+00:00,8.350078
2089-05-31 00:00:00+00:00,5.3669996
2089-06-30 00:00:00+00:00,5.592959
2089-07-31 00:00:00+00:00,6.0415606
2089-08-31 00:00:00+00:00,5.7585707
2089-09-30 00:00:00+00:00,5.6029124
2089-10-31 00:00:00+00:00,5.335382
2089-11-30 00:00:00+00:00,6.690215
2089-12-31 00:00:00+00:00,7.3480983
2090-01-31 00:00:00+00:00,6.821237
2090-02-28 00:00:00+00:00,10.630947
2090-03-31 00:00:00+00:00,8.740994
2090-04-30 00:00:00+00:00,5.9049144
2090-05-31 00:00:00+00:00,5.402663
2090-06-30 00:00:00+00:00,5.612273
2090-07-31 00:00:00+00:00,6.789332
2090-08-31 00:00:00+00:00,8.128888
2090-09-30 00:00:00+00:00,6.7209115
2090-10-31 00:00:00+00:00,6.547894
2090-11-30 00:00:00+00:00,8.677302
2090-12-31 00:00:00+00:00,9.525167
2091-01-31 00:00:00+00:00,18.075607
2091-02-28 00:00:00+00:00,18.607801
2091-03-31 00:00:00+00:00,16.028732
2091-04-30 00:00:00+00:00,7.5829525
2091-05-31 00:00:00+00:00,6.166925
2091-06-30 00:00:00+00:00,5.61377
2091-07-31 00:00:00+00:00,5.3504205
2091-08-31 00:00:00+00:00,5.3122087
2091-09-30 00:00:00+00:00,5.567431
2091-10-31 00:00:00+00:00,8.247442
2091-11-30 00:00:00+00:00,6.179818
2091-12-31 00:00:00+00:00,10.961004
2092-01-31 00:00:00+00:00,16.655928
2092-02-29 00:00:00+00:00,11.218559
2092-03-31 00:00:00+00:00,7.711868
2092-04-30 00:00:00+00:00,6.2574406
2092-05-31 00:00:00+00:00,5.463207
2092-06-30 00:00:00+00:00,5.300832
2092-07-31 00:00:00+00:00,5.33773
2092-08-31 00:00:00+00:00,7.9186087
2092-09-30 00:00:00+00:00,6.7905726
2092-10-31 00:00:00+00:00,5.415279
2092-11-30 00:00:00+00:00,6.4394474
2092-12-31 00:00:00+00:00,7.576137
2093-01-31 00:00:00+00:00,7.048181
2093-02-28 00:00:00+00:00,6.0907936
2093-03-31 00:00:00+00:00,8.978547
2093-04-30 00:00:00+00:00,6.6845703
2093-05-31 00:00:00+00:00,6.692886
2093-06-30 00:00:00+00:00,5.3769464
2093-07-31 00:00:00+00:00,5.590614
2093-08-31 00:00:00+00:00,5.3875017
2093-09-30 00:00:00+00:00,7.335908
2093-10-31 00:00:00+00:00,5.481586
2093-11-30 00:00:00+00:00,8.758271
2093-12-31 00:00:00+00:00,10.269492
2094-01-31 00:00:00+00:00,11.238763
2094-02-28 00:00:00+00:00,10.04177
2094-03-31 00:00:00+00:00,7.2645435
2094-04-30 00:00:00+00:00,5.6453395
2094-05-31 00:00:00+00:00,5.5018554
2094-06-30 00:00:00+00:00,5.361151
2094-07-31 00:00:00+00:00,5.358105
2094-08-31 00:00:00+00:00,9.0636215
2094-09-30 00:00:00+00:00,6.5587716
2094-10-31 00:00:00+00:00,5.4142385
2094-11-30 00:00:00+00:00,5.3587613
2094-12-31 00:00:00+00:00,6.9424806
2095-01-31 00:00:00+00:00,7.362986
2095-02-28 00:00:00+00:00,5.832092
2095-03-31 00:00:00+00:00,11.443917
2095-04-30 00:00:00+00:00,9.984628
2095-05-31 00:00:00+00:00,5.5944505
2095-06-30 00:00:00+00:00,5.3219523
2095-07-31 00:00:00+00:00,6.0949645
2095-08-31 00:00:00+00:00,6.498966
2095-09-30 00:00:00+00:00,10.523956
2095-10-31 00:00:00+00:00,7.743204
2095-11-30 00:00:00+00:00,6.6603255
2095-12-31 00:00:00+00:00,10.153191
2096-01-31 00:00:00+00:00,10.0090885
2096-02-29 00:00:00+00:00,7.7088003
2096-03-31 00:00:00+00:00,7.407926
2096-04-30 00:00:00+00:00,6.1426735
2096-05-31 00:00:00+00:00,5.6233263
2096-06-30 00:00:00+00:00,5.4129887
2096-07-31 00:00:00+00:00,6.3051353
2096-08-31 00:00:00+00:00,5.7805443
2096-09-30 00:00:00+00:00,5.730019
2096-10-31 00:00:00+00:00,5.6507163
2096-11-30 00:00:00+00:00,10.317739
2096-12-31 00:00:00+00:00,13.501725
2097-01-31 00:00:00+00:00,15.988799
2097-02-28 00:00:00+00:00,16.114508
2097-03-31 00:00:00+00:00,10.428582
2097-04-30 00:00:00+00:00,5.8687377
2097-05-31 00:00:00+00:00,5.9874496
2097-06-30 00:00:00+00:00,5.9727774
2097-07-31 00:00:00+00:00,6.67629
2097-08-31 00:00:00+00:00,5.8791537
2097-09-30 00:00:00+00:00,6.1646066
2097-10-31 00:00:00+00:00,5.968849
2097-11-30 00:00:00+00:00,7.264039
2097-12-31 00:00:00+00:00,12.16228
2098-01-31 00:00:00+00:00,17.452986
2098-02-28 00:00:00+00:00,11.40976
2098-03-31 00:00:00+00:00,11.346381
2098-04-30 00:00:00+00:00,5.8433423
2098-05-31 00:00:00+00:00,5.9188814
2098-06-30 00:00:00+00:00,5.3029976
2098-07-31 00:00:00+00:00,5.312589
2098-08-31 00:00:00+00:00,5.368014
2098-09-30 00:00:00+00:00,5.4369655
2098-10-31 00:00:00+00:00,5.369985
2098-11-30 00:00:00+00:00,5.381347
2098-12-31 00:00:00+00:00,9.096496
2099-01-31 00:00:00+00:00,8.065137
2099-02-28 00:00:00+00:00,13.987885
2099-03-31 00:00:00+00:00,13.8916855
2099-04-30 00:00:00+00:00,6.1369987
2099-05-31 00:00:00+00:00,5.319164
2099-06-30 00:00:00+00:00,5.6015816
2099-07-31 00:00:00+00:00,6.2796874
2099-08-31 00:00:00+00:00,6.6803184
2099-09-30 00:00:00+00:00,6.1196017
2099-10-31 00:00:00+00:00,5.3312273
2099-11-30 00:00:00+00:00,11.084665
2099-12-31 00:00:00+00:00,10.487836
