time,soilmoist1_month_CanESM2_rcp45
2006-01-31 00:00:00+00:00,16.482634
2006-02-28 00:00:00+00:00,15.966086
2006-03-31 00:00:00+00:00,9.472106
2006-04-30 00:00:00+00:00,6.013541
2006-05-31 00:00:00+00:00,5.799359
2006-06-30 00:00:00+00:00,5.3261776
2006-07-31 00:00:00+00:00,5.7559285
2006-08-31 00:00:00+00:00,5.887423
2006-09-30 00:00:00+00:00,5.416537
2006-10-31 00:00:00+00:00,6.194941
2006-11-30 00:00:00+00:00,6.5559955
2006-12-31 00:00:00+00:00,6.9796543
2007-01-31 00:00:00+00:00,10.590508
2007-02-28 00:00:00+00:00,10.109796
2007-03-31 00:00:00+00:00,6.6707964
2007-04-30 00:00:00+00:00,5.5991573
2007-05-31 00:00:00+00:00,5.3891964
2007-06-30 00:00:00+00:00,5.3032537
2007-07-31 00:00:00+00:00,5.312884
2007-08-31 00:00:00+00:00,5.3391933
2007-09-30 00:00:00+00:00,6.009066
2007-10-31 00:00:00+00:00,5.3423142
2007-11-30 00:00:00+00:00,5.5525007
2007-12-31 00:00:00+00:00,5.7333627
2008-01-31 00:00:00+00:00,6.4748893
2008-02-29 00:00:00+00:00,15.883711
2008-03-31 00:00:00+00:00,8.283721
2008-04-30 00:00:00+00:00,5.48983
2008-05-31 00:00:00+00:00,5.3556857
2008-06-30 00:00:00+00:00,5.3168664
2008-07-31 00:00:00+00:00,6.6173253
2008-08-31 00:00:00+00:00,8.199332
2008-09-30 00:00:00+00:00,5.692572
2008-10-31 00:00:00+00:00,6.270733
2008-11-30 00:00:00+00:00,12.088618
2008-12-31 00:00:00+00:00,14.481829
2009-01-31 00:00:00+00:00,12.780142
2009-02-28 00:00:00+00:00,12.964337
2009-03-31 00:00:00+00:00,9.25366
2009-04-30 00:00:00+00:00,7.673977
2009-05-31 00:00:00+00:00,5.374227
2009-06-30 00:00:00+00:00,5.326141
2009-07-31 00:00:00+00:00,6.006282
2009-08-31 00:00:00+00:00,7.841379
2009-09-30 00:00:00+00:00,9.467042
2009-10-31 00:00:00+00:00,6.510805
2009-11-30 00:00:00+00:00,11.378767
2009-12-31 00:00:00+00:00,14.030658
2010-01-31 00:00:00+00:00,11.6545925
2010-02-28 00:00:00+00:00,10.443278
2010-03-31 00:00:00+00:00,14.06398
2010-04-30 00:00:00+00:00,10.282988
2010-05-31 00:00:00+00:00,6.1172714
2010-06-30 00:00:00+00:00,5.4551377
2010-07-31 00:00:00+00:00,6.1930895
2010-08-31 00:00:00+00:00,5.7062526
2010-09-30 00:00:00+00:00,5.6300917
2010-10-31 00:00:00+00:00,5.3907886
2010-11-30 00:00:00+00:00,7.2847424
2010-12-31 00:00:00+00:00,8.291587
2011-01-31 00:00:00+00:00,19.185827
2011-02-28 00:00:00+00:00,17.07115
2011-03-31 00:00:00+00:00,11.046614
2011-04-30 00:00:00+00:00,6.81521
2011-05-31 00:00:00+00:00,5.4079714
2011-06-30 00:00:00+00:00,5.51784
2011-07-31 00:00:00+00:00,6.080042
2011-08-31 00:00:00+00:00,6.6757913
2011-09-30 00:00:00+00:00,5.8605547
2011-10-31 00:00:00+00:00,5.4887977
2011-11-30 00:00:00+00:00,7.320679
2011-12-31 00:00:00+00:00,11.090896
2012-01-31 00:00:00+00:00,12.061915
2012-02-29 00:00:00+00:00,9.407871
2012-03-31 00:00:00+00:00,8.726098
2012-04-30 00:00:00+00:00,6.320855
2012-05-31 00:00:00+00:00,5.8032417
2012-06-30 00:00:00+00:00,5.3914423
2012-07-31 00:00:00+00:00,5.9154735
2012-08-31 00:00:00+00:00,6.55044
2012-09-30 00:00:00+00:00,5.4523206
2012-10-31 00:00:00+00:00,5.66955
2012-11-30 00:00:00+00:00,6.71118
2012-12-31 00:00:00+00:00,6.902702
2013-01-31 00:00:00+00:00,10.081352
2013-02-28 00:00:00+00:00,10.78939
2013-03-31 00:00:00+00:00,10.939479
2013-04-30 00:00:00+00:00,6.329187
2013-05-31 00:00:00+00:00,5.684939
2013-06-30 00:00:00+00:00,5.339364
2013-07-31 00:00:00+00:00,5.9527493
2013-08-31 00:00:00+00:00,5.767017
2013-09-30 00:00:00+00:00,5.709145
2013-10-31 00:00:00+00:00,6.004302
2013-11-30 00:00:00+00:00,5.74101
2013-12-31 00:00:00+00:00,6.0416775
2014-01-31 00:00:00+00:00,6.452333
2014-02-28 00:00:00+00:00,9.188173
2014-03-31 00:00:00+00:00,9.875836
2014-04-30 00:00:00+00:00,6.4996557
2014-05-31 00:00:00+00:00,5.3779345
2014-06-30 00:00:00+00:00,5.3925843
2014-07-31 00:00:00+00:00,5.417951
2014-08-31 00:00:00+00:00,7.181134
2014-09-30 00:00:00+00:00,5.652934
2014-10-31 00:00:00+00:00,5.448598
2014-11-30 00:00:00+00:00,5.7267413
2014-12-31 00:00:00+00:00,7.3380237
2015-01-31 00:00:00+00:00,15.401528
2015-02-28 00:00:00+00:00,17.216629
2015-03-31 00:00:00+00:00,15.372311
2015-04-30 00:00:00+00:00,8.796754
2015-05-31 00:00:00+00:00,6.5331736
2015-06-30 00:00:00+00:00,5.6846128
2015-07-31 00:00:00+00:00,5.5998487
2015-08-31 00:00:00+00:00,6.318897
2015-09-30 00:00:00+00:00,6.4043465
2015-10-31 00:00:00+00:00,5.5573072
2015-11-30 00:00:00+00:00,6.121636
2015-12-31 00:00:00+00:00,7.6967816
2016-01-31 00:00:00+00:00,15.378181
2016-02-29 00:00:00+00:00,17.882874
2016-03-31 00:00:00+00:00,15.688204
2016-04-30 00:00:00+00:00,9.555338
2016-05-31 00:00:00+00:00,5.9253645
2016-06-30 00:00:00+00:00,5.366118
2016-07-31 00:00:00+00:00,5.6695275
2016-08-31 00:00:00+00:00,7.728931
2016-09-30 00:00:00+00:00,5.6204243
2016-10-31 00:00:00+00:00,5.3428907
2016-11-30 00:00:00+00:00,12.604414
2016-12-31 00:00:00+00:00,14.442937
2017-01-31 00:00:00+00:00,13.615069
2017-02-28 00:00:00+00:00,16.430462
2017-03-31 00:00:00+00:00,8.393141
2017-04-30 00:00:00+00:00,7.4182487
2017-05-31 00:00:00+00:00,5.4293838
2017-06-30 00:00:00+00:00,5.328834
2017-07-31 00:00:00+00:00,5.6116176
2017-08-31 00:00:00+00:00,6.6731963
2017-09-30 00:00:00+00:00,5.969258
2017-10-31 00:00:00+00:00,10.751102
2017-11-30 00:00:00+00:00,7.986117
2017-12-31 00:00:00+00:00,6.832969
2018-01-31 00:00:00+00:00,6.318096
2018-02-28 00:00:00+00:00,10.346308
2018-03-31 00:00:00+00:00,9.147063
2018-04-30 00:00:00+00:00,5.605611
2018-05-31 00:00:00+00:00,5.342871
2018-06-30 00:00:00+00:00,5.350616
2018-07-31 00:00:00+00:00,6.2956815
2018-08-31 00:00:00+00:00,6.6865864
2018-09-30 00:00:00+00:00,5.7209473
2018-10-31 00:00:00+00:00,5.324634
2018-11-30 00:00:00+00:00,6.3610883
2018-12-31 00:00:00+00:00,9.4297085
2019-01-31 00:00:00+00:00,6.9816666
2019-02-28 00:00:00+00:00,12.245436
2019-03-31 00:00:00+00:00,9.344151
2019-04-30 00:00:00+00:00,8.391179
2019-05-31 00:00:00+00:00,5.9329305
2019-06-30 00:00:00+00:00,5.35407
2019-07-31 00:00:00+00:00,5.8836
2019-08-31 00:00:00+00:00,8.788465
2019-09-30 00:00:00+00:00,11.654093
2019-10-31 00:00:00+00:00,7.2495747
2019-11-30 00:00:00+00:00,7.257907
2019-12-31 00:00:00+00:00,7.0995536
2020-01-31 00:00:00+00:00,12.32844
2020-02-29 00:00:00+00:00,14.628194
2020-03-31 00:00:00+00:00,10.888672
2020-04-30 00:00:00+00:00,5.748138
2020-05-31 00:00:00+00:00,5.470507
2020-06-30 00:00:00+00:00,5.414271
2020-07-31 00:00:00+00:00,5.8404117
2020-08-31 00:00:00+00:00,8.69225
2020-09-30 00:00:00+00:00,8.359946
2020-10-31 00:00:00+00:00,5.488081
2020-11-30 00:00:00+00:00,5.3960276
2020-12-31 00:00:00+00:00,11.789617
2021-01-31 00:00:00+00:00,13.858956
2021-02-28 00:00:00+00:00,15.106496
2021-03-31 00:00:00+00:00,9.85861
2021-04-30 00:00:00+00:00,5.602702
2021-05-31 00:00:00+00:00,5.3299
2021-06-30 00:00:00+00:00,5.5140157
2021-07-31 00:00:00+00:00,6.1913476
2021-08-31 00:00:00+00:00,7.851104
2021-09-30 00:00:00+00:00,10.256678
2021-10-31 00:00:00+00:00,5.540998
2021-11-30 00:00:00+00:00,6.542963
2021-12-31 00:00:00+00:00,13.702557
2022-01-31 00:00:00+00:00,19.846157
2022-02-28 00:00:00+00:00,16.96554
2022-03-31 00:00:00+00:00,18.650492
2022-04-30 00:00:00+00:00,12.063198
2022-05-31 00:00:00+00:00,7.626859
2022-06-30 00:00:00+00:00,5.6303515
2022-07-31 00:00:00+00:00,5.6654205
2022-08-31 00:00:00+00:00,7.655837
2022-09-30 00:00:00+00:00,6.1431193
2022-10-31 00:00:00+00:00,5.8762293
2022-11-30 00:00:00+00:00,5.822766
2022-12-31 00:00:00+00:00,8.451165
2023-01-31 00:00:00+00:00,15.786525
2023-02-28 00:00:00+00:00,17.758993
2023-03-31 00:00:00+00:00,15.0319
2023-04-30 00:00:00+00:00,12.886677
2023-05-31 00:00:00+00:00,6.454662
2023-06-30 00:00:00+00:00,5.6890965
2023-07-31 00:00:00+00:00,6.5058475
2023-08-31 00:00:00+00:00,6.6708803
2023-09-30 00:00:00+00:00,5.657718
2023-10-31 00:00:00+00:00,5.9525185
2023-11-30 00:00:00+00:00,6.3189282
2023-12-31 00:00:00+00:00,15.371894
2024-01-31 00:00:00+00:00,15.540203
2024-02-29 00:00:00+00:00,18.893171
2024-03-31 00:00:00+00:00,12.223325
2024-04-30 00:00:00+00:00,6.6104836
2024-05-31 00:00:00+00:00,5.4258246
2024-06-30 00:00:00+00:00,5.6010914
2024-07-31 00:00:00+00:00,5.874537
2024-08-31 00:00:00+00:00,6.934355
2024-09-30 00:00:00+00:00,5.9291964
2024-10-31 00:00:00+00:00,5.481671
2024-11-30 00:00:00+00:00,5.6322274
2024-12-31 00:00:00+00:00,6.4854355
2025-01-31 00:00:00+00:00,7.094812
2025-02-28 00:00:00+00:00,13.196322
2025-03-31 00:00:00+00:00,7.5411935
2025-04-30 00:00:00+00:00,5.6661043
2025-05-31 00:00:00+00:00,5.3224545
2025-06-30 00:00:00+00:00,5.3142924
2025-07-31 00:00:00+00:00,6.233064
2025-08-31 00:00:00+00:00,7.022298
2025-09-30 00:00:00+00:00,6.764394
2025-10-31 00:00:00+00:00,7.570783
2025-11-30 00:00:00+00:00,5.556426
2025-12-31 00:00:00+00:00,14.954429
2026-01-31 00:00:00+00:00,15.480421
2026-02-28 00:00:00+00:00,13.474227
2026-03-31 00:00:00+00:00,16.871218
2026-04-30 00:00:00+00:00,8.424807
2026-05-31 00:00:00+00:00,5.77104
2026-06-30 00:00:00+00:00,5.402982
2026-07-31 00:00:00+00:00,5.622398
2026-08-31 00:00:00+00:00,7.3987236
2026-09-30 00:00:00+00:00,6.0426736
2026-10-31 00:00:00+00:00,5.5346527
2026-11-30 00:00:00+00:00,5.6522117
2026-12-31 00:00:00+00:00,5.7986307
2027-01-31 00:00:00+00:00,9.704473
2027-02-28 00:00:00+00:00,17.500006
2027-03-31 00:00:00+00:00,12.323487
2027-04-30 00:00:00+00:00,8.002694
2027-05-31 00:00:00+00:00,7.5599527
2027-06-30 00:00:00+00:00,5.5157027
2027-07-31 00:00:00+00:00,5.9895062
2027-08-31 00:00:00+00:00,7.20851
2027-09-30 00:00:00+00:00,5.4815016
2027-10-31 00:00:00+00:00,5.3422365
2027-11-30 00:00:00+00:00,5.7332573
2027-12-31 00:00:00+00:00,13.40578
2028-01-31 00:00:00+00:00,15.179418
2028-02-29 00:00:00+00:00,13.509379
2028-03-31 00:00:00+00:00,8.953769
2028-04-30 00:00:00+00:00,9.449866
2028-05-31 00:00:00+00:00,5.550233
2028-06-30 00:00:00+00:00,5.5824885
2028-07-31 00:00:00+00:00,5.3227663
2028-08-31 00:00:00+00:00,7.911731
2028-09-30 00:00:00+00:00,9.212543
2028-10-31 00:00:00+00:00,5.738612
2028-11-30 00:00:00+00:00,12.94172
2028-12-31 00:00:00+00:00,14.713068
2029-01-31 00:00:00+00:00,17.886223
2029-02-28 00:00:00+00:00,17.18903
2029-03-31 00:00:00+00:00,14.533845
2029-04-30 00:00:00+00:00,11.459169
2029-05-31 00:00:00+00:00,9.012077
2029-06-30 00:00:00+00:00,5.4704747
2029-07-31 00:00:00+00:00,5.7481623
2029-08-31 00:00:00+00:00,8.212043
2029-09-30 00:00:00+00:00,5.8419647
2029-10-31 00:00:00+00:00,6.5858626
2029-11-30 00:00:00+00:00,8.766825
2029-12-31 00:00:00+00:00,8.078484
2030-01-31 00:00:00+00:00,8.694952
2030-02-28 00:00:00+00:00,10.691828
2030-03-31 00:00:00+00:00,17.261337
2030-04-30 00:00:00+00:00,6.429307
2030-05-31 00:00:00+00:00,5.406122
2030-06-30 00:00:00+00:00,5.376241
2030-07-31 00:00:00+00:00,6.95004
2030-08-31 00:00:00+00:00,10.139625
2030-09-30 00:00:00+00:00,9.712245
2030-10-31 00:00:00+00:00,5.561243
2030-11-30 00:00:00+00:00,5.650005
2030-12-31 00:00:00+00:00,10.917133
2031-01-31 00:00:00+00:00,10.499329
2031-02-28 00:00:00+00:00,7.6422577
2031-03-31 00:00:00+00:00,6.023225
2031-04-30 00:00:00+00:00,6.5096035
2031-05-31 00:00:00+00:00,5.4678807
2031-06-30 00:00:00+00:00,5.3330874
2031-07-31 00:00:00+00:00,5.6310782
2031-08-31 00:00:00+00:00,8.617627
2031-09-30 00:00:00+00:00,10.462271
2031-10-31 00:00:00+00:00,6.1797237
2031-11-30 00:00:00+00:00,13.763938
2031-12-31 00:00:00+00:00,10.737358
2032-01-31 00:00:00+00:00,14.298365
2032-02-29 00:00:00+00:00,13.843241
2032-03-31 00:00:00+00:00,10.818152
2032-04-30 00:00:00+00:00,9.078316
2032-05-31 00:00:00+00:00,5.509721
2032-06-30 00:00:00+00:00,5.335618
2032-07-31 00:00:00+00:00,5.5671353
2032-08-31 00:00:00+00:00,9.369349
2032-09-30 00:00:00+00:00,8.119268
2032-10-31 00:00:00+00:00,6.571236
2032-11-30 00:00:00+00:00,9.390024
2032-12-31 00:00:00+00:00,13.412557
2033-01-31 00:00:00+00:00,12.975268
2033-02-28 00:00:00+00:00,11.270401
2033-03-31 00:00:00+00:00,8.961678
2033-04-30 00:00:00+00:00,9.933764
2033-05-31 00:00:00+00:00,9.7105055
2033-06-30 00:00:00+00:00,5.4114604
2033-07-31 00:00:00+00:00,6.6273217
2033-08-31 00:00:00+00:00,8.829688
2033-09-30 00:00:00+00:00,5.9541197
2033-10-31 00:00:00+00:00,5.4596133
2033-11-30 00:00:00+00:00,6.8105497
2033-12-31 00:00:00+00:00,7.20885
2034-01-31 00:00:00+00:00,13.621001
2034-02-28 00:00:00+00:00,9.710815
2034-03-31 00:00:00+00:00,6.401755
2034-04-30 00:00:00+00:00,5.4865575
2034-05-31 00:00:00+00:00,5.4303393
2034-06-30 00:00:00+00:00,5.6324797
2034-07-31 00:00:00+00:00,5.6896825
2034-08-31 00:00:00+00:00,8.551584
2034-09-30 00:00:00+00:00,5.5303226
2034-10-31 00:00:00+00:00,8.690781
2034-11-30 00:00:00+00:00,6.8592434
2034-12-31 00:00:00+00:00,8.347227
2035-01-31 00:00:00+00:00,11.99677
2035-02-28 00:00:00+00:00,14.165235
2035-03-31 00:00:00+00:00,14.398171
2035-04-30 00:00:00+00:00,8.058746
2035-05-31 00:00:00+00:00,6.0227666
2035-06-30 00:00:00+00:00,5.482649
2035-07-31 00:00:00+00:00,9.255609
2035-08-31 00:00:00+00:00,7.6013246
2035-09-30 00:00:00+00:00,5.7970552
2035-10-31 00:00:00+00:00,5.421457
2035-11-30 00:00:00+00:00,6.4305425
2035-12-31 00:00:00+00:00,9.150478
2036-01-31 00:00:00+00:00,9.24713
2036-02-29 00:00:00+00:00,12.417499
2036-03-31 00:00:00+00:00,7.604199
2036-04-30 00:00:00+00:00,6.0711617
2036-05-31 00:00:00+00:00,5.69202
2036-06-30 00:00:00+00:00,5.3919897
2036-07-31 00:00:00+00:00,7.218883
2036-08-31 00:00:00+00:00,8.651038
2036-09-30 00:00:00+00:00,13.524797
2036-10-31 00:00:00+00:00,12.326546
2036-11-30 00:00:00+00:00,7.0133047
2036-12-31 00:00:00+00:00,12.941167
2037-01-31 00:00:00+00:00,20.664194
2037-02-28 00:00:00+00:00,16.017662
2037-03-31 00:00:00+00:00,11.799164
2037-04-30 00:00:00+00:00,8.221668
2037-05-31 00:00:00+00:00,5.6132126
2037-06-30 00:00:00+00:00,6.1143413
2037-07-31 00:00:00+00:00,6.65143
2037-08-31 00:00:00+00:00,10.9939575
2037-09-30 00:00:00+00:00,13.203814
2037-10-31 00:00:00+00:00,6.800197
2037-11-30 00:00:00+00:00,6.0654626
2037-12-31 00:00:00+00:00,10.542038
2038-01-31 00:00:00+00:00,9.167989
2038-02-28 00:00:00+00:00,8.496332
2038-03-31 00:00:00+00:00,7.4517617
2038-04-30 00:00:00+00:00,6.320321
2038-05-31 00:00:00+00:00,5.409275
2038-06-30 00:00:00+00:00,5.3114133
2038-07-31 00:00:00+00:00,6.2807193
2038-08-31 00:00:00+00:00,6.2047963
2038-09-30 00:00:00+00:00,6.0424485
2038-10-31 00:00:00+00:00,6.375795
2038-11-30 00:00:00+00:00,5.4260764
2038-12-31 00:00:00+00:00,6.7144322
2039-01-31 00:00:00+00:00,8.117633
2039-02-28 00:00:00+00:00,8.568468
2039-03-31 00:00:00+00:00,14.296992
2039-04-30 00:00:00+00:00,6.1921744
2039-05-31 00:00:00+00:00,5.3544927
2039-06-30 00:00:00+00:00,5.407099
2039-07-31 00:00:00+00:00,6.4492173
2039-08-31 00:00:00+00:00,9.109125
2039-09-30 00:00:00+00:00,7.092168
2039-10-31 00:00:00+00:00,5.8657703
2039-11-30 00:00:00+00:00,8.377716
2039-12-31 00:00:00+00:00,9.2232065
2040-01-31 00:00:00+00:00,13.596505
2040-02-29 00:00:00+00:00,13.37962
2040-03-31 00:00:00+00:00,15.308459
2040-04-30 00:00:00+00:00,8.59349
2040-05-31 00:00:00+00:00,5.5295205
2040-06-30 00:00:00+00:00,5.448112
2040-07-31 00:00:00+00:00,5.8245287
2040-08-31 00:00:00+00:00,7.0722136
2040-09-30 00:00:00+00:00,9.86639
2040-10-31 00:00:00+00:00,6.0379076
2040-11-30 00:00:00+00:00,10.335645
2040-12-31 00:00:00+00:00,8.307613
2041-01-31 00:00:00+00:00,9.819807
2041-02-28 00:00:00+00:00,7.2093096
2041-03-31 00:00:00+00:00,8.440019
2041-04-30 00:00:00+00:00,6.540273
2041-05-31 00:00:00+00:00,5.3501678
2041-06-30 00:00:00+00:00,5.4858
2041-07-31 00:00:00+00:00,6.207325
2041-08-31 00:00:00+00:00,6.7397175
2041-09-30 00:00:00+00:00,11.104793
2041-10-31 00:00:00+00:00,8.004682
2041-11-30 00:00:00+00:00,10.870686
2041-12-31 00:00:00+00:00,8.861125
2042-01-31 00:00:00+00:00,9.248865
2042-02-28 00:00:00+00:00,10.786573
2042-03-31 00:00:00+00:00,12.135707
2042-04-30 00:00:00+00:00,7.0538282
2042-05-31 00:00:00+00:00,6.9180493
2042-06-30 00:00:00+00:00,5.472586
2042-07-31 00:00:00+00:00,6.1089315
2042-08-31 00:00:00+00:00,9.88651
2042-09-30 00:00:00+00:00,6.4215016
2042-10-31 00:00:00+00:00,6.5476556
2042-11-30 00:00:00+00:00,6.9032226
2042-12-31 00:00:00+00:00,6.6559296
2043-01-31 00:00:00+00:00,17.253147
2043-02-28 00:00:00+00:00,11.083241
2043-03-31 00:00:00+00:00,10.845934
2043-04-30 00:00:00+00:00,5.6916537
2043-05-31 00:00:00+00:00,6.375183
2043-06-30 00:00:00+00:00,5.417364
2043-07-31 00:00:00+00:00,7.3770895
2043-08-31 00:00:00+00:00,11.918215
2043-09-30 00:00:00+00:00,10.193051
2043-10-31 00:00:00+00:00,6.9454308
2043-11-30 00:00:00+00:00,6.6155114
2043-12-31 00:00:00+00:00,11.156801
2044-01-31 00:00:00+00:00,12.555865
2044-02-29 00:00:00+00:00,10.682269
2044-03-31 00:00:00+00:00,7.13032
2044-04-30 00:00:00+00:00,6.1007137
2044-05-31 00:00:00+00:00,5.4700723
2044-06-30 00:00:00+00:00,5.304164
2044-07-31 00:00:00+00:00,6.1812696
2044-08-31 00:00:00+00:00,9.290155
2044-09-30 00:00:00+00:00,6.745429
2044-10-31 00:00:00+00:00,5.9183745
2044-11-30 00:00:00+00:00,5.777383
2044-12-31 00:00:00+00:00,17.639528
2045-01-31 00:00:00+00:00,18.342737
2045-02-28 00:00:00+00:00,12.568134
2045-03-31 00:00:00+00:00,14.2064495
2045-04-30 00:00:00+00:00,8.29061
2045-05-31 00:00:00+00:00,6.2552795
2045-06-30 00:00:00+00:00,5.377635
2045-07-31 00:00:00+00:00,5.900847
2045-08-31 00:00:00+00:00,12.324453
2045-09-30 00:00:00+00:00,10.077074
2045-10-31 00:00:00+00:00,11.198441
2045-11-30 00:00:00+00:00,7.181966
2045-12-31 00:00:00+00:00,6.264184
2046-01-31 00:00:00+00:00,12.402817
2046-02-28 00:00:00+00:00,19.603739
2046-03-31 00:00:00+00:00,13.581821
2046-04-30 00:00:00+00:00,8.18333
2046-05-31 00:00:00+00:00,6.011921
2046-06-30 00:00:00+00:00,5.3662567
2046-07-31 00:00:00+00:00,5.4908085
2046-08-31 00:00:00+00:00,7.675387
2046-09-30 00:00:00+00:00,7.346095
2046-10-31 00:00:00+00:00,7.730347
2046-11-30 00:00:00+00:00,10.4992
2046-12-31 00:00:00+00:00,8.824377
2047-01-31 00:00:00+00:00,11.744709
2047-02-28 00:00:00+00:00,19.308834
2047-03-31 00:00:00+00:00,10.529269
2047-04-30 00:00:00+00:00,7.0218935
2047-05-31 00:00:00+00:00,5.5882816
2047-06-30 00:00:00+00:00,5.329424
2047-07-31 00:00:00+00:00,5.942552
2047-08-31 00:00:00+00:00,6.1288614
2047-09-30 00:00:00+00:00,8.830937
2047-10-31 00:00:00+00:00,5.96585
2047-11-30 00:00:00+00:00,9.28876
2047-12-31 00:00:00+00:00,17.605808
2048-01-31 00:00:00+00:00,19.33702
2048-02-29 00:00:00+00:00,18.383177
2048-03-31 00:00:00+00:00,12.335613
2048-04-30 00:00:00+00:00,9.081
2048-05-31 00:00:00+00:00,5.7133303
2048-06-30 00:00:00+00:00,5.657074
2048-07-31 00:00:00+00:00,7.221621
2048-08-31 00:00:00+00:00,7.558269
2048-09-30 00:00:00+00:00,8.725026
2048-10-31 00:00:00+00:00,5.928506
2048-11-30 00:00:00+00:00,6.4828687
2048-12-31 00:00:00+00:00,6.3016024
2049-01-31 00:00:00+00:00,9.383978
2049-02-28 00:00:00+00:00,8.63363
2049-03-31 00:00:00+00:00,8.405845
2049-04-30 00:00:00+00:00,6.6945033
2049-05-31 00:00:00+00:00,5.4503403
2049-06-30 00:00:00+00:00,5.340055
2049-07-31 00:00:00+00:00,5.601601
2049-08-31 00:00:00+00:00,8.426483
2049-09-30 00:00:00+00:00,7.7729435
2049-10-31 00:00:00+00:00,5.365552
2049-11-30 00:00:00+00:00,5.530338
2049-12-31 00:00:00+00:00,14.418972
2050-01-31 00:00:00+00:00,11.61633
2050-02-28 00:00:00+00:00,14.914116
2050-03-31 00:00:00+00:00,12.525292
2050-04-30 00:00:00+00:00,8.039058
2050-05-31 00:00:00+00:00,5.4382267
2050-06-30 00:00:00+00:00,5.330388
2050-07-31 00:00:00+00:00,8.434827
2050-08-31 00:00:00+00:00,9.583767
2050-09-30 00:00:00+00:00,6.9186907
2050-10-31 00:00:00+00:00,5.430271
2050-11-30 00:00:00+00:00,8.162849
2050-12-31 00:00:00+00:00,8.035881
2051-01-31 00:00:00+00:00,6.303097
2051-02-28 00:00:00+00:00,7.3180866
2051-03-31 00:00:00+00:00,14.778254
2051-04-30 00:00:00+00:00,7.2475095
2051-05-31 00:00:00+00:00,5.5706043
2051-06-30 00:00:00+00:00,5.609252
2051-07-31 00:00:00+00:00,6.479998
2051-08-31 00:00:00+00:00,5.5384135
2051-09-30 00:00:00+00:00,5.4280133
2051-10-31 00:00:00+00:00,6.3896484
2051-11-30 00:00:00+00:00,6.6251097
2051-12-31 00:00:00+00:00,5.981761
2052-01-31 00:00:00+00:00,7.9792542
2052-02-29 00:00:00+00:00,11.92798
2052-03-31 00:00:00+00:00,16.510868
2052-04-30 00:00:00+00:00,6.6707726
2052-05-31 00:00:00+00:00,5.4891253
2052-06-30 00:00:00+00:00,5.3831744
2052-07-31 00:00:00+00:00,8.219544
2052-08-31 00:00:00+00:00,9.094281
2052-09-30 00:00:00+00:00,5.9126887
2052-10-31 00:00:00+00:00,5.3753734
2052-11-30 00:00:00+00:00,8.803736
2052-12-31 00:00:00+00:00,12.708592
2053-01-31 00:00:00+00:00,14.042348
2053-02-28 00:00:00+00:00,14.422738
2053-03-31 00:00:00+00:00,9.05487
2053-04-30 00:00:00+00:00,7.6490755
2053-05-31 00:00:00+00:00,5.869996
2053-06-30 00:00:00+00:00,5.485055
2053-07-31 00:00:00+00:00,6.409109
2053-08-31 00:00:00+00:00,7.7342353
2053-09-30 00:00:00+00:00,5.7881346
2053-10-31 00:00:00+00:00,5.4557214
2053-11-30 00:00:00+00:00,6.0852184
2053-12-31 00:00:00+00:00,11.45205
2054-01-31 00:00:00+00:00,9.369072
2054-02-28 00:00:00+00:00,14.856518
2054-03-31 00:00:00+00:00,15.284147
2054-04-30 00:00:00+00:00,7.492561
2054-05-31 00:00:00+00:00,5.530341
2054-06-30 00:00:00+00:00,5.437128
2054-07-31 00:00:00+00:00,9.176311
2054-08-31 00:00:00+00:00,9.368173
2054-09-30 00:00:00+00:00,6.7160664
2054-10-31 00:00:00+00:00,6.6164
2054-11-30 00:00:00+00:00,6.118171
2054-12-31 00:00:00+00:00,7.0389743
2055-01-31 00:00:00+00:00,9.780323
2055-02-28 00:00:00+00:00,10.134588
2055-03-31 00:00:00+00:00,6.842078
2055-04-30 00:00:00+00:00,10.36575
2055-05-31 00:00:00+00:00,6.057168
2055-06-30 00:00:00+00:00,5.368623
2055-07-31 00:00:00+00:00,8.559537
2055-08-31 00:00:00+00:00,8.994303
2055-09-30 00:00:00+00:00,6.7728777
2055-10-31 00:00:00+00:00,6.0809817
2055-11-30 00:00:00+00:00,5.5739946
2055-12-31 00:00:00+00:00,5.4313254
2056-01-31 00:00:00+00:00,11.014011
2056-02-29 00:00:00+00:00,10.139473
2056-03-31 00:00:00+00:00,12.809948
2056-04-30 00:00:00+00:00,10.894215
2056-05-31 00:00:00+00:00,5.7591295
2056-06-30 00:00:00+00:00,5.3259683
2056-07-31 00:00:00+00:00,8.987507
2056-08-31 00:00:00+00:00,10.839427
2056-09-30 00:00:00+00:00,8.439154
2056-10-31 00:00:00+00:00,5.3485928
2056-11-30 00:00:00+00:00,8.857602
2056-12-31 00:00:00+00:00,13.888998
2057-01-31 00:00:00+00:00,11.3731
2057-02-28 00:00:00+00:00,7.848216
2057-03-31 00:00:00+00:00,11.527019
2057-04-30 00:00:00+00:00,6.3983016
2057-05-31 00:00:00+00:00,5.6378026
2057-06-30 00:00:00+00:00,5.5307217
2057-07-31 00:00:00+00:00,6.300778
2057-08-31 00:00:00+00:00,8.925191
2057-09-30 00:00:00+00:00,8.70317
2057-10-31 00:00:00+00:00,8.3015585
2057-11-30 00:00:00+00:00,18.05103
2057-12-31 00:00:00+00:00,13.5730295
2058-01-31 00:00:00+00:00,10.842352
2058-02-28 00:00:00+00:00,8.265753
2058-03-31 00:00:00+00:00,7.774729
2058-04-30 00:00:00+00:00,5.608965
2058-05-31 00:00:00+00:00,5.357396
2058-06-30 00:00:00+00:00,5.342774
2058-07-31 00:00:00+00:00,6.2073126
2058-08-31 00:00:00+00:00,14.145495
2058-09-30 00:00:00+00:00,9.142673
2058-10-31 00:00:00+00:00,5.517349
2058-11-30 00:00:00+00:00,8.815238
2058-12-31 00:00:00+00:00,8.832103
2059-01-31 00:00:00+00:00,19.755192
2059-02-28 00:00:00+00:00,15.793205
2059-03-31 00:00:00+00:00,10.248181
2059-04-30 00:00:00+00:00,6.4280844
2059-05-31 00:00:00+00:00,6.3290234
2059-06-30 00:00:00+00:00,5.831719
2059-07-31 00:00:00+00:00,6.894208
2059-08-31 00:00:00+00:00,6.5806446
2059-09-30 00:00:00+00:00,6.2431297
2059-10-31 00:00:00+00:00,5.9931073
2059-11-30 00:00:00+00:00,5.8579893
2059-12-31 00:00:00+00:00,12.270925
2060-01-31 00:00:00+00:00,17.281082
2060-02-29 00:00:00+00:00,17.891155
2060-03-31 00:00:00+00:00,15.250812
2060-04-30 00:00:00+00:00,10.435362
2060-05-31 00:00:00+00:00,5.6265035
2060-06-30 00:00:00+00:00,5.6424556
2060-07-31 00:00:00+00:00,5.7525835
2060-08-31 00:00:00+00:00,8.239224
2060-09-30 00:00:00+00:00,5.943344
2060-10-31 00:00:00+00:00,7.7046094
2060-11-30 00:00:00+00:00,6.143553
2060-12-31 00:00:00+00:00,8.79574
2061-01-31 00:00:00+00:00,8.236496
2061-02-28 00:00:00+00:00,6.223098
2061-03-31 00:00:00+00:00,10.803718
2061-04-30 00:00:00+00:00,6.1582913
2061-05-31 00:00:00+00:00,5.355503
2061-06-30 00:00:00+00:00,5.4508395
2061-07-31 00:00:00+00:00,5.7870207
2061-08-31 00:00:00+00:00,14.589175
2061-09-30 00:00:00+00:00,12.281447
2061-10-31 00:00:00+00:00,5.7936773
2061-11-30 00:00:00+00:00,7.5223575
2061-12-31 00:00:00+00:00,7.3465343
2062-01-31 00:00:00+00:00,11.611376
2062-02-28 00:00:00+00:00,13.328107
2062-03-31 00:00:00+00:00,10.498177
2062-04-30 00:00:00+00:00,6.339021
2062-05-31 00:00:00+00:00,5.4880614
2062-06-30 00:00:00+00:00,5.3074913
2062-07-31 00:00:00+00:00,5.6535664
2062-08-31 00:00:00+00:00,6.861808
2062-09-30 00:00:00+00:00,7.2793493
2062-10-31 00:00:00+00:00,5.722595
2062-11-30 00:00:00+00:00,6.470734
2062-12-31 00:00:00+00:00,9.231448
2063-01-31 00:00:00+00:00,9.57732
2063-02-28 00:00:00+00:00,8.98659
2063-03-31 00:00:00+00:00,6.4758077
2063-04-30 00:00:00+00:00,6.164232
2063-05-31 00:00:00+00:00,5.6496716
2063-06-30 00:00:00+00:00,5.5560713
2063-07-31 00:00:00+00:00,6.6084642
2063-08-31 00:00:00+00:00,12.161084
2063-09-30 00:00:00+00:00,8.011222
2063-10-31 00:00:00+00:00,5.6277304
2063-11-30 00:00:00+00:00,5.906828
2063-12-31 00:00:00+00:00,5.952494
2064-01-31 00:00:00+00:00,6.9524035
2064-02-29 00:00:00+00:00,10.262846
2064-03-31 00:00:00+00:00,8.181712
2064-04-30 00:00:00+00:00,5.5326457
2064-05-31 00:00:00+00:00,5.3853707
2064-06-30 00:00:00+00:00,5.5213304
2064-07-31 00:00:00+00:00,5.3628335
2064-08-31 00:00:00+00:00,7.9475303
2064-09-30 00:00:00+00:00,7.6686754
2064-10-31 00:00:00+00:00,7.869946
2064-11-30 00:00:00+00:00,5.761625
2064-12-31 00:00:00+00:00,11.171611
2065-01-31 00:00:00+00:00,17.464935
2065-02-28 00:00:00+00:00,13.391044
2065-03-31 00:00:00+00:00,9.827853
2065-04-30 00:00:00+00:00,7.189546
2065-05-31 00:00:00+00:00,5.499886
2065-06-30 00:00:00+00:00,5.3300633
2065-07-31 00:00:00+00:00,7.213758
2065-08-31 00:00:00+00:00,8.384274
2065-09-30 00:00:00+00:00,5.7814817
2065-10-31 00:00:00+00:00,5.3552003
2065-11-30 00:00:00+00:00,9.875128
2065-12-31 00:00:00+00:00,9.584214
2066-01-31 00:00:00+00:00,11.666458
2066-02-28 00:00:00+00:00,11.710126
2066-03-31 00:00:00+00:00,13.802684
2066-04-30 00:00:00+00:00,8.123146
2066-05-31 00:00:00+00:00,5.6355762
2066-06-30 00:00:00+00:00,5.399567
2066-07-31 00:00:00+00:00,5.984377
2066-08-31 00:00:00+00:00,8.505326
2066-09-30 00:00:00+00:00,6.652951
2066-10-31 00:00:00+00:00,5.4458985
2066-11-30 00:00:00+00:00,5.7534986
2066-12-31 00:00:00+00:00,9.583964
2067-01-31 00:00:00+00:00,14.8208
2067-02-28 00:00:00+00:00,16.399263
2067-03-31 00:00:00+00:00,13.122448
2067-04-30 00:00:00+00:00,9.825094
2067-05-31 00:00:00+00:00,6.1413817
2067-06-30 00:00:00+00:00,5.9767838
2067-07-31 00:00:00+00:00,6.2563176
2067-08-31 00:00:00+00:00,8.918775
2067-09-30 00:00:00+00:00,6.849452
2067-10-31 00:00:00+00:00,5.833829
2067-11-30 00:00:00+00:00,5.8380136
2067-12-31 00:00:00+00:00,12.163654
2068-01-31 00:00:00+00:00,10.842681
2068-02-29 00:00:00+00:00,16.568796
2068-03-31 00:00:00+00:00,12.786885
2068-04-30 00:00:00+00:00,7.600945
2068-05-31 00:00:00+00:00,5.7550697
2068-06-30 00:00:00+00:00,5.4362297
2068-07-31 00:00:00+00:00,6.119229
2068-08-31 00:00:00+00:00,9.545687
2068-09-30 00:00:00+00:00,11.056141
2068-10-31 00:00:00+00:00,7.298361
2068-11-30 00:00:00+00:00,5.9746256
2068-12-31 00:00:00+00:00,9.96617
2069-01-31 00:00:00+00:00,17.960701
2069-02-28 00:00:00+00:00,18.159544
2069-03-31 00:00:00+00:00,14.356691
2069-04-30 00:00:00+00:00,6.146643
2069-05-31 00:00:00+00:00,5.3543725
2069-06-30 00:00:00+00:00,5.75579
2069-07-31 00:00:00+00:00,6.2181835
2069-08-31 00:00:00+00:00,9.875125
2069-09-30 00:00:00+00:00,7.112631
2069-10-31 00:00:00+00:00,5.357652
2069-11-30 00:00:00+00:00,7.4442234
2069-12-31 00:00:00+00:00,8.869636
2070-01-31 00:00:00+00:00,11.348599
2070-02-28 00:00:00+00:00,17.904827
2070-03-31 00:00:00+00:00,12.526106
2070-04-30 00:00:00+00:00,13.071738
2070-05-31 00:00:00+00:00,8.012332
2070-06-30 00:00:00+00:00,5.433677
2070-07-31 00:00:00+00:00,6.5364385
2070-08-31 00:00:00+00:00,6.850343
2070-09-30 00:00:00+00:00,5.734201
2070-10-31 00:00:00+00:00,5.5857835
2070-11-30 00:00:00+00:00,6.1082025
2070-12-31 00:00:00+00:00,7.606171
2071-01-31 00:00:00+00:00,9.127524
2071-02-28 00:00:00+00:00,18.15024
2071-03-31 00:00:00+00:00,14.205696
2071-04-30 00:00:00+00:00,9.05151
2071-05-31 00:00:00+00:00,6.1074147
2071-06-30 00:00:00+00:00,5.4416637
2071-07-31 00:00:00+00:00,5.694968
2071-08-31 00:00:00+00:00,6.208078
2071-09-30 00:00:00+00:00,9.3846
2071-10-31 00:00:00+00:00,7.2347493
2071-11-30 00:00:00+00:00,6.13883
2071-12-31 00:00:00+00:00,11.314869
2072-01-31 00:00:00+00:00,7.567146
2072-02-29 00:00:00+00:00,5.9562254
2072-03-31 00:00:00+00:00,12.165101
2072-04-30 00:00:00+00:00,8.239348
2072-05-31 00:00:00+00:00,6.5574603
2072-06-30 00:00:00+00:00,5.3575788
2072-07-31 00:00:00+00:00,6.477242
2072-08-31 00:00:00+00:00,7.992848
2072-09-30 00:00:00+00:00,5.751627
2072-10-31 00:00:00+00:00,7.065708
2072-11-30 00:00:00+00:00,6.2513423
2072-12-31 00:00:00+00:00,5.9631796
2073-01-31 00:00:00+00:00,18.72696
2073-02-28 00:00:00+00:00,17.800919
2073-03-31 00:00:00+00:00,11.232461
2073-04-30 00:00:00+00:00,7.2959313
2073-05-31 00:00:00+00:00,5.7997923
2073-06-30 00:00:00+00:00,5.3521256
2073-07-31 00:00:00+00:00,6.8218584
2073-08-31 00:00:00+00:00,10.695078
2073-09-30 00:00:00+00:00,7.6909723
2073-10-31 00:00:00+00:00,6.3664265
2073-11-30 00:00:00+00:00,7.3840127
2073-12-31 00:00:00+00:00,10.031391
2074-01-31 00:00:00+00:00,8.651135
2074-02-28 00:00:00+00:00,12.299783
2074-03-31 00:00:00+00:00,9.14743
2074-04-30 00:00:00+00:00,6.5170984
2074-05-31 00:00:00+00:00,6.2091594
2074-06-30 00:00:00+00:00,6.125151
2074-07-31 00:00:00+00:00,10.97138
2074-08-31 00:00:00+00:00,15.314517
2074-09-30 00:00:00+00:00,12.324753
2074-10-31 00:00:00+00:00,6.246161
2074-11-30 00:00:00+00:00,6.4587927
2074-12-31 00:00:00+00:00,12.062536
2075-01-31 00:00:00+00:00,12.697274
2075-02-28 00:00:00+00:00,20.41172
2075-03-31 00:00:00+00:00,14.050081
2075-04-30 00:00:00+00:00,6.6434455
2075-05-31 00:00:00+00:00,5.459108
2075-06-30 00:00:00+00:00,5.4188237
2075-07-31 00:00:00+00:00,6.69726
2075-08-31 00:00:00+00:00,8.282669
2075-09-30 00:00:00+00:00,10.039938
2075-10-31 00:00:00+00:00,7.733768
2075-11-30 00:00:00+00:00,6.0153813
2075-12-31 00:00:00+00:00,13.259115
2076-01-31 00:00:00+00:00,10.003151
2076-02-29 00:00:00+00:00,11.428792
2076-03-31 00:00:00+00:00,8.266718
2076-04-30 00:00:00+00:00,5.725159
2076-05-31 00:00:00+00:00,5.483526
2076-06-30 00:00:00+00:00,5.3152375
2076-07-31 00:00:00+00:00,7.440722
2076-08-31 00:00:00+00:00,10.58272
2076-09-30 00:00:00+00:00,7.837681
2076-10-31 00:00:00+00:00,5.460541
2076-11-30 00:00:00+00:00,6.161669
2076-12-31 00:00:00+00:00,12.276191
2077-01-31 00:00:00+00:00,17.772562
2077-02-28 00:00:00+00:00,20.252464
2077-03-31 00:00:00+00:00,11.479386
2077-04-30 00:00:00+00:00,7.1536226
2077-05-31 00:00:00+00:00,5.671121
2077-06-30 00:00:00+00:00,5.49902
2077-07-31 00:00:00+00:00,7.5703278
2077-08-31 00:00:00+00:00,11.403219
2077-09-30 00:00:00+00:00,10.250159
2077-10-31 00:00:00+00:00,6.3829026
2077-11-30 00:00:00+00:00,5.5845494
2077-12-31 00:00:00+00:00,6.0591497
2078-01-31 00:00:00+00:00,11.628149
2078-02-28 00:00:00+00:00,19.163954
2078-03-31 00:00:00+00:00,11.676261
2078-04-30 00:00:00+00:00,12.672654
2078-05-31 00:00:00+00:00,6.0854406
2078-06-30 00:00:00+00:00,5.458843
2078-07-31 00:00:00+00:00,9.036039
2078-08-31 00:00:00+00:00,9.708671
2078-09-30 00:00:00+00:00,6.951747
2078-10-31 00:00:00+00:00,5.491562
2078-11-30 00:00:00+00:00,6.137469
2078-12-31 00:00:00+00:00,9.453466
2079-01-31 00:00:00+00:00,17.313686
2079-02-28 00:00:00+00:00,14.420294
2079-03-31 00:00:00+00:00,10.524912
2079-04-30 00:00:00+00:00,8.177003
2079-05-31 00:00:00+00:00,5.4598684
2079-06-30 00:00:00+00:00,5.444622
2079-07-31 00:00:00+00:00,6.1541834
2079-08-31 00:00:00+00:00,10.880356
2079-09-30 00:00:00+00:00,8.796537
2079-10-31 00:00:00+00:00,7.3360977
2079-11-30 00:00:00+00:00,9.246615
2079-12-31 00:00:00+00:00,15.410417
2080-01-31 00:00:00+00:00,15.738102
2080-02-29 00:00:00+00:00,20.676535
2080-03-31 00:00:00+00:00,16.1486
2080-04-30 00:00:00+00:00,6.894888
2080-05-31 00:00:00+00:00,6.286393
2080-06-30 00:00:00+00:00,5.5072417
2080-07-31 00:00:00+00:00,6.4313774
2080-08-31 00:00:00+00:00,6.955579
2080-09-30 00:00:00+00:00,6.0080056
2080-10-31 00:00:00+00:00,5.9067283
2080-11-30 00:00:00+00:00,14.601874
2080-12-31 00:00:00+00:00,15.517527
2081-01-31 00:00:00+00:00,17.657557
2081-02-28 00:00:00+00:00,16.846016
2081-03-31 00:00:00+00:00,11.00297
2081-04-30 00:00:00+00:00,13.008657
2081-05-31 00:00:00+00:00,6.0224314
2081-06-30 00:00:00+00:00,5.5282216
2081-07-31 00:00:00+00:00,5.898629
2081-08-31 00:00:00+00:00,7.2485228
2081-09-30 00:00:00+00:00,6.4575095
2081-10-31 00:00:00+00:00,7.497974
2081-11-30 00:00:00+00:00,6.592851
2081-12-31 00:00:00+00:00,6.7540197
2082-01-31 00:00:00+00:00,17.503378
2082-02-28 00:00:00+00:00,9.052788
2082-03-31 00:00:00+00:00,8.9127035
2082-04-30 00:00:00+00:00,5.8323407
2082-05-31 00:00:00+00:00,5.3740344
2082-06-30 00:00:00+00:00,5.5233746
2082-07-31 00:00:00+00:00,6.7035084
2082-08-31 00:00:00+00:00,6.953269
2082-09-30 00:00:00+00:00,5.708765
2082-10-31 00:00:00+00:00,5.720462
2082-11-30 00:00:00+00:00,5.913472
2082-12-31 00:00:00+00:00,9.000606
2083-01-31 00:00:00+00:00,14.2360115
2083-02-28 00:00:00+00:00,17.537563
2083-03-31 00:00:00+00:00,10.062221
2083-04-30 00:00:00+00:00,9.783545
2083-05-31 00:00:00+00:00,7.4009542
2083-06-30 00:00:00+00:00,5.8421836
2083-07-31 00:00:00+00:00,6.6171227
2083-08-31 00:00:00+00:00,7.1656003
2083-09-30 00:00:00+00:00,5.7179394
2083-10-31 00:00:00+00:00,5.6368895
2083-11-30 00:00:00+00:00,6.455435
2083-12-31 00:00:00+00:00,7.553808
2084-01-31 00:00:00+00:00,9.546055
2084-02-29 00:00:00+00:00,14.56658
2084-03-31 00:00:00+00:00,15.196241
2084-04-30 00:00:00+00:00,9.909312
2084-05-31 00:00:00+00:00,6.539801
2084-06-30 00:00:00+00:00,6.6314692
2084-07-31 00:00:00+00:00,6.839161
2084-08-31 00:00:00+00:00,10.721771
2084-09-30 00:00:00+00:00,9.0197935
2084-10-31 00:00:00+00:00,6.0999556
2084-11-30 00:00:00+00:00,5.9380703
2084-12-31 00:00:00+00:00,8.12099
2085-01-31 00:00:00+00:00,9.53096
2085-02-28 00:00:00+00:00,9.1275425
2085-03-31 00:00:00+00:00,6.644419
2085-04-30 00:00:00+00:00,7.0911484
2085-05-31 00:00:00+00:00,5.5290523
2085-06-30 00:00:00+00:00,5.364954
2085-07-31 00:00:00+00:00,7.080393
2085-08-31 00:00:00+00:00,9.99192
2085-09-30 00:00:00+00:00,6.4258904
2085-10-31 00:00:00+00:00,6.1302276
2085-11-30 00:00:00+00:00,8.702706
2085-12-31 00:00:00+00:00,9.118361
2086-01-31 00:00:00+00:00,14.653961
2086-02-28 00:00:00+00:00,17.487698
2086-03-31 00:00:00+00:00,10.389493
2086-04-30 00:00:00+00:00,7.8146467
2086-05-31 00:00:00+00:00,11.201337
2086-06-30 00:00:00+00:00,7.142126
2086-07-31 00:00:00+00:00,6.2702518
2086-08-31 00:00:00+00:00,10.666301
2086-09-30 00:00:00+00:00,7.905738
2086-10-31 00:00:00+00:00,5.386953
2086-11-30 00:00:00+00:00,12.571152
2086-12-31 00:00:00+00:00,8.350346
2087-01-31 00:00:00+00:00,9.256743
2087-02-28 00:00:00+00:00,7.5158243
2087-03-31 00:00:00+00:00,7.175801
2087-04-30 00:00:00+00:00,7.4916644
2087-05-31 00:00:00+00:00,5.4442816
2087-06-30 00:00:00+00:00,5.5235186
2087-07-31 00:00:00+00:00,7.3097982
2087-08-31 00:00:00+00:00,9.380644
2087-09-30 00:00:00+00:00,6.2963715
2087-10-31 00:00:00+00:00,5.4051394
2087-11-30 00:00:00+00:00,5.5317054
2087-12-31 00:00:00+00:00,10.776465
2088-01-31 00:00:00+00:00,14.237994
2088-02-29 00:00:00+00:00,21.92991
2088-03-31 00:00:00+00:00,17.17058
2088-04-30 00:00:00+00:00,7.3137927
2088-05-31 00:00:00+00:00,6.2001934
2088-06-30 00:00:00+00:00,5.386016
2088-07-31 00:00:00+00:00,8.5880375
2088-08-31 00:00:00+00:00,8.121855
2088-09-30 00:00:00+00:00,7.1628523
2088-10-31 00:00:00+00:00,6.1306677
2088-11-30 00:00:00+00:00,6.814207
2088-12-31 00:00:00+00:00,7.761036
2089-01-31 00:00:00+00:00,9.636085
2089-02-28 00:00:00+00:00,16.270035
2089-03-31 00:00:00+00:00,12.176965
2089-04-30 00:00:00+00:00,7.1069055
2089-05-31 00:00:00+00:00,5.9343023
2089-06-30 00:00:00+00:00,5.342939
2089-07-31 00:00:00+00:00,5.939411
2089-08-31 00:00:00+00:00,10.623898
2089-09-30 00:00:00+00:00,9.295487
2089-10-31 00:00:00+00:00,6.268221
2089-11-30 00:00:00+00:00,5.736658
2089-12-31 00:00:00+00:00,6.091969
2090-01-31 00:00:00+00:00,14.64424
2090-02-28 00:00:00+00:00,13.119506
2090-03-31 00:00:00+00:00,9.183882
2090-04-30 00:00:00+00:00,7.6507263
2090-05-31 00:00:00+00:00,7.132335
2090-06-30 00:00:00+00:00,5.5703235
2090-07-31 00:00:00+00:00,6.686495
2090-08-31 00:00:00+00:00,9.3043585
2090-09-30 00:00:00+00:00,6.966238
2090-10-31 00:00:00+00:00,6.5562844
2090-11-30 00:00:00+00:00,5.9736056
2090-12-31 00:00:00+00:00,7.1520667
2091-01-31 00:00:00+00:00,7.833243
2091-02-28 00:00:00+00:00,7.913104
2091-03-31 00:00:00+00:00,7.105568
2091-04-30 00:00:00+00:00,6.731126
2091-05-31 00:00:00+00:00,5.381708
2091-06-30 00:00:00+00:00,5.3381314
2091-07-31 00:00:00+00:00,6.406828
2091-08-31 00:00:00+00:00,7.9710865
2091-09-30 00:00:00+00:00,6.1684365
2091-10-31 00:00:00+00:00,6.668187
2091-11-30 00:00:00+00:00,10.197489
2091-12-31 00:00:00+00:00,6.9155617
2092-01-31 00:00:00+00:00,13.227221
2092-02-29 00:00:00+00:00,8.4894705
2092-03-31 00:00:00+00:00,5.7812486
2092-04-30 00:00:00+00:00,5.8570523
2092-05-31 00:00:00+00:00,5.3492107
2092-06-30 00:00:00+00:00,5.357979
2092-07-31 00:00:00+00:00,7.2422185
2092-08-31 00:00:00+00:00,7.513002
2092-09-30 00:00:00+00:00,6.8443346
2092-10-31 00:00:00+00:00,5.5374107
2092-11-30 00:00:00+00:00,6.1822443
2092-12-31 00:00:00+00:00,7.5567455
2093-01-31 00:00:00+00:00,10.812063
2093-02-28 00:00:00+00:00,21.604767
2093-03-31 00:00:00+00:00,11.262696
2093-04-30 00:00:00+00:00,7.263977
2093-05-31 00:00:00+00:00,5.5721703
2093-06-30 00:00:00+00:00,5.3586564
2093-07-31 00:00:00+00:00,6.5559087
2093-08-31 00:00:00+00:00,9.982223
2093-09-30 00:00:00+00:00,7.5553317
2093-10-31 00:00:00+00:00,5.386395
2093-11-30 00:00:00+00:00,5.4089007
2093-12-31 00:00:00+00:00,7.919613
2094-01-31 00:00:00+00:00,13.992862
2094-02-28 00:00:00+00:00,13.348903
2094-03-31 00:00:00+00:00,8.648047
2094-04-30 00:00:00+00:00,10.336993
2094-05-31 00:00:00+00:00,5.6566753
2094-06-30 00:00:00+00:00,5.51098
2094-07-31 00:00:00+00:00,5.9011183
2094-08-31 00:00:00+00:00,8.840764
2094-09-30 00:00:00+00:00,5.6884813
2094-10-31 00:00:00+00:00,6.1174335
2094-11-30 00:00:00+00:00,10.572373
2094-12-31 00:00:00+00:00,15.451971
2095-01-31 00:00:00+00:00,10.643577
2095-02-28 00:00:00+00:00,15.015513
2095-03-31 00:00:00+00:00,8.38543
2095-04-30 00:00:00+00:00,7.5203495
2095-05-31 00:00:00+00:00,5.4687037
2095-06-30 00:00:00+00:00,5.773718
2095-07-31 00:00:00+00:00,5.5961537
2095-08-31 00:00:00+00:00,7.1710315
2095-09-30 00:00:00+00:00,5.8129687
2095-10-31 00:00:00+00:00,5.414915
2095-11-30 00:00:00+00:00,6.8942275
2095-12-31 00:00:00+00:00,6.0300446
2096-01-31 00:00:00+00:00,11.460333
2096-02-29 00:00:00+00:00,15.354632
2096-03-31 00:00:00+00:00,9.5357065
2096-04-30 00:00:00+00:00,5.747442
2096-05-31 00:00:00+00:00,5.5644007
2096-06-30 00:00:00+00:00,5.4576397
2096-07-31 00:00:00+00:00,5.396173
2096-08-31 00:00:00+00:00,7.0066977
2096-09-30 00:00:00+00:00,6.7190447
2096-10-31 00:00:00+00:00,6.2222514
2096-11-30 00:00:00+00:00,6.3131213
2096-12-31 00:00:00+00:00,10.376894
2097-01-31 00:00:00+00:00,13.367442
2097-02-28 00:00:00+00:00,15.471566
2097-03-31 00:00:00+00:00,16.514284
2097-04-30 00:00:00+00:00,8.387874
2097-05-31 00:00:00+00:00,5.464922
2097-06-30 00:00:00+00:00,5.307056
2097-07-31 00:00:00+00:00,6.8684144
2097-08-31 00:00:00+00:00,9.687733
2097-09-30 00:00:00+00:00,7.0681577
2097-10-31 00:00:00+00:00,5.3443446
2097-11-30 00:00:00+00:00,6.3261347
2097-12-31 00:00:00+00:00,7.8297586
2098-01-31 00:00:00+00:00,10.498161
2098-02-28 00:00:00+00:00,15.18463
2098-03-31 00:00:00+00:00,12.076089
2098-04-30 00:00:00+00:00,7.307698
2098-05-31 00:00:00+00:00,7.0046697
2098-06-30 00:00:00+00:00,5.372311
2098-07-31 00:00:00+00:00,7.4662275
2098-08-31 00:00:00+00:00,7.2945666
2098-09-30 00:00:00+00:00,8.841974
2098-10-31 00:00:00+00:00,5.966202
2098-11-30 00:00:00+00:00,6.201943
2098-12-31 00:00:00+00:00,14.047357
2099-01-31 00:00:00+00:00,10.370821
2099-02-28 00:00:00+00:00,16.420515
2099-03-31 00:00:00+00:00,11.866819
2099-04-30 00:00:00+00:00,6.286027
2099-05-31 00:00:00+00:00,5.679738
2099-06-30 00:00:00+00:00,5.3223248
2099-07-31 00:00:00+00:00,6.119798
2099-08-31 00:00:00+00:00,8.447068
2099-09-30 00:00:00+00:00,8.070059
2099-10-31 00:00:00+00:00,5.4137783
2099-11-30 00:00:00+00:00,5.491461
2099-12-31 00:00:00+00:00,5.518375
