time,tair_month_MIROC5_rcp85
2006-01-31 00:00:00+00:00,7.733123
2006-02-28 00:00:00+00:00,12.221554
2006-03-31 00:00:00+00:00,13.840281
2006-04-30 00:00:00+00:00,18.048336
2006-05-31 00:00:00+00:00,22.63604
2006-06-30 00:00:00+00:00,27.510798
2006-07-31 00:00:00+00:00,30.947609
2006-08-31 00:00:00+00:00,29.727377
2006-09-30 00:00:00+00:00,24.842827
2006-10-31 00:00:00+00:00,18.80656
2006-11-30 00:00:00+00:00,11.561767
2006-12-31 00:00:00+00:00,7.8299794
2007-01-31 00:00:00+00:00,9.977765
2007-02-28 00:00:00+00:00,11.80444
2007-03-31 00:00:00+00:00,14.203715
2007-04-30 00:00:00+00:00,18.528275
2007-05-31 00:00:00+00:00,26.12224
2007-06-30 00:00:00+00:00,29.326262
2007-07-31 00:00:00+00:00,31.761951
2007-08-31 00:00:00+00:00,28.704771
2007-09-30 00:00:00+00:00,27.373842
2007-10-31 00:00:00+00:00,17.264236
2007-11-30 00:00:00+00:00,11.812436
2007-12-31 00:00:00+00:00,7.8146453
2008-01-31 00:00:00+00:00,9.244245
2008-02-29 00:00:00+00:00,10.672587
2008-03-31 00:00:00+00:00,13.119155
2008-04-30 00:00:00+00:00,15.811179
2008-05-31 00:00:00+00:00,20.199621
2008-06-30 00:00:00+00:00,26.15444
2008-07-31 00:00:00+00:00,31.54101
2008-08-31 00:00:00+00:00,30.53739
2008-09-30 00:00:00+00:00,26.746386
2008-10-31 00:00:00+00:00,18.40386
2008-11-30 00:00:00+00:00,13.153351
2008-12-31 00:00:00+00:00,8.980172
2009-01-31 00:00:00+00:00,10.128094
2009-02-28 00:00:00+00:00,10.270934
2009-03-31 00:00:00+00:00,14.618722
2009-04-30 00:00:00+00:00,14.914709
2009-05-31 00:00:00+00:00,21.78783
2009-06-30 00:00:00+00:00,26.16888
2009-07-31 00:00:00+00:00,29.874413
2009-08-31 00:00:00+00:00,29.414244
2009-09-30 00:00:00+00:00,24.642046
2009-10-31 00:00:00+00:00,19.441612
2009-11-30 00:00:00+00:00,13.565113
2009-12-31 00:00:00+00:00,7.922327
2010-01-31 00:00:00+00:00,8.231575
2010-02-28 00:00:00+00:00,11.809094
2010-03-31 00:00:00+00:00,15.728314
2010-04-30 00:00:00+00:00,16.05973
2010-05-31 00:00:00+00:00,21.122643
2010-06-30 00:00:00+00:00,28.416237
2010-07-31 00:00:00+00:00,32.374596
2010-08-31 00:00:00+00:00,30.53162
2010-09-30 00:00:00+00:00,27.707054
2010-10-31 00:00:00+00:00,22.143848
2010-11-30 00:00:00+00:00,11.80942
2010-12-31 00:00:00+00:00,8.27192
2011-01-31 00:00:00+00:00,8.606872
2011-02-28 00:00:00+00:00,8.795994
2011-03-31 00:00:00+00:00,9.301718
2011-04-30 00:00:00+00:00,15.6985
2011-05-31 00:00:00+00:00,20.382017
2011-06-30 00:00:00+00:00,27.281368
2011-07-31 00:00:00+00:00,31.141771
2011-08-31 00:00:00+00:00,32.15508
2011-09-30 00:00:00+00:00,27.302574
2011-10-31 00:00:00+00:00,19.885887
2011-11-30 00:00:00+00:00,13.152269
2011-12-31 00:00:00+00:00,10.336191
2012-01-31 00:00:00+00:00,10.50679
2012-02-29 00:00:00+00:00,13.655117
2012-03-31 00:00:00+00:00,15.514098
2012-04-30 00:00:00+00:00,15.516453
2012-05-31 00:00:00+00:00,19.996752
2012-06-30 00:00:00+00:00,27.25708
2012-07-31 00:00:00+00:00,32.761818
2012-08-31 00:00:00+00:00,30.871544
2012-09-30 00:00:00+00:00,24.366846
2012-10-31 00:00:00+00:00,20.095413
2012-11-30 00:00:00+00:00,14.396837
2012-12-31 00:00:00+00:00,11.081439
2013-01-31 00:00:00+00:00,9.295021
2013-02-28 00:00:00+00:00,10.5774145
2013-03-31 00:00:00+00:00,14.427151
2013-04-30 00:00:00+00:00,16.063877
2013-05-31 00:00:00+00:00,21.412323
2013-06-30 00:00:00+00:00,25.418848
2013-07-31 00:00:00+00:00,28.11748
2013-08-31 00:00:00+00:00,27.01154
2013-09-30 00:00:00+00:00,24.074516
2013-10-31 00:00:00+00:00,19.326416
2013-11-30 00:00:00+00:00,14.591824
2013-12-31 00:00:00+00:00,7.3376946
2014-01-31 00:00:00+00:00,11.059288
2014-02-28 00:00:00+00:00,8.648294
2014-03-31 00:00:00+00:00,11.497237
2014-04-30 00:00:00+00:00,14.294238
2014-05-31 00:00:00+00:00,19.966349
2014-06-30 00:00:00+00:00,31.076782
2014-07-31 00:00:00+00:00,30.37222
2014-08-31 00:00:00+00:00,30.074327
2014-09-30 00:00:00+00:00,27.830599
2014-10-31 00:00:00+00:00,20.749874
2014-11-30 00:00:00+00:00,14.596872
2014-12-31 00:00:00+00:00,8.0109005
2015-01-31 00:00:00+00:00,8.9879875
2015-02-28 00:00:00+00:00,11.164571
2015-03-31 00:00:00+00:00,11.948212
2015-04-30 00:00:00+00:00,19.168995
2015-05-31 00:00:00+00:00,23.493414
2015-06-30 00:00:00+00:00,27.284817
2015-07-31 00:00:00+00:00,30.038607
2015-08-31 00:00:00+00:00,30.547796
2015-09-30 00:00:00+00:00,25.139977
2015-10-31 00:00:00+00:00,18.345577
2015-11-30 00:00:00+00:00,12.966772
2015-12-31 00:00:00+00:00,11.528505
2016-01-31 00:00:00+00:00,7.306708
2016-02-29 00:00:00+00:00,12.475197
2016-03-31 00:00:00+00:00,11.073385
2016-04-30 00:00:00+00:00,15.662789
2016-05-31 00:00:00+00:00,21.763897
2016-06-30 00:00:00+00:00,27.838507
2016-07-31 00:00:00+00:00,31.182983
2016-08-31 00:00:00+00:00,31.940922
2016-09-30 00:00:00+00:00,28.393753
2016-10-31 00:00:00+00:00,21.996798
2016-11-30 00:00:00+00:00,13.689693
2016-12-31 00:00:00+00:00,11.960401
2017-01-31 00:00:00+00:00,8.328595
2017-02-28 00:00:00+00:00,10.60024
2017-03-31 00:00:00+00:00,12.319096
2017-04-30 00:00:00+00:00,16.224642
2017-05-31 00:00:00+00:00,23.75394
2017-06-30 00:00:00+00:00,29.084259
2017-07-31 00:00:00+00:00,31.266806
2017-08-31 00:00:00+00:00,28.600416
2017-09-30 00:00:00+00:00,26.816029
2017-10-31 00:00:00+00:00,19.264181
2017-11-30 00:00:00+00:00,11.136064
2017-12-31 00:00:00+00:00,12.1189165
2018-01-31 00:00:00+00:00,8.687487
2018-02-28 00:00:00+00:00,13.524702
2018-03-31 00:00:00+00:00,13.878653
2018-04-30 00:00:00+00:00,18.830544
2018-05-31 00:00:00+00:00,24.287031
2018-06-30 00:00:00+00:00,25.61714
2018-07-31 00:00:00+00:00,30.458252
2018-08-31 00:00:00+00:00,28.62026
2018-09-30 00:00:00+00:00,24.843784
2018-10-31 00:00:00+00:00,23.861353
2018-11-30 00:00:00+00:00,14.419311
2018-12-31 00:00:00+00:00,10.837096
2019-01-31 00:00:00+00:00,8.59735
2019-02-28 00:00:00+00:00,10.002804
2019-03-31 00:00:00+00:00,15.437063
2019-04-30 00:00:00+00:00,17.529753
2019-05-31 00:00:00+00:00,20.066761
2019-06-30 00:00:00+00:00,24.970076
2019-07-31 00:00:00+00:00,30.23812
2019-08-31 00:00:00+00:00,30.25454
2019-09-30 00:00:00+00:00,27.375893
2019-10-31 00:00:00+00:00,20.008488
2019-11-30 00:00:00+00:00,12.787041
2019-12-31 00:00:00+00:00,8.342869
2020-01-31 00:00:00+00:00,8.543436
2020-02-29 00:00:00+00:00,13.523339
2020-03-31 00:00:00+00:00,15.8342
2020-04-30 00:00:00+00:00,19.149649
2020-05-31 00:00:00+00:00,22.530287
2020-06-30 00:00:00+00:00,28.216377
2020-07-31 00:00:00+00:00,29.998304
2020-08-31 00:00:00+00:00,30.383244
2020-09-30 00:00:00+00:00,25.635515
2020-10-31 00:00:00+00:00,23.19454
2020-11-30 00:00:00+00:00,15.381914
2020-12-31 00:00:00+00:00,9.828518
2021-01-31 00:00:00+00:00,11.046645
2021-02-28 00:00:00+00:00,11.349614
2021-03-31 00:00:00+00:00,13.011128
2021-04-30 00:00:00+00:00,14.944201
2021-05-31 00:00:00+00:00,24.292587
2021-06-30 00:00:00+00:00,28.449966
2021-07-31 00:00:00+00:00,31.76797
2021-08-31 00:00:00+00:00,30.437387
2021-09-30 00:00:00+00:00,24.910604
2021-10-31 00:00:00+00:00,20.589737
2021-11-30 00:00:00+00:00,13.117645
2021-12-31 00:00:00+00:00,10.705453
2022-01-31 00:00:00+00:00,6.361846
2022-02-28 00:00:00+00:00,12.249731
2022-03-31 00:00:00+00:00,14.644189
2022-04-30 00:00:00+00:00,18.532267
2022-05-31 00:00:00+00:00,22.55497
2022-06-30 00:00:00+00:00,27.137
2022-07-31 00:00:00+00:00,31.94082
2022-08-31 00:00:00+00:00,31.673018
2022-09-30 00:00:00+00:00,24.602364
2022-10-31 00:00:00+00:00,20.561255
2022-11-30 00:00:00+00:00,13.526499
2022-12-31 00:00:00+00:00,5.947811
2023-01-31 00:00:00+00:00,7.2455378
2023-02-28 00:00:00+00:00,13.28112
2023-03-31 00:00:00+00:00,9.771709
2023-04-30 00:00:00+00:00,19.445404
2023-05-31 00:00:00+00:00,20.853827
2023-06-30 00:00:00+00:00,29.008675
2023-07-31 00:00:00+00:00,32.516994
2023-08-31 00:00:00+00:00,29.407093
2023-09-30 00:00:00+00:00,26.008848
2023-10-31 00:00:00+00:00,20.888596
2023-11-30 00:00:00+00:00,11.362346
2023-12-31 00:00:00+00:00,9.289348
2024-01-31 00:00:00+00:00,10.693638
2024-02-29 00:00:00+00:00,10.653204
2024-03-31 00:00:00+00:00,13.032802
2024-04-30 00:00:00+00:00,18.124893
2024-05-31 00:00:00+00:00,20.939053
2024-06-30 00:00:00+00:00,27.555672
2024-07-31 00:00:00+00:00,31.389668
2024-08-31 00:00:00+00:00,29.981234
2024-09-30 00:00:00+00:00,24.581493
2024-10-31 00:00:00+00:00,18.43076
2024-11-30 00:00:00+00:00,13.711007
2024-12-31 00:00:00+00:00,10.071776
2025-01-31 00:00:00+00:00,11.446212
2025-02-28 00:00:00+00:00,9.226967
2025-03-31 00:00:00+00:00,15.315624
2025-04-30 00:00:00+00:00,18.088537
2025-05-31 00:00:00+00:00,24.61466
2025-06-30 00:00:00+00:00,28.301256
2025-07-31 00:00:00+00:00,30.72565
2025-08-31 00:00:00+00:00,30.08305
2025-09-30 00:00:00+00:00,26.919016
2025-10-31 00:00:00+00:00,19.247545
2025-11-30 00:00:00+00:00,13.816444
2025-12-31 00:00:00+00:00,10.033672
2026-01-31 00:00:00+00:00,11.622475
2026-02-28 00:00:00+00:00,11.8113165
2026-03-31 00:00:00+00:00,11.406468
2026-04-30 00:00:00+00:00,17.872446
2026-05-31 00:00:00+00:00,23.032316
2026-06-30 00:00:00+00:00,29.130926
2026-07-31 00:00:00+00:00,31.458302
2026-08-31 00:00:00+00:00,30.852205
2026-09-30 00:00:00+00:00,29.012619
2026-10-31 00:00:00+00:00,24.093527
2026-11-30 00:00:00+00:00,14.877921
2026-12-31 00:00:00+00:00,9.579452
2027-01-31 00:00:00+00:00,6.9142528
2027-02-28 00:00:00+00:00,6.996938
2027-03-31 00:00:00+00:00,13.139429
2027-04-30 00:00:00+00:00,19.431654
2027-05-31 00:00:00+00:00,21.18308
2027-06-30 00:00:00+00:00,27.422983
2027-07-31 00:00:00+00:00,32.588074
2027-08-31 00:00:00+00:00,29.909729
2027-09-30 00:00:00+00:00,26.901703
2027-10-31 00:00:00+00:00,23.88089
2027-11-30 00:00:00+00:00,17.059568
2027-12-31 00:00:00+00:00,10.55807
2028-01-31 00:00:00+00:00,13.376252
2028-02-29 00:00:00+00:00,11.640997
2028-03-31 00:00:00+00:00,15.175113
2028-04-30 00:00:00+00:00,19.48337
2028-05-31 00:00:00+00:00,21.241898
2028-06-30 00:00:00+00:00,26.551123
2028-07-31 00:00:00+00:00,31.181953
2028-08-31 00:00:00+00:00,30.85635
2028-09-30 00:00:00+00:00,26.663301
2028-10-31 00:00:00+00:00,20.311893
2028-11-30 00:00:00+00:00,16.803246
2028-12-31 00:00:00+00:00,10.317817
2029-01-31 00:00:00+00:00,8.790776
2029-02-28 00:00:00+00:00,9.553891
2029-03-31 00:00:00+00:00,13.975796
2029-04-30 00:00:00+00:00,18.576988
2029-05-31 00:00:00+00:00,21.765282
2029-06-30 00:00:00+00:00,27.487747
2029-07-31 00:00:00+00:00,30.92167
2029-08-31 00:00:00+00:00,29.341331
2029-09-30 00:00:00+00:00,27.992199
2029-10-31 00:00:00+00:00,22.865574
2029-11-30 00:00:00+00:00,13.480236
2029-12-31 00:00:00+00:00,8.354528
2030-01-31 00:00:00+00:00,10.568723
2030-02-28 00:00:00+00:00,10.258127
2030-03-31 00:00:00+00:00,11.67541
2030-04-30 00:00:00+00:00,18.449152
2030-05-31 00:00:00+00:00,22.114717
2030-06-30 00:00:00+00:00,30.313927
2030-07-31 00:00:00+00:00,32.433758
2030-08-31 00:00:00+00:00,30.223335
2030-09-30 00:00:00+00:00,28.95378
2030-10-31 00:00:00+00:00,21.70499
2030-11-30 00:00:00+00:00,16.157581
2030-12-31 00:00:00+00:00,11.105512
2031-01-31 00:00:00+00:00,9.075369
2031-02-28 00:00:00+00:00,14.648776
2031-03-31 00:00:00+00:00,14.29497
2031-04-30 00:00:00+00:00,16.504814
2031-05-31 00:00:00+00:00,22.28536
2031-06-30 00:00:00+00:00,32.086273
2031-07-31 00:00:00+00:00,31.259684
2031-08-31 00:00:00+00:00,30.997345
2031-09-30 00:00:00+00:00,26.76795
2031-10-31 00:00:00+00:00,21.443617
2031-11-30 00:00:00+00:00,16.403748
2031-12-31 00:00:00+00:00,13.372079
2032-01-31 00:00:00+00:00,10.519472
2032-02-29 00:00:00+00:00,12.672588
2032-03-31 00:00:00+00:00,12.682396
2032-04-30 00:00:00+00:00,17.031523
2032-05-31 00:00:00+00:00,23.523718
2032-06-30 00:00:00+00:00,25.13237
2032-07-31 00:00:00+00:00,31.487185
2032-08-31 00:00:00+00:00,31.674038
2032-09-30 00:00:00+00:00,25.417807
2032-10-31 00:00:00+00:00,22.006886
2032-11-30 00:00:00+00:00,14.894583
2032-12-31 00:00:00+00:00,12.695721
2033-01-31 00:00:00+00:00,11.15274
2033-02-28 00:00:00+00:00,13.044566
2033-03-31 00:00:00+00:00,14.045381
2033-04-30 00:00:00+00:00,18.155321
2033-05-31 00:00:00+00:00,22.684216
2033-06-30 00:00:00+00:00,30.59801
2033-07-31 00:00:00+00:00,32.00221
2033-08-31 00:00:00+00:00,30.58046
2033-09-30 00:00:00+00:00,24.592161
2033-10-31 00:00:00+00:00,18.436363
2033-11-30 00:00:00+00:00,15.348104
2033-12-31 00:00:00+00:00,7.7430396
2034-01-31 00:00:00+00:00,8.4302845
2034-02-28 00:00:00+00:00,12.026891
2034-03-31 00:00:00+00:00,13.637733
2034-04-30 00:00:00+00:00,18.541296
2034-05-31 00:00:00+00:00,24.494873
2034-06-30 00:00:00+00:00,28.605362
2034-07-31 00:00:00+00:00,31.418657
2034-08-31 00:00:00+00:00,29.258022
2034-09-30 00:00:00+00:00,28.996033
2034-10-31 00:00:00+00:00,20.94611
2034-11-30 00:00:00+00:00,13.875072
2034-12-31 00:00:00+00:00,9.440035
2035-01-31 00:00:00+00:00,13.719861
2035-02-28 00:00:00+00:00,11.653962
2035-03-31 00:00:00+00:00,12.95331
2035-04-30 00:00:00+00:00,16.478745
2035-05-31 00:00:00+00:00,25.425062
2035-06-30 00:00:00+00:00,29.627697
2035-07-31 00:00:00+00:00,30.634474
2035-08-31 00:00:00+00:00,31.436056
2035-09-30 00:00:00+00:00,29.620125
2035-10-31 00:00:00+00:00,21.854437
2035-11-30 00:00:00+00:00,15.662591
2035-12-31 00:00:00+00:00,7.988849
2036-01-31 00:00:00+00:00,9.6999655
2036-02-29 00:00:00+00:00,12.36022
2036-03-31 00:00:00+00:00,16.780281
2036-04-30 00:00:00+00:00,19.605783
2036-05-31 00:00:00+00:00,24.059853
2036-06-30 00:00:00+00:00,31.481554
2036-07-31 00:00:00+00:00,32.765575
2036-08-31 00:00:00+00:00,31.429575
2036-09-30 00:00:00+00:00,26.719013
2036-10-31 00:00:00+00:00,23.072815
2036-11-30 00:00:00+00:00,15.184343
2036-12-31 00:00:00+00:00,8.355483
2037-01-31 00:00:00+00:00,5.6088996
2037-02-28 00:00:00+00:00,10.623823
2037-03-31 00:00:00+00:00,15.097908
2037-04-30 00:00:00+00:00,19.53542
2037-05-31 00:00:00+00:00,22.80642
2037-06-30 00:00:00+00:00,29.882431
2037-07-31 00:00:00+00:00,33.213184
2037-08-31 00:00:00+00:00,31.083624
2037-09-30 00:00:00+00:00,25.859652
2037-10-31 00:00:00+00:00,25.41164
2037-11-30 00:00:00+00:00,13.5183
2037-12-31 00:00:00+00:00,11.235675
2038-01-31 00:00:00+00:00,11.419352
2038-02-28 00:00:00+00:00,14.710297
2038-03-31 00:00:00+00:00,14.879952
2038-04-30 00:00:00+00:00,19.792374
2038-05-31 00:00:00+00:00,24.672104
2038-06-30 00:00:00+00:00,28.017427
2038-07-31 00:00:00+00:00,33.78772
2038-08-31 00:00:00+00:00,32.09266
2038-09-30 00:00:00+00:00,26.899332
2038-10-31 00:00:00+00:00,20.364328
2038-11-30 00:00:00+00:00,15.283805
2038-12-31 00:00:00+00:00,10.810187
2039-01-31 00:00:00+00:00,8.776654
2039-02-28 00:00:00+00:00,6.7339015
2039-03-31 00:00:00+00:00,15.237036
2039-04-30 00:00:00+00:00,18.314014
2039-05-31 00:00:00+00:00,25.948166
2039-06-30 00:00:00+00:00,29.540718
2039-07-31 00:00:00+00:00,32.069336
2039-08-31 00:00:00+00:00,32.73461
2039-09-30 00:00:00+00:00,28.761568
2039-10-31 00:00:00+00:00,22.858053
2039-11-30 00:00:00+00:00,14.180678
2039-12-31 00:00:00+00:00,11.9748125
2040-01-31 00:00:00+00:00,9.687545
2040-02-29 00:00:00+00:00,12.165862
2040-03-31 00:00:00+00:00,14.411235
2040-04-30 00:00:00+00:00,16.242815
2040-05-31 00:00:00+00:00,23.64518
2040-06-30 00:00:00+00:00,29.572727
2040-07-31 00:00:00+00:00,33.38774
2040-08-31 00:00:00+00:00,32.246696
2040-09-30 00:00:00+00:00,29.125814
2040-10-31 00:00:00+00:00,22.970034
2040-11-30 00:00:00+00:00,14.935463
2040-12-31 00:00:00+00:00,10.123352
2041-01-31 00:00:00+00:00,8.82982
2041-02-28 00:00:00+00:00,13.779288
2041-03-31 00:00:00+00:00,12.948005
2041-04-30 00:00:00+00:00,17.60997
2041-05-31 00:00:00+00:00,25.973635
2041-06-30 00:00:00+00:00,29.336004
2041-07-31 00:00:00+00:00,32.61599
2041-08-31 00:00:00+00:00,31.06422
2041-09-30 00:00:00+00:00,29.200315
2041-10-31 00:00:00+00:00,24.51574
2041-11-30 00:00:00+00:00,14.588487
2041-12-31 00:00:00+00:00,10.527511
2042-01-31 00:00:00+00:00,10.505598
2042-02-28 00:00:00+00:00,10.774794
2042-03-31 00:00:00+00:00,15.505325
2042-04-30 00:00:00+00:00,21.109097
2042-05-31 00:00:00+00:00,22.093563
2042-06-30 00:00:00+00:00,27.805256
2042-07-31 00:00:00+00:00,32.08117
2042-08-31 00:00:00+00:00,31.12533
2042-09-30 00:00:00+00:00,27.415615
2042-10-31 00:00:00+00:00,20.929033
2042-11-30 00:00:00+00:00,15.188994
2042-12-31 00:00:00+00:00,11.865282
2043-01-31 00:00:00+00:00,10.699181
2043-02-28 00:00:00+00:00,9.787171
2043-03-31 00:00:00+00:00,15.413921
2043-04-30 00:00:00+00:00,18.740818
2043-05-31 00:00:00+00:00,22.085522
2043-06-30 00:00:00+00:00,32.10018
2043-07-31 00:00:00+00:00,30.86174
2043-08-31 00:00:00+00:00,28.573015
2043-09-30 00:00:00+00:00,28.209429
2043-10-31 00:00:00+00:00,23.138052
2043-11-30 00:00:00+00:00,16.79253
2043-12-31 00:00:00+00:00,12.60673
2044-01-31 00:00:00+00:00,13.424981
2044-02-29 00:00:00+00:00,12.74542
2044-03-31 00:00:00+00:00,14.327496
2044-04-30 00:00:00+00:00,19.946611
2044-05-31 00:00:00+00:00,25.899607
2044-06-30 00:00:00+00:00,26.960428
2044-07-31 00:00:00+00:00,33.17879
2044-08-31 00:00:00+00:00,31.0829
2044-09-30 00:00:00+00:00,31.217283
2044-10-31 00:00:00+00:00,20.9821
2044-11-30 00:00:00+00:00,16.248775
2044-12-31 00:00:00+00:00,9.711099
2045-01-31 00:00:00+00:00,8.723423
2045-02-28 00:00:00+00:00,13.683314
2045-03-31 00:00:00+00:00,13.861217
2045-04-30 00:00:00+00:00,16.542133
2045-05-31 00:00:00+00:00,24.0378
2045-06-30 00:00:00+00:00,29.37738
2045-07-31 00:00:00+00:00,32.034306
2045-08-31 00:00:00+00:00,32.231586
2045-09-30 00:00:00+00:00,30.877893
2045-10-31 00:00:00+00:00,22.586426
2045-11-30 00:00:00+00:00,15.007477
2045-12-31 00:00:00+00:00,11.128145
2046-01-31 00:00:00+00:00,12.972221
2046-02-28 00:00:00+00:00,10.793062
2046-03-31 00:00:00+00:00,18.3816
2046-04-30 00:00:00+00:00,21.785683
2046-05-31 00:00:00+00:00,25.411259
2046-06-30 00:00:00+00:00,28.605581
2046-07-31 00:00:00+00:00,33.18964
2046-08-31 00:00:00+00:00,31.32494
2046-09-30 00:00:00+00:00,27.5294
2046-10-31 00:00:00+00:00,22.772959
2046-11-30 00:00:00+00:00,14.256645
2046-12-31 00:00:00+00:00,11.328323
2047-01-31 00:00:00+00:00,11.724963
2047-02-28 00:00:00+00:00,11.183611
2047-03-31 00:00:00+00:00,15.426736
2047-04-30 00:00:00+00:00,19.745771
2047-05-31 00:00:00+00:00,24.782476
2047-06-30 00:00:00+00:00,26.978823
2047-07-31 00:00:00+00:00,31.946611
2047-08-31 00:00:00+00:00,32.602848
2047-09-30 00:00:00+00:00,29.634432
2047-10-31 00:00:00+00:00,22.856611
2047-11-30 00:00:00+00:00,13.453212
2047-12-31 00:00:00+00:00,10.77489
2048-01-31 00:00:00+00:00,9.073394
2048-02-29 00:00:00+00:00,11.087002
2048-03-31 00:00:00+00:00,14.769965
2048-04-30 00:00:00+00:00,18.40828
2048-05-31 00:00:00+00:00,23.414774
2048-06-30 00:00:00+00:00,26.887197
2048-07-31 00:00:00+00:00,31.083937
2048-08-31 00:00:00+00:00,30.191023
2048-09-30 00:00:00+00:00,27.576418
2048-10-31 00:00:00+00:00,20.252386
2048-11-30 00:00:00+00:00,18.33533
2048-12-31 00:00:00+00:00,9.296581
2049-01-31 00:00:00+00:00,10.67008
2049-02-28 00:00:00+00:00,11.736085
2049-03-31 00:00:00+00:00,15.024834
2049-04-30 00:00:00+00:00,20.85881
2049-05-31 00:00:00+00:00,22.804539
2049-06-30 00:00:00+00:00,28.558313
2049-07-31 00:00:00+00:00,32.06664
2049-08-31 00:00:00+00:00,33.840347
2049-09-30 00:00:00+00:00,29.540798
2049-10-31 00:00:00+00:00,20.921206
2049-11-30 00:00:00+00:00,13.576567
2049-12-31 00:00:00+00:00,12.061202
2050-01-31 00:00:00+00:00,9.718026
2050-02-28 00:00:00+00:00,11.266066
2050-03-31 00:00:00+00:00,17.17811
2050-04-30 00:00:00+00:00,21.161402
2050-05-31 00:00:00+00:00,26.620481
2050-06-30 00:00:00+00:00,28.618591
2050-07-31 00:00:00+00:00,32.47936
2050-08-31 00:00:00+00:00,32.551918
2050-09-30 00:00:00+00:00,28.082407
2050-10-31 00:00:00+00:00,25.69914
2050-11-30 00:00:00+00:00,15.315226
2050-12-31 00:00:00+00:00,8.877321
2051-01-31 00:00:00+00:00,9.417615
2051-02-28 00:00:00+00:00,12.013423
2051-03-31 00:00:00+00:00,14.348339
2051-04-30 00:00:00+00:00,18.027214
2051-05-31 00:00:00+00:00,22.713293
2051-06-30 00:00:00+00:00,29.651398
2051-07-31 00:00:00+00:00,32.574596
2051-08-31 00:00:00+00:00,32.97408
2051-09-30 00:00:00+00:00,30.19962
2051-10-31 00:00:00+00:00,23.830505
2051-11-30 00:00:00+00:00,16.306076
2051-12-31 00:00:00+00:00,10.606008
2052-01-31 00:00:00+00:00,11.37243
2052-02-29 00:00:00+00:00,12.430406
2052-03-31 00:00:00+00:00,10.833962
2052-04-30 00:00:00+00:00,19.44604
2052-05-31 00:00:00+00:00,25.173521
2052-06-30 00:00:00+00:00,25.9543
2052-07-31 00:00:00+00:00,28.265734
2052-08-31 00:00:00+00:00,30.998884
2052-09-30 00:00:00+00:00,28.386036
2052-10-31 00:00:00+00:00,22.71515
2052-11-30 00:00:00+00:00,13.400725
2052-12-31 00:00:00+00:00,13.275634
2053-01-31 00:00:00+00:00,13.373368
2053-02-28 00:00:00+00:00,14.450136
2053-03-31 00:00:00+00:00,16.031773
2053-04-30 00:00:00+00:00,22.332714
2053-05-31 00:00:00+00:00,23.490599
2053-06-30 00:00:00+00:00,31.650131
2053-07-31 00:00:00+00:00,33.562706
2053-08-31 00:00:00+00:00,32.964176
2053-09-30 00:00:00+00:00,28.298775
2053-10-31 00:00:00+00:00,22.82807
2053-11-30 00:00:00+00:00,14.703229
2053-12-31 00:00:00+00:00,12.454787
2054-01-31 00:00:00+00:00,11.2478895
2054-02-28 00:00:00+00:00,13.978913
2054-03-31 00:00:00+00:00,14.907627
2054-04-30 00:00:00+00:00,18.352045
2054-05-31 00:00:00+00:00,24.183336
2054-06-30 00:00:00+00:00,28.074057
2054-07-31 00:00:00+00:00,33.868652
2054-08-31 00:00:00+00:00,31.49317
2054-09-30 00:00:00+00:00,29.351364
2054-10-31 00:00:00+00:00,23.489748
2054-11-30 00:00:00+00:00,14.852793
2054-12-31 00:00:00+00:00,10.125222
2055-01-31 00:00:00+00:00,13.481868
2055-02-28 00:00:00+00:00,13.377073
2055-03-31 00:00:00+00:00,15.014915
2055-04-30 00:00:00+00:00,21.322462
2055-05-31 00:00:00+00:00,24.551985
2055-06-30 00:00:00+00:00,29.95223
2055-07-31 00:00:00+00:00,32.112038
2055-08-31 00:00:00+00:00,31.91659
2055-09-30 00:00:00+00:00,28.024725
2055-10-31 00:00:00+00:00,24.927368
2055-11-30 00:00:00+00:00,13.132063
2055-12-31 00:00:00+00:00,10.538418
2056-01-31 00:00:00+00:00,8.573034
2056-02-29 00:00:00+00:00,11.919413
2056-03-31 00:00:00+00:00,14.138828
2056-04-30 00:00:00+00:00,21.345589
2056-05-31 00:00:00+00:00,25.28236
2056-06-30 00:00:00+00:00,29.118061
2056-07-31 00:00:00+00:00,31.023594
2056-08-31 00:00:00+00:00,33.257946
2056-09-30 00:00:00+00:00,28.777159
2056-10-31 00:00:00+00:00,20.378845
2056-11-30 00:00:00+00:00,13.361951
2056-12-31 00:00:00+00:00,10.46248
2057-01-31 00:00:00+00:00,9.189298
2057-02-28 00:00:00+00:00,15.043562
2057-03-31 00:00:00+00:00,16.189522
2057-04-30 00:00:00+00:00,19.844296
2057-05-31 00:00:00+00:00,23.826437
2057-06-30 00:00:00+00:00,30.75422
2057-07-31 00:00:00+00:00,32.923916
2057-08-31 00:00:00+00:00,32.657566
2057-09-30 00:00:00+00:00,30.416111
2057-10-31 00:00:00+00:00,24.238478
2057-11-30 00:00:00+00:00,14.686803
2057-12-31 00:00:00+00:00,11.905043
2058-01-31 00:00:00+00:00,12.649926
2058-02-28 00:00:00+00:00,9.513592
2058-03-31 00:00:00+00:00,15.442853
2058-04-30 00:00:00+00:00,17.702713
2058-05-31 00:00:00+00:00,24.910786
2058-06-30 00:00:00+00:00,27.406149
2058-07-31 00:00:00+00:00,32.83127
2058-08-31 00:00:00+00:00,33.004375
2058-09-30 00:00:00+00:00,27.886635
2058-10-31 00:00:00+00:00,23.055037
2058-11-30 00:00:00+00:00,15.405294
2058-12-31 00:00:00+00:00,8.296141
2059-01-31 00:00:00+00:00,10.3676815
2059-02-28 00:00:00+00:00,10.974259
2059-03-31 00:00:00+00:00,15.739076
2059-04-30 00:00:00+00:00,19.975698
2059-05-31 00:00:00+00:00,25.63564
2059-06-30 00:00:00+00:00,26.560175
2059-07-31 00:00:00+00:00,32.841278
2059-08-31 00:00:00+00:00,30.77551
2059-09-30 00:00:00+00:00,28.209936
2059-10-31 00:00:00+00:00,22.639296
2059-11-30 00:00:00+00:00,15.625739
2059-12-31 00:00:00+00:00,10.914722
2060-01-31 00:00:00+00:00,12.197996
2060-02-29 00:00:00+00:00,13.219032
2060-03-31 00:00:00+00:00,13.777302
2060-04-30 00:00:00+00:00,19.46159
2060-05-31 00:00:00+00:00,24.565674
2060-06-30 00:00:00+00:00,26.785013
2060-07-31 00:00:00+00:00,32.61449
2060-08-31 00:00:00+00:00,32.310513
2060-09-30 00:00:00+00:00,30.189812
2060-10-31 00:00:00+00:00,22.032328
2060-11-30 00:00:00+00:00,14.868922
2060-12-31 00:00:00+00:00,8.101572
2061-01-31 00:00:00+00:00,8.36354
2061-02-28 00:00:00+00:00,13.340302
2061-03-31 00:00:00+00:00,14.894654
2061-04-30 00:00:00+00:00,17.287186
2061-05-31 00:00:00+00:00,21.52847
2061-06-30 00:00:00+00:00,30.55811
2061-07-31 00:00:00+00:00,33.374535
2061-08-31 00:00:00+00:00,32.311447
2061-09-30 00:00:00+00:00,30.029152
2061-10-31 00:00:00+00:00,24.87767
2061-11-30 00:00:00+00:00,18.673386
2061-12-31 00:00:00+00:00,12.091601
2062-01-31 00:00:00+00:00,12.459694
2062-02-28 00:00:00+00:00,15.242635
2062-03-31 00:00:00+00:00,15.2415495
2062-04-30 00:00:00+00:00,23.154121
2062-05-31 00:00:00+00:00,26.392578
2062-06-30 00:00:00+00:00,30.772839
2062-07-31 00:00:00+00:00,31.915949
2062-08-31 00:00:00+00:00,33.786285
2062-09-30 00:00:00+00:00,30.14433
2062-10-31 00:00:00+00:00,22.753946
2062-11-30 00:00:00+00:00,12.060107
2062-12-31 00:00:00+00:00,14.014351
2063-01-31 00:00:00+00:00,12.737619
2063-02-28 00:00:00+00:00,11.404454
2063-03-31 00:00:00+00:00,12.753187
2063-04-30 00:00:00+00:00,19.890842
2063-05-31 00:00:00+00:00,27.344624
2063-06-30 00:00:00+00:00,29.200218
2063-07-31 00:00:00+00:00,31.283253
2063-08-31 00:00:00+00:00,32.36678
2063-09-30 00:00:00+00:00,29.132027
2063-10-31 00:00:00+00:00,23.42308
2063-11-30 00:00:00+00:00,14.763863
2063-12-31 00:00:00+00:00,12.352608
2064-01-31 00:00:00+00:00,9.128196
2064-02-29 00:00:00+00:00,13.096575
2064-03-31 00:00:00+00:00,18.037785
2064-04-30 00:00:00+00:00,17.365995
2064-05-31 00:00:00+00:00,22.375492
2064-06-30 00:00:00+00:00,30.295227
2064-07-31 00:00:00+00:00,32.006542
2064-08-31 00:00:00+00:00,33.064606
2064-09-30 00:00:00+00:00,27.85293
2064-10-31 00:00:00+00:00,24.87989
2064-11-30 00:00:00+00:00,16.52
2064-12-31 00:00:00+00:00,12.712737
2065-01-31 00:00:00+00:00,10.226443
2065-02-28 00:00:00+00:00,9.714777
2065-03-31 00:00:00+00:00,14.645753
2065-04-30 00:00:00+00:00,18.83613
2065-05-31 00:00:00+00:00,27.43354
2065-06-30 00:00:00+00:00,29.299828
2065-07-31 00:00:00+00:00,32.86605
2065-08-31 00:00:00+00:00,31.941986
2065-09-30 00:00:00+00:00,29.15325
2065-10-31 00:00:00+00:00,24.695862
2065-11-30 00:00:00+00:00,13.456799
2065-12-31 00:00:00+00:00,10.885755
2066-01-31 00:00:00+00:00,9.786405
2066-02-28 00:00:00+00:00,11.414345
2066-03-31 00:00:00+00:00,14.529923
2066-04-30 00:00:00+00:00,20.348677
2066-05-31 00:00:00+00:00,24.546915
2066-06-30 00:00:00+00:00,28.210554
2066-07-31 00:00:00+00:00,30.763071
2066-08-31 00:00:00+00:00,32.911243
2066-09-30 00:00:00+00:00,32.495426
2066-10-31 00:00:00+00:00,24.617804
2066-11-30 00:00:00+00:00,12.9886265
2066-12-31 00:00:00+00:00,9.763324
2067-01-31 00:00:00+00:00,10.679295
2067-02-28 00:00:00+00:00,12.349429
2067-03-31 00:00:00+00:00,17.58503
2067-04-30 00:00:00+00:00,18.014698
2067-05-31 00:00:00+00:00,20.602663
2067-06-30 00:00:00+00:00,30.801912
2067-07-31 00:00:00+00:00,34.93426
2067-08-31 00:00:00+00:00,33.460854
2067-09-30 00:00:00+00:00,27.810026
2067-10-31 00:00:00+00:00,23.834517
2067-11-30 00:00:00+00:00,15.081489
2067-12-31 00:00:00+00:00,9.115879
2068-01-31 00:00:00+00:00,11.8341465
2068-02-29 00:00:00+00:00,13.611696
2068-03-31 00:00:00+00:00,14.779338
2068-04-30 00:00:00+00:00,19.586147
2068-05-31 00:00:00+00:00,24.450981
2068-06-30 00:00:00+00:00,32.149906
2068-07-31 00:00:00+00:00,32.730274
2068-08-31 00:00:00+00:00,30.40043
2068-09-30 00:00:00+00:00,28.979881
2068-10-31 00:00:00+00:00,23.484028
2068-11-30 00:00:00+00:00,18.244686
2068-12-31 00:00:00+00:00,12.053138
2069-01-31 00:00:00+00:00,13.369227
2069-02-28 00:00:00+00:00,14.825828
2069-03-31 00:00:00+00:00,14.245653
2069-04-30 00:00:00+00:00,20.660904
2069-05-31 00:00:00+00:00,25.7996
2069-06-30 00:00:00+00:00,30.88917
2069-07-31 00:00:00+00:00,34.07133
2069-08-31 00:00:00+00:00,33.23102
2069-09-30 00:00:00+00:00,28.557772
2069-10-31 00:00:00+00:00,25.590227
2069-11-30 00:00:00+00:00,16.832848
2069-12-31 00:00:00+00:00,12.253001
2070-01-31 00:00:00+00:00,11.006518
2070-02-28 00:00:00+00:00,14.961656
2070-03-31 00:00:00+00:00,16.454563
2070-04-30 00:00:00+00:00,20.593994
2070-05-31 00:00:00+00:00,26.23367
2070-06-30 00:00:00+00:00,30.042742
2070-07-31 00:00:00+00:00,33.88446
2070-08-31 00:00:00+00:00,32.78385
2070-09-30 00:00:00+00:00,28.758429
2070-10-31 00:00:00+00:00,24.441053
2070-11-30 00:00:00+00:00,15.966455
2070-12-31 00:00:00+00:00,11.670695
2071-01-31 00:00:00+00:00,12.21889
2071-02-28 00:00:00+00:00,12.498857
2071-03-31 00:00:00+00:00,16.49216
2071-04-30 00:00:00+00:00,20.631052
2071-05-31 00:00:00+00:00,21.253521
2071-06-30 00:00:00+00:00,27.830927
2071-07-31 00:00:00+00:00,30.941616
2071-08-31 00:00:00+00:00,31.314781
2071-09-30 00:00:00+00:00,28.34019
2071-10-31 00:00:00+00:00,25.018993
2071-11-30 00:00:00+00:00,17.533192
2071-12-31 00:00:00+00:00,11.3449745
2072-01-31 00:00:00+00:00,11.670878
2072-02-29 00:00:00+00:00,14.213711
2072-03-31 00:00:00+00:00,18.931786
2072-04-30 00:00:00+00:00,22.089022
2072-05-31 00:00:00+00:00,26.067291
2072-06-30 00:00:00+00:00,30.402145
2072-07-31 00:00:00+00:00,34.653633
2072-08-31 00:00:00+00:00,34.620193
2072-09-30 00:00:00+00:00,27.414186
2072-10-31 00:00:00+00:00,25.497698
2072-11-30 00:00:00+00:00,18.374966
2072-12-31 00:00:00+00:00,9.8800535
2073-01-31 00:00:00+00:00,12.132654
2073-02-28 00:00:00+00:00,15.246004
2073-03-31 00:00:00+00:00,11.612869
2073-04-30 00:00:00+00:00,17.993979
2073-05-31 00:00:00+00:00,26.061434
2073-06-30 00:00:00+00:00,30.095194
2073-07-31 00:00:00+00:00,33.693478
2073-08-31 00:00:00+00:00,34.58962
2073-09-30 00:00:00+00:00,31.125484
2073-10-31 00:00:00+00:00,24.602676
2073-11-30 00:00:00+00:00,15.550418
2073-12-31 00:00:00+00:00,11.484232
2074-01-31 00:00:00+00:00,10.1539135
2074-02-28 00:00:00+00:00,14.386168
2074-03-31 00:00:00+00:00,13.418624
2074-04-30 00:00:00+00:00,20.355623
2074-05-31 00:00:00+00:00,24.991997
2074-06-30 00:00:00+00:00,32.186123
2074-07-31 00:00:00+00:00,34.423912
2074-08-31 00:00:00+00:00,34.14169
2074-09-30 00:00:00+00:00,32.781517
2074-10-31 00:00:00+00:00,24.628475
2074-11-30 00:00:00+00:00,16.277716
2074-12-31 00:00:00+00:00,10.924795
2075-01-31 00:00:00+00:00,14.429296
2075-02-28 00:00:00+00:00,13.432967
2075-03-31 00:00:00+00:00,18.401583
2075-04-30 00:00:00+00:00,19.167925
2075-05-31 00:00:00+00:00,26.00217
2075-06-30 00:00:00+00:00,29.500744
2075-07-31 00:00:00+00:00,31.663488
2075-08-31 00:00:00+00:00,31.445362
2075-09-30 00:00:00+00:00,31.32315
2075-10-31 00:00:00+00:00,21.757885
2075-11-30 00:00:00+00:00,19.70116
2075-12-31 00:00:00+00:00,12.988838
2076-01-31 00:00:00+00:00,12.87636
2076-02-29 00:00:00+00:00,15.036127
2076-03-31 00:00:00+00:00,15.5382595
2076-04-30 00:00:00+00:00,18.16436
2076-05-31 00:00:00+00:00,25.608654
2076-06-30 00:00:00+00:00,31.717588
2076-07-31 00:00:00+00:00,32.560375
2076-08-31 00:00:00+00:00,32.45231
2076-09-30 00:00:00+00:00,27.93042
2076-10-31 00:00:00+00:00,25.93121
2076-11-30 00:00:00+00:00,14.31596
2076-12-31 00:00:00+00:00,9.388896
2077-01-31 00:00:00+00:00,11.009179
2077-02-28 00:00:00+00:00,11.25756
2077-03-31 00:00:00+00:00,13.12303
2077-04-30 00:00:00+00:00,21.787062
2077-05-31 00:00:00+00:00,28.664885
2077-06-30 00:00:00+00:00,31.855938
2077-07-31 00:00:00+00:00,34.076523
2077-08-31 00:00:00+00:00,31.640049
2077-09-30 00:00:00+00:00,29.647839
2077-10-31 00:00:00+00:00,26.101265
2077-11-30 00:00:00+00:00,16.266346
2077-12-31 00:00:00+00:00,11.960955
2078-01-31 00:00:00+00:00,11.781429
2078-02-28 00:00:00+00:00,11.060096
2078-03-31 00:00:00+00:00,16.087717
2078-04-30 00:00:00+00:00,21.602371
2078-05-31 00:00:00+00:00,26.427687
2078-06-30 00:00:00+00:00,31.765726
2078-07-31 00:00:00+00:00,32.97634
2078-08-31 00:00:00+00:00,34.29437
2078-09-30 00:00:00+00:00,31.39047
2078-10-31 00:00:00+00:00,22.872898
2078-11-30 00:00:00+00:00,20.124037
2078-12-31 00:00:00+00:00,13.654473
2079-01-31 00:00:00+00:00,10.829794
2079-02-28 00:00:00+00:00,12.54067
2079-03-31 00:00:00+00:00,15.834451
2079-04-30 00:00:00+00:00,21.291344
2079-05-31 00:00:00+00:00,26.40259
2079-06-30 00:00:00+00:00,30.908936
2079-07-31 00:00:00+00:00,34.582504
2079-08-31 00:00:00+00:00,34.196762
2079-09-30 00:00:00+00:00,30.75067
2079-10-31 00:00:00+00:00,23.065947
2079-11-30 00:00:00+00:00,19.938646
2079-12-31 00:00:00+00:00,14.09755
2080-01-31 00:00:00+00:00,8.188055
2080-02-29 00:00:00+00:00,7.1870804
2080-03-31 00:00:00+00:00,14.298879
2080-04-30 00:00:00+00:00,18.438969
2080-05-31 00:00:00+00:00,26.275217
2080-06-30 00:00:00+00:00,28.80382
2080-07-31 00:00:00+00:00,35.336857
2080-08-31 00:00:00+00:00,33.982586
2080-09-30 00:00:00+00:00,27.02107
2080-10-31 00:00:00+00:00,25.415718
2080-11-30 00:00:00+00:00,19.348877
2080-12-31 00:00:00+00:00,10.998588
2081-01-31 00:00:00+00:00,10.4940815
2081-02-28 00:00:00+00:00,12.163416
2081-03-31 00:00:00+00:00,17.344145
2081-04-30 00:00:00+00:00,23.563686
2081-05-31 00:00:00+00:00,26.348711
2081-06-30 00:00:00+00:00,30.45285
2081-07-31 00:00:00+00:00,35.189728
2081-08-31 00:00:00+00:00,32.970497
2081-09-30 00:00:00+00:00,28.823181
2081-10-31 00:00:00+00:00,24.224537
2081-11-30 00:00:00+00:00,19.098038
2081-12-31 00:00:00+00:00,12.507166
2082-01-31 00:00:00+00:00,10.205518
2082-02-28 00:00:00+00:00,11.791798
2082-03-31 00:00:00+00:00,17.864283
2082-04-30 00:00:00+00:00,21.158148
2082-05-31 00:00:00+00:00,26.638107
2082-06-30 00:00:00+00:00,32.218105
2082-07-31 00:00:00+00:00,32.136787
2082-08-31 00:00:00+00:00,32.814655
2082-09-30 00:00:00+00:00,29.38462
2082-10-31 00:00:00+00:00,26.004057
2082-11-30 00:00:00+00:00,15.7904215
2082-12-31 00:00:00+00:00,13.917163
2083-01-31 00:00:00+00:00,14.966719
2083-02-28 00:00:00+00:00,12.287853
2083-03-31 00:00:00+00:00,14.97694
2083-04-30 00:00:00+00:00,19.962584
2083-05-31 00:00:00+00:00,25.760147
2083-06-30 00:00:00+00:00,31.668669
2083-07-31 00:00:00+00:00,32.000603
2083-08-31 00:00:00+00:00,33.39044
2083-09-30 00:00:00+00:00,30.635136
2083-10-31 00:00:00+00:00,26.871206
2083-11-30 00:00:00+00:00,16.754976
2083-12-31 00:00:00+00:00,12.589834
2084-01-31 00:00:00+00:00,13.86353
2084-02-29 00:00:00+00:00,14.563948
2084-03-31 00:00:00+00:00,15.663176
2084-04-30 00:00:00+00:00,18.780117
2084-05-31 00:00:00+00:00,21.950006
2084-06-30 00:00:00+00:00,30.761469
2084-07-31 00:00:00+00:00,34.52365
2084-08-31 00:00:00+00:00,34.64975
2084-09-30 00:00:00+00:00,32.063057
2084-10-31 00:00:00+00:00,26.318724
2084-11-30 00:00:00+00:00,19.928453
2084-12-31 00:00:00+00:00,14.428357
2085-01-31 00:00:00+00:00,13.001172
2085-02-28 00:00:00+00:00,12.3406315
2085-03-31 00:00:00+00:00,14.370365
2085-04-30 00:00:00+00:00,21.885796
2085-05-31 00:00:00+00:00,21.811275
2085-06-30 00:00:00+00:00,29.853472
2085-07-31 00:00:00+00:00,32.271008
2085-08-31 00:00:00+00:00,34.491615
2085-09-30 00:00:00+00:00,30.628222
2085-10-31 00:00:00+00:00,23.169682
2085-11-30 00:00:00+00:00,14.303164
2085-12-31 00:00:00+00:00,12.49284
2086-01-31 00:00:00+00:00,12.45514
2086-02-28 00:00:00+00:00,14.256362
2086-03-31 00:00:00+00:00,17.287485
2086-04-30 00:00:00+00:00,20.138428
2086-05-31 00:00:00+00:00,27.71833
2086-06-30 00:00:00+00:00,30.443785
2086-07-31 00:00:00+00:00,34.14975
2086-08-31 00:00:00+00:00,34.372276
2086-09-30 00:00:00+00:00,30.182274
2086-10-31 00:00:00+00:00,24.929695
2086-11-30 00:00:00+00:00,18.275383
2086-12-31 00:00:00+00:00,9.680268
2087-01-31 00:00:00+00:00,13.568874
2087-02-28 00:00:00+00:00,17.15471
2087-03-31 00:00:00+00:00,14.99756
2087-04-30 00:00:00+00:00,17.52536
2087-05-31 00:00:00+00:00,27.758171
2087-06-30 00:00:00+00:00,32.879147
2087-07-31 00:00:00+00:00,32.630207
2087-08-31 00:00:00+00:00,32.94909
2087-09-30 00:00:00+00:00,32.7497
2087-10-31 00:00:00+00:00,26.396395
2087-11-30 00:00:00+00:00,15.267603
2087-12-31 00:00:00+00:00,11.948323
2088-01-31 00:00:00+00:00,12.403739
2088-02-29 00:00:00+00:00,13.282372
2088-03-31 00:00:00+00:00,17.536953
2088-04-30 00:00:00+00:00,20.438124
2088-05-31 00:00:00+00:00,26.648684
2088-06-30 00:00:00+00:00,33.07856
2088-07-31 00:00:00+00:00,35.18173
2088-08-31 00:00:00+00:00,35.817463
2088-09-30 00:00:00+00:00,30.614166
2088-10-31 00:00:00+00:00,26.230272
2088-11-30 00:00:00+00:00,14.9100895
2088-12-31 00:00:00+00:00,11.53932
2089-01-31 00:00:00+00:00,11.949942
2089-02-28 00:00:00+00:00,15.53794
2089-03-31 00:00:00+00:00,17.147709
2089-04-30 00:00:00+00:00,20.618757
2089-05-31 00:00:00+00:00,26.841846
2089-06-30 00:00:00+00:00,30.073318
2089-07-31 00:00:00+00:00,34.36389
2089-08-31 00:00:00+00:00,34.19366
2089-09-30 00:00:00+00:00,30.17628
2089-10-31 00:00:00+00:00,26.047113
2089-11-30 00:00:00+00:00,19.874228
2089-12-31 00:00:00+00:00,15.323251
2090-01-31 00:00:00+00:00,10.410848
2090-02-28 00:00:00+00:00,15.539862
2090-03-31 00:00:00+00:00,14.991147
2090-04-30 00:00:00+00:00,20.535364
2090-05-31 00:00:00+00:00,25.552002
2090-06-30 00:00:00+00:00,29.424679
2090-07-31 00:00:00+00:00,34.6134
2090-08-31 00:00:00+00:00,34.82145
2090-09-30 00:00:00+00:00,31.248854
2090-10-31 00:00:00+00:00,25.971678
2090-11-30 00:00:00+00:00,14.369843
2090-12-31 00:00:00+00:00,11.973269
2091-01-31 00:00:00+00:00,13.550092
2091-02-28 00:00:00+00:00,12.840917
2091-03-31 00:00:00+00:00,15.71271
2091-04-30 00:00:00+00:00,18.983683
2091-05-31 00:00:00+00:00,26.671484
2091-06-30 00:00:00+00:00,33.93919
2091-07-31 00:00:00+00:00,33.050903
2091-08-31 00:00:00+00:00,32.501102
2091-09-30 00:00:00+00:00,29.210115
2091-10-31 00:00:00+00:00,24.603958
2091-11-30 00:00:00+00:00,17.330873
2091-12-31 00:00:00+00:00,11.257109
2092-01-31 00:00:00+00:00,12.610325
2092-02-29 00:00:00+00:00,14.047768
2092-03-31 00:00:00+00:00,16.97605
2092-04-30 00:00:00+00:00,19.58045
2092-05-31 00:00:00+00:00,26.115032
2092-06-30 00:00:00+00:00,32.267647
2092-07-31 00:00:00+00:00,34.242004
2092-08-31 00:00:00+00:00,34.641228
2092-09-30 00:00:00+00:00,30.126516
2092-10-31 00:00:00+00:00,27.60735
2092-11-30 00:00:00+00:00,17.191765
2092-12-31 00:00:00+00:00,12.444534
2093-01-31 00:00:00+00:00,13.514833
2093-02-28 00:00:00+00:00,14.390619
2093-03-31 00:00:00+00:00,18.109756
2093-04-30 00:00:00+00:00,19.794714
2093-05-31 00:00:00+00:00,26.83108
2093-06-30 00:00:00+00:00,31.595669
2093-07-31 00:00:00+00:00,33.115856
2093-08-31 00:00:00+00:00,33.125744
2093-09-30 00:00:00+00:00,31.70379
2093-10-31 00:00:00+00:00,23.795822
2093-11-30 00:00:00+00:00,18.603827
2093-12-31 00:00:00+00:00,12.539284
2094-01-31 00:00:00+00:00,8.431595
2094-02-28 00:00:00+00:00,15.006258
2094-03-31 00:00:00+00:00,20.880905
2094-04-30 00:00:00+00:00,24.52125
2094-05-31 00:00:00+00:00,28.827747
2094-06-30 00:00:00+00:00,33.172497
2094-07-31 00:00:00+00:00,35.443542
2094-08-31 00:00:00+00:00,34.04203
2094-09-30 00:00:00+00:00,31.013712
2094-10-31 00:00:00+00:00,26.353247
2094-11-30 00:00:00+00:00,19.701012
2094-12-31 00:00:00+00:00,11.313071
2095-01-31 00:00:00+00:00,12.932791
2095-02-28 00:00:00+00:00,13.907028
2095-03-31 00:00:00+00:00,14.200211
2095-04-30 00:00:00+00:00,20.401276
2095-05-31 00:00:00+00:00,24.161097
2095-06-30 00:00:00+00:00,30.757746
2095-07-31 00:00:00+00:00,34.825287
2095-08-31 00:00:00+00:00,34.442997
2095-09-30 00:00:00+00:00,31.96709
2095-10-31 00:00:00+00:00,24.385487
2095-11-30 00:00:00+00:00,16.96699
2095-12-31 00:00:00+00:00,12.483407
2096-01-31 00:00:00+00:00,12.070956
2096-02-29 00:00:00+00:00,15.779389
2096-03-31 00:00:00+00:00,19.713812
2096-04-30 00:00:00+00:00,21.0571
2096-05-31 00:00:00+00:00,27.523409
2096-06-30 00:00:00+00:00,29.030617
2096-07-31 00:00:00+00:00,35.678684
2096-08-31 00:00:00+00:00,33.674667
2096-09-30 00:00:00+00:00,30.623203
2096-10-31 00:00:00+00:00,26.602564
2096-11-30 00:00:00+00:00,17.860054
2096-12-31 00:00:00+00:00,13.167348
2097-01-31 00:00:00+00:00,14.297944
2097-02-28 00:00:00+00:00,10.762799
2097-03-31 00:00:00+00:00,18.353416
2097-04-30 00:00:00+00:00,21.559017
2097-05-31 00:00:00+00:00,29.305168
2097-06-30 00:00:00+00:00,32.171993
2097-07-31 00:00:00+00:00,32.896175
2097-08-31 00:00:00+00:00,33.42823
2097-09-30 00:00:00+00:00,30.817842
2097-10-31 00:00:00+00:00,25.566412
2097-11-30 00:00:00+00:00,17.150482
2097-12-31 00:00:00+00:00,12.44015
2098-01-31 00:00:00+00:00,12.319198
2098-02-28 00:00:00+00:00,12.217507
2098-03-31 00:00:00+00:00,15.704278
2098-04-30 00:00:00+00:00,24.006117
2098-05-31 00:00:00+00:00,27.405327
2098-06-30 00:00:00+00:00,32.100464
2098-07-31 00:00:00+00:00,32.60139
2098-08-31 00:00:00+00:00,34.096188
2098-09-30 00:00:00+00:00,32.50326
2098-10-31 00:00:00+00:00,25.23818
2098-11-30 00:00:00+00:00,18.371689
2098-12-31 00:00:00+00:00,14.541072
2099-01-31 00:00:00+00:00,12.699065
2099-02-28 00:00:00+00:00,13.892186
2099-03-31 00:00:00+00:00,15.064696
2099-04-30 00:00:00+00:00,24.581097
2099-05-31 00:00:00+00:00,30.36375
2099-06-30 00:00:00+00:00,33.46828
2099-07-31 00:00:00+00:00,35.070354
2099-08-31 00:00:00+00:00,36.10919
2099-09-30 00:00:00+00:00,32.828175
2099-10-31 00:00:00+00:00,26.163788
2099-11-30 00:00:00+00:00,18.099134
2099-12-31 00:00:00+00:00,15.582655
