time,tair_month_CanESM2_rcp45
2006-01-31 00:00:00+00:00,5.9677124
2006-02-28 00:00:00+00:00,9.9154
2006-03-31 00:00:00+00:00,13.936189
2006-04-30 00:00:00+00:00,17.371185
2006-05-31 00:00:00+00:00,22.040648
2006-06-30 00:00:00+00:00,25.402761
2006-07-31 00:00:00+00:00,31.066563
2006-08-31 00:00:00+00:00,30.659061
2006-09-30 00:00:00+00:00,24.225233
2006-10-31 00:00:00+00:00,18.983776
2006-11-30 00:00:00+00:00,13.735521
2006-12-31 00:00:00+00:00,8.806272
2007-01-31 00:00:00+00:00,11.065534
2007-02-28 00:00:00+00:00,12.911631
2007-03-31 00:00:00+00:00,16.18847
2007-04-30 00:00:00+00:00,18.196775
2007-05-31 00:00:00+00:00,19.94635
2007-06-30 00:00:00+00:00,28.070547
2007-07-31 00:00:00+00:00,28.093542
2007-08-31 00:00:00+00:00,27.82428
2007-09-30 00:00:00+00:00,24.8727
2007-10-31 00:00:00+00:00,19.470505
2007-11-30 00:00:00+00:00,12.22492
2007-12-31 00:00:00+00:00,10.800331
2008-01-31 00:00:00+00:00,11.974366
2008-02-29 00:00:00+00:00,11.153502
2008-03-31 00:00:00+00:00,16.596794
2008-04-30 00:00:00+00:00,19.825212
2008-05-31 00:00:00+00:00,22.05299
2008-06-30 00:00:00+00:00,25.224386
2008-07-31 00:00:00+00:00,30.26166
2008-08-31 00:00:00+00:00,29.510178
2008-09-30 00:00:00+00:00,25.773958
2008-10-31 00:00:00+00:00,18.703156
2008-11-30 00:00:00+00:00,12.4951
2008-12-31 00:00:00+00:00,7.7077355
2009-01-31 00:00:00+00:00,9.655324
2009-02-28 00:00:00+00:00,11.967885
2009-03-31 00:00:00+00:00,15.843616
2009-04-30 00:00:00+00:00,18.45071
2009-05-31 00:00:00+00:00,25.214407
2009-06-30 00:00:00+00:00,26.185055
2009-07-31 00:00:00+00:00,30.805809
2009-08-31 00:00:00+00:00,31.972149
2009-09-30 00:00:00+00:00,27.810577
2009-10-31 00:00:00+00:00,19.861517
2009-11-30 00:00:00+00:00,13.373598
2009-12-31 00:00:00+00:00,9.84537
2010-01-31 00:00:00+00:00,9.962225
2010-02-28 00:00:00+00:00,11.935535
2010-03-31 00:00:00+00:00,13.166561
2010-04-30 00:00:00+00:00,19.799376
2010-05-31 00:00:00+00:00,22.74847
2010-06-30 00:00:00+00:00,26.246662
2010-07-31 00:00:00+00:00,31.855194
2010-08-31 00:00:00+00:00,29.495176
2010-09-30 00:00:00+00:00,25.998047
2010-10-31 00:00:00+00:00,21.014
2010-11-30 00:00:00+00:00,14.606283
2010-12-31 00:00:00+00:00,10.010855
2011-01-31 00:00:00+00:00,8.26933
2011-02-28 00:00:00+00:00,9.233887
2011-03-31 00:00:00+00:00,16.314287
2011-04-30 00:00:00+00:00,18.292925
2011-05-31 00:00:00+00:00,25.065212
2011-06-30 00:00:00+00:00,26.746796
2011-07-31 00:00:00+00:00,30.722494
2011-08-31 00:00:00+00:00,33.710552
2011-09-30 00:00:00+00:00,26.193678
2011-10-31 00:00:00+00:00,21.37894
2011-11-30 00:00:00+00:00,12.524109
2011-12-31 00:00:00+00:00,9.201866
2012-01-31 00:00:00+00:00,8.385002
2012-02-29 00:00:00+00:00,9.47103
2012-03-31 00:00:00+00:00,16.911922
2012-04-30 00:00:00+00:00,18.28026
2012-05-31 00:00:00+00:00,19.027807
2012-06-30 00:00:00+00:00,28.456276
2012-07-31 00:00:00+00:00,32.02401
2012-08-31 00:00:00+00:00,30.426632
2012-09-30 00:00:00+00:00,26.23305
2012-10-31 00:00:00+00:00,20.046965
2012-11-30 00:00:00+00:00,14.353906
2012-12-31 00:00:00+00:00,13.181143
2013-01-31 00:00:00+00:00,10.729022
2013-02-28 00:00:00+00:00,10.172189
2013-03-31 00:00:00+00:00,15.209709
2013-04-30 00:00:00+00:00,19.313116
2013-05-31 00:00:00+00:00,23.531395
2013-06-30 00:00:00+00:00,29.402483
2013-07-31 00:00:00+00:00,28.814945
2013-08-31 00:00:00+00:00,31.869902
2013-09-30 00:00:00+00:00,25.960484
2013-10-31 00:00:00+00:00,21.435408
2013-11-30 00:00:00+00:00,14.77025
2013-12-31 00:00:00+00:00,12.450075
2014-01-31 00:00:00+00:00,8.359268
2014-02-28 00:00:00+00:00,13.034646
2014-03-31 00:00:00+00:00,13.019906
2014-04-30 00:00:00+00:00,20.517036
2014-05-31 00:00:00+00:00,23.769016
2014-06-30 00:00:00+00:00,27.30636
2014-07-31 00:00:00+00:00,30.50798
2014-08-31 00:00:00+00:00,28.503778
2014-09-30 00:00:00+00:00,24.494446
2014-10-31 00:00:00+00:00,19.461039
2014-11-30 00:00:00+00:00,14.452434
2014-12-31 00:00:00+00:00,9.889988
2015-01-31 00:00:00+00:00,10.348527
2015-02-28 00:00:00+00:00,7.262469
2015-03-31 00:00:00+00:00,13.753548
2015-04-30 00:00:00+00:00,16.66893
2015-05-31 00:00:00+00:00,22.311144
2015-06-30 00:00:00+00:00,26.53427
2015-07-31 00:00:00+00:00,30.807604
2015-08-31 00:00:00+00:00,32.850784
2015-09-30 00:00:00+00:00,28.766262
2015-10-31 00:00:00+00:00,19.097918
2015-11-30 00:00:00+00:00,15.281265
2015-12-31 00:00:00+00:00,10.95409
2016-01-31 00:00:00+00:00,10.676551
2016-02-29 00:00:00+00:00,11.300158
2016-03-31 00:00:00+00:00,12.539653
2016-04-30 00:00:00+00:00,15.474666
2016-05-31 00:00:00+00:00,22.586132
2016-06-30 00:00:00+00:00,27.80857
2016-07-31 00:00:00+00:00,29.305113
2016-08-31 00:00:00+00:00,28.76562
2016-09-30 00:00:00+00:00,24.665009
2016-10-31 00:00:00+00:00,21.048534
2016-11-30 00:00:00+00:00,13.919668
2016-12-31 00:00:00+00:00,9.776008
2017-01-31 00:00:00+00:00,8.574538
2017-02-28 00:00:00+00:00,11.2803755
2017-03-31 00:00:00+00:00,15.826754
2017-04-30 00:00:00+00:00,17.90172
2017-05-31 00:00:00+00:00,24.179201
2017-06-30 00:00:00+00:00,29.175043
2017-07-31 00:00:00+00:00,29.433823
2017-08-31 00:00:00+00:00,28.497622
2017-09-30 00:00:00+00:00,26.699568
2017-10-31 00:00:00+00:00,18.55939
2017-11-30 00:00:00+00:00,12.827163
2017-12-31 00:00:00+00:00,8.66078
2018-01-31 00:00:00+00:00,10.637123
2018-02-28 00:00:00+00:00,12.033262
2018-03-31 00:00:00+00:00,15.421012
2018-04-30 00:00:00+00:00,21.412403
2018-05-31 00:00:00+00:00,23.097223
2018-06-30 00:00:00+00:00,29.797092
2018-07-31 00:00:00+00:00,31.981941
2018-08-31 00:00:00+00:00,30.365421
2018-09-30 00:00:00+00:00,27.501265
2018-10-31 00:00:00+00:00,22.080873
2018-11-30 00:00:00+00:00,14.036021
2018-12-31 00:00:00+00:00,8.653946
2019-01-31 00:00:00+00:00,9.988603
2019-02-28 00:00:00+00:00,8.046858
2019-03-31 00:00:00+00:00,14.963929
2019-04-30 00:00:00+00:00,15.536169
2019-05-31 00:00:00+00:00,26.103563
2019-06-30 00:00:00+00:00,27.482595
2019-07-31 00:00:00+00:00,31.760885
2019-08-31 00:00:00+00:00,32.051815
2019-09-30 00:00:00+00:00,26.748306
2019-10-31 00:00:00+00:00,20.830616
2019-11-30 00:00:00+00:00,15.631489
2019-12-31 00:00:00+00:00,9.409806
2020-01-31 00:00:00+00:00,11.074708
2020-02-29 00:00:00+00:00,9.718167
2020-03-31 00:00:00+00:00,15.719736
2020-04-30 00:00:00+00:00,19.391478
2020-05-31 00:00:00+00:00,23.887108
2020-06-30 00:00:00+00:00,27.568903
2020-07-31 00:00:00+00:00,30.089804
2020-08-31 00:00:00+00:00,29.667776
2020-09-30 00:00:00+00:00,26.236467
2020-10-31 00:00:00+00:00,23.367384
2020-11-30 00:00:00+00:00,18.0499
2020-12-31 00:00:00+00:00,7.8931813
2021-01-31 00:00:00+00:00,10.29588
2021-02-28 00:00:00+00:00,9.016941
2021-03-31 00:00:00+00:00,17.464369
2021-04-30 00:00:00+00:00,21.737968
2021-05-31 00:00:00+00:00,25.772448
2021-06-30 00:00:00+00:00,27.193336
2021-07-31 00:00:00+00:00,32.362816
2021-08-31 00:00:00+00:00,31.984951
2021-09-30 00:00:00+00:00,28.399204
2021-10-31 00:00:00+00:00,21.609367
2021-11-30 00:00:00+00:00,13.749881
2021-12-31 00:00:00+00:00,9.449454
2022-01-31 00:00:00+00:00,7.6439176
2022-02-28 00:00:00+00:00,11.584633
2022-03-31 00:00:00+00:00,13.824759
2022-04-30 00:00:00+00:00,15.62757
2022-05-31 00:00:00+00:00,20.415821
2022-06-30 00:00:00+00:00,28.470127
2022-07-31 00:00:00+00:00,31.193903
2022-08-31 00:00:00+00:00,32.19447
2022-09-30 00:00:00+00:00,27.684937
2022-10-31 00:00:00+00:00,22.493307
2022-11-30 00:00:00+00:00,16.37361
2022-12-31 00:00:00+00:00,8.505302
2023-01-31 00:00:00+00:00,11.638462
2023-02-28 00:00:00+00:00,10.922413
2023-03-31 00:00:00+00:00,14.437901
2023-04-30 00:00:00+00:00,17.489155
2023-05-31 00:00:00+00:00,22.641798
2023-06-30 00:00:00+00:00,30.073067
2023-07-31 00:00:00+00:00,32.088432
2023-08-31 00:00:00+00:00,32.197227
2023-09-30 00:00:00+00:00,25.95913
2023-10-31 00:00:00+00:00,21.457043
2023-11-30 00:00:00+00:00,15.355259
2023-12-31 00:00:00+00:00,7.3756266
2024-01-31 00:00:00+00:00,9.335745
2024-02-29 00:00:00+00:00,10.001818
2024-03-31 00:00:00+00:00,13.401137
2024-04-30 00:00:00+00:00,20.17538
2024-05-31 00:00:00+00:00,21.638784
2024-06-30 00:00:00+00:00,32.505993
2024-07-31 00:00:00+00:00,32.826267
2024-08-31 00:00:00+00:00,30.234806
2024-09-30 00:00:00+00:00,24.899967
2024-10-31 00:00:00+00:00,21.787476
2024-11-30 00:00:00+00:00,14.827892
2024-12-31 00:00:00+00:00,10.595831
2025-01-31 00:00:00+00:00,9.860998
2025-02-28 00:00:00+00:00,11.073206
2025-03-31 00:00:00+00:00,16.292
2025-04-30 00:00:00+00:00,20.230106
2025-05-31 00:00:00+00:00,24.666279
2025-06-30 00:00:00+00:00,30.871843
2025-07-31 00:00:00+00:00,33.10956
2025-08-31 00:00:00+00:00,31.85636
2025-09-30 00:00:00+00:00,31.395555
2025-10-31 00:00:00+00:00,20.779251
2025-11-30 00:00:00+00:00,11.864168
2025-12-31 00:00:00+00:00,7.17333
2026-01-31 00:00:00+00:00,9.521404
2026-02-28 00:00:00+00:00,12.569483
2026-03-31 00:00:00+00:00,13.3771305
2026-04-30 00:00:00+00:00,17.693144
2026-05-31 00:00:00+00:00,25.0939
2026-06-30 00:00:00+00:00,27.066635
2026-07-31 00:00:00+00:00,32.72508
2026-08-31 00:00:00+00:00,32.747925
2026-09-30 00:00:00+00:00,27.795887
2026-10-31 00:00:00+00:00,21.413471
2026-11-30 00:00:00+00:00,14.873464
2026-12-31 00:00:00+00:00,12.533515
2027-01-31 00:00:00+00:00,8.859835
2027-02-28 00:00:00+00:00,9.002152
2027-03-31 00:00:00+00:00,14.957439
2027-04-30 00:00:00+00:00,17.890985
2027-05-31 00:00:00+00:00,22.332727
2027-06-30 00:00:00+00:00,26.84478
2027-07-31 00:00:00+00:00,34.527893
2027-08-31 00:00:00+00:00,31.392225
2027-09-30 00:00:00+00:00,28.181467
2027-10-31 00:00:00+00:00,21.763407
2027-11-30 00:00:00+00:00,14.489117
2027-12-31 00:00:00+00:00,10.228698
2028-01-31 00:00:00+00:00,11.625709
2028-02-29 00:00:00+00:00,11.344856
2028-03-31 00:00:00+00:00,13.680952
2028-04-30 00:00:00+00:00,18.159672
2028-05-31 00:00:00+00:00,24.898561
2028-06-30 00:00:00+00:00,24.991224
2028-07-31 00:00:00+00:00,31.39162
2028-08-31 00:00:00+00:00,35.17233
2028-09-30 00:00:00+00:00,28.621836
2028-10-31 00:00:00+00:00,22.633152
2028-11-30 00:00:00+00:00,14.612748
2028-12-31 00:00:00+00:00,8.927438
2029-01-31 00:00:00+00:00,10.031787
2029-02-28 00:00:00+00:00,12.092087
2029-03-31 00:00:00+00:00,13.665056
2029-04-30 00:00:00+00:00,18.75671
2029-05-31 00:00:00+00:00,21.083546
2029-06-30 00:00:00+00:00,27.026924
2029-07-31 00:00:00+00:00,32.905804
2029-08-31 00:00:00+00:00,31.630848
2029-09-30 00:00:00+00:00,28.030075
2029-10-31 00:00:00+00:00,19.49387
2029-11-30 00:00:00+00:00,13.883893
2029-12-31 00:00:00+00:00,10.614149
2030-01-31 00:00:00+00:00,13.077434
2030-02-28 00:00:00+00:00,13.587899
2030-03-31 00:00:00+00:00,12.460665
2030-04-30 00:00:00+00:00,19.83688
2030-05-31 00:00:00+00:00,25.272594
2030-06-30 00:00:00+00:00,29.02163
2030-07-31 00:00:00+00:00,32.208637
2030-08-31 00:00:00+00:00,32.4772
2030-09-30 00:00:00+00:00,28.478653
2030-10-31 00:00:00+00:00,19.25653
2030-11-30 00:00:00+00:00,11.591645
2030-12-31 00:00:00+00:00,10.193052
2031-01-31 00:00:00+00:00,10.58364
2031-02-28 00:00:00+00:00,12.415291
2031-03-31 00:00:00+00:00,17.128656
2031-04-30 00:00:00+00:00,17.551685
2031-05-31 00:00:00+00:00,23.445784
2031-06-30 00:00:00+00:00,29.242008
2031-07-31 00:00:00+00:00,30.492434
2031-08-31 00:00:00+00:00,31.52536
2031-09-30 00:00:00+00:00,27.704977
2031-10-31 00:00:00+00:00,23.938883
2031-11-30 00:00:00+00:00,13.74683
2031-12-31 00:00:00+00:00,12.571352
2032-01-31 00:00:00+00:00,9.160878
2032-02-29 00:00:00+00:00,14.99803
2032-03-31 00:00:00+00:00,14.449692
2032-04-30 00:00:00+00:00,18.604696
2032-05-31 00:00:00+00:00,24.362965
2032-06-30 00:00:00+00:00,27.760252
2032-07-31 00:00:00+00:00,30.875252
2032-08-31 00:00:00+00:00,33.315315
2032-09-30 00:00:00+00:00,28.771479
2032-10-31 00:00:00+00:00,24.06254
2032-11-30 00:00:00+00:00,12.818384
2032-12-31 00:00:00+00:00,10.090334
2033-01-31 00:00:00+00:00,10.309316
2033-02-28 00:00:00+00:00,13.519123
2033-03-31 00:00:00+00:00,12.99426
2033-04-30 00:00:00+00:00,13.82432
2033-05-31 00:00:00+00:00,22.183107
2033-06-30 00:00:00+00:00,31.898645
2033-07-31 00:00:00+00:00,33.816196
2033-08-31 00:00:00+00:00,33.222317
2033-09-30 00:00:00+00:00,26.836998
2033-10-31 00:00:00+00:00,22.46448
2033-11-30 00:00:00+00:00,14.826121
2033-12-31 00:00:00+00:00,10.96982
2034-01-31 00:00:00+00:00,9.451999
2034-02-28 00:00:00+00:00,12.775684
2034-03-31 00:00:00+00:00,16.15606
2034-04-30 00:00:00+00:00,20.454094
2034-05-31 00:00:00+00:00,21.914335
2034-06-30 00:00:00+00:00,29.050098
2034-07-31 00:00:00+00:00,32.63177
2034-08-31 00:00:00+00:00,32.43529
2034-09-30 00:00:00+00:00,27.15958
2034-10-31 00:00:00+00:00,17.481695
2034-11-30 00:00:00+00:00,16.603796
2034-12-31 00:00:00+00:00,13.083973
2035-01-31 00:00:00+00:00,10.545472
2035-02-28 00:00:00+00:00,11.377329
2035-03-31 00:00:00+00:00,15.408068
2035-04-30 00:00:00+00:00,18.793112
2035-05-31 00:00:00+00:00,24.13462
2035-06-30 00:00:00+00:00,27.200787
2035-07-31 00:00:00+00:00,32.551956
2035-08-31 00:00:00+00:00,31.007998
2035-09-30 00:00:00+00:00,27.210602
2035-10-31 00:00:00+00:00,25.091637
2035-11-30 00:00:00+00:00,12.631548
2035-12-31 00:00:00+00:00,6.095389
2036-01-31 00:00:00+00:00,11.4727335
2036-02-29 00:00:00+00:00,13.11235
2036-03-31 00:00:00+00:00,17.217188
2036-04-30 00:00:00+00:00,20.892452
2036-05-31 00:00:00+00:00,21.211685
2036-06-30 00:00:00+00:00,29.934315
2036-07-31 00:00:00+00:00,33.163815
2036-08-31 00:00:00+00:00,32.50597
2036-09-30 00:00:00+00:00,27.641169
2036-10-31 00:00:00+00:00,22.747877
2036-11-30 00:00:00+00:00,14.604134
2036-12-31 00:00:00+00:00,10.157515
2037-01-31 00:00:00+00:00,11.010087
2037-02-28 00:00:00+00:00,12.247559
2037-03-31 00:00:00+00:00,16.495953
2037-04-30 00:00:00+00:00,16.575577
2037-05-31 00:00:00+00:00,20.891306
2037-06-30 00:00:00+00:00,27.883364
2037-07-31 00:00:00+00:00,31.051117
2037-08-31 00:00:00+00:00,33.270367
2037-09-30 00:00:00+00:00,27.912321
2037-10-31 00:00:00+00:00,18.967539
2037-11-30 00:00:00+00:00,16.868074
2037-12-31 00:00:00+00:00,9.816453
2038-01-31 00:00:00+00:00,9.395498
2038-02-28 00:00:00+00:00,11.779371
2038-03-31 00:00:00+00:00,16.288092
2038-04-30 00:00:00+00:00,21.300528
2038-05-31 00:00:00+00:00,22.084585
2038-06-30 00:00:00+00:00,28.658232
2038-07-31 00:00:00+00:00,32.62462
2038-08-31 00:00:00+00:00,31.0007
2038-09-30 00:00:00+00:00,27.935349
2038-10-31 00:00:00+00:00,24.542706
2038-11-30 00:00:00+00:00,14.33293
2038-12-31 00:00:00+00:00,11.102798
2039-01-31 00:00:00+00:00,11.330848
2039-02-28 00:00:00+00:00,9.271682
2039-03-31 00:00:00+00:00,13.669306
2039-04-30 00:00:00+00:00,22.589365
2039-05-31 00:00:00+00:00,24.747665
2039-06-30 00:00:00+00:00,28.614498
2039-07-31 00:00:00+00:00,31.219206
2039-08-31 00:00:00+00:00,33.120193
2039-09-30 00:00:00+00:00,26.864658
2039-10-31 00:00:00+00:00,23.834822
2039-11-30 00:00:00+00:00,13.947418
2039-12-31 00:00:00+00:00,12.585596
2040-01-31 00:00:00+00:00,12.2764845
2040-02-29 00:00:00+00:00,11.176201
2040-03-31 00:00:00+00:00,13.906589
2040-04-30 00:00:00+00:00,19.98976
2040-05-31 00:00:00+00:00,22.131517
2040-06-30 00:00:00+00:00,27.398415
2040-07-31 00:00:00+00:00,32.069866
2040-08-31 00:00:00+00:00,31.318382
2040-09-30 00:00:00+00:00,28.295258
2040-10-31 00:00:00+00:00,21.66141
2040-11-30 00:00:00+00:00,13.219184
2040-12-31 00:00:00+00:00,7.962491
2041-01-31 00:00:00+00:00,9.335015
2041-02-28 00:00:00+00:00,15.980071
2041-03-31 00:00:00+00:00,15.057318
2041-04-30 00:00:00+00:00,18.676098
2041-05-31 00:00:00+00:00,24.83864
2041-06-30 00:00:00+00:00,28.022491
2041-07-31 00:00:00+00:00,33.010654
2041-08-31 00:00:00+00:00,33.061867
2041-09-30 00:00:00+00:00,30.06937
2041-10-31 00:00:00+00:00,20.126173
2041-11-30 00:00:00+00:00,13.8818655
2041-12-31 00:00:00+00:00,10.007735
2042-01-31 00:00:00+00:00,10.543903
2042-02-28 00:00:00+00:00,11.583515
2042-03-31 00:00:00+00:00,15.569465
2042-04-30 00:00:00+00:00,18.905476
2042-05-31 00:00:00+00:00,20.110292
2042-06-30 00:00:00+00:00,28.00341
2042-07-31 00:00:00+00:00,31.655249
2042-08-31 00:00:00+00:00,33.802216
2042-09-30 00:00:00+00:00,27.522251
2042-10-31 00:00:00+00:00,20.181648
2042-11-30 00:00:00+00:00,14.249667
2042-12-31 00:00:00+00:00,9.111277
2043-01-31 00:00:00+00:00,9.595407
2043-02-28 00:00:00+00:00,14.16566
2043-03-31 00:00:00+00:00,13.914737
2043-04-30 00:00:00+00:00,19.809889
2043-05-31 00:00:00+00:00,22.74253
2043-06-30 00:00:00+00:00,28.874138
2043-07-31 00:00:00+00:00,35.442085
2043-08-31 00:00:00+00:00,32.86296
2043-09-30 00:00:00+00:00,29.696733
2043-10-31 00:00:00+00:00,22.040709
2043-11-30 00:00:00+00:00,12.799344
2043-12-31 00:00:00+00:00,9.860559
2044-01-31 00:00:00+00:00,10.250587
2044-02-29 00:00:00+00:00,12.056011
2044-03-31 00:00:00+00:00,17.037462
2044-04-30 00:00:00+00:00,19.13526
2044-05-31 00:00:00+00:00,22.424124
2044-06-30 00:00:00+00:00,29.693802
2044-07-31 00:00:00+00:00,32.721725
2044-08-31 00:00:00+00:00,31.229013
2044-09-30 00:00:00+00:00,26.014158
2044-10-31 00:00:00+00:00,22.655128
2044-11-30 00:00:00+00:00,14.41221
2044-12-31 00:00:00+00:00,9.708607
2045-01-31 00:00:00+00:00,11.825359
2045-02-28 00:00:00+00:00,10.663879
2045-03-31 00:00:00+00:00,12.828231
2045-04-30 00:00:00+00:00,17.644897
2045-05-31 00:00:00+00:00,26.48353
2045-06-30 00:00:00+00:00,29.03859
2045-07-31 00:00:00+00:00,32.644234
2045-08-31 00:00:00+00:00,34.326687
2045-09-30 00:00:00+00:00,32.48216
2045-10-31 00:00:00+00:00,21.971231
2045-11-30 00:00:00+00:00,13.491677
2045-12-31 00:00:00+00:00,11.855316
2046-01-31 00:00:00+00:00,10.958922
2046-02-28 00:00:00+00:00,11.319114
2046-03-31 00:00:00+00:00,14.290429
2046-04-30 00:00:00+00:00,17.353659
2046-05-31 00:00:00+00:00,23.620998
2046-06-30 00:00:00+00:00,29.921951
2046-07-31 00:00:00+00:00,31.519428
2046-08-31 00:00:00+00:00,33.295258
2046-09-30 00:00:00+00:00,29.366282
2046-10-31 00:00:00+00:00,24.003283
2046-11-30 00:00:00+00:00,14.207022
2046-12-31 00:00:00+00:00,10.8248005
2047-01-31 00:00:00+00:00,9.598836
2047-02-28 00:00:00+00:00,10.559527
2047-03-31 00:00:00+00:00,15.752759
2047-04-30 00:00:00+00:00,18.559975
2047-05-31 00:00:00+00:00,21.83313
2047-06-30 00:00:00+00:00,27.518389
2047-07-31 00:00:00+00:00,32.549232
2047-08-31 00:00:00+00:00,32.69601
2047-09-30 00:00:00+00:00,29.319025
2047-10-31 00:00:00+00:00,22.262964
2047-11-30 00:00:00+00:00,16.757313
2047-12-31 00:00:00+00:00,9.471516
2048-01-31 00:00:00+00:00,9.009573
2048-02-29 00:00:00+00:00,11.184118
2048-03-31 00:00:00+00:00,16.686043
2048-04-30 00:00:00+00:00,18.158176
2048-05-31 00:00:00+00:00,25.01397
2048-06-30 00:00:00+00:00,27.7727
2048-07-31 00:00:00+00:00,33.136383
2048-08-31 00:00:00+00:00,33.18249
2048-09-30 00:00:00+00:00,26.746027
2048-10-31 00:00:00+00:00,25.247406
2048-11-30 00:00:00+00:00,13.526633
2048-12-31 00:00:00+00:00,10.091431
2049-01-31 00:00:00+00:00,10.915089
2049-02-28 00:00:00+00:00,15.321004
2049-03-31 00:00:00+00:00,17.652245
2049-04-30 00:00:00+00:00,18.046892
2049-05-31 00:00:00+00:00,24.00737
2049-06-30 00:00:00+00:00,26.1827
2049-07-31 00:00:00+00:00,33.00756
2049-08-31 00:00:00+00:00,33.030006
2049-09-30 00:00:00+00:00,27.8032
2049-10-31 00:00:00+00:00,21.43954
2049-11-30 00:00:00+00:00,14.352318
2049-12-31 00:00:00+00:00,9.534519
2050-01-31 00:00:00+00:00,10.265785
2050-02-28 00:00:00+00:00,13.1763115
2050-03-31 00:00:00+00:00,14.797654
2050-04-30 00:00:00+00:00,18.806448
2050-05-31 00:00:00+00:00,24.67176
2050-06-30 00:00:00+00:00,28.97666
2050-07-31 00:00:00+00:00,33.805756
2050-08-31 00:00:00+00:00,34.892582
2050-09-30 00:00:00+00:00,25.281849
2050-10-31 00:00:00+00:00,24.307133
2050-11-30 00:00:00+00:00,13.948581
2050-12-31 00:00:00+00:00,10.671941
2051-01-31 00:00:00+00:00,11.492952
2051-02-28 00:00:00+00:00,13.55818
2051-03-31 00:00:00+00:00,14.14961
2051-04-30 00:00:00+00:00,19.620674
2051-05-31 00:00:00+00:00,20.665232
2051-06-30 00:00:00+00:00,28.99535
2051-07-31 00:00:00+00:00,33.244804
2051-08-31 00:00:00+00:00,29.963282
2051-09-30 00:00:00+00:00,26.643389
2051-10-31 00:00:00+00:00,23.168255
2051-11-30 00:00:00+00:00,15.299514
2051-12-31 00:00:00+00:00,13.206363
2052-01-31 00:00:00+00:00,12.473782
2052-02-29 00:00:00+00:00,10.990951
2052-03-31 00:00:00+00:00,12.729262
2052-04-30 00:00:00+00:00,20.607512
2052-05-31 00:00:00+00:00,24.531593
2052-06-30 00:00:00+00:00,27.520012
2052-07-31 00:00:00+00:00,32.66914
2052-08-31 00:00:00+00:00,32.313797
2052-09-30 00:00:00+00:00,26.049606
2052-10-31 00:00:00+00:00,22.42005
2052-11-30 00:00:00+00:00,13.98575
2052-12-31 00:00:00+00:00,7.2652216
2053-01-31 00:00:00+00:00,10.015537
2053-02-28 00:00:00+00:00,12.519804
2053-03-31 00:00:00+00:00,16.977467
2053-04-30 00:00:00+00:00,18.917803
2053-05-31 00:00:00+00:00,24.368073
2053-06-30 00:00:00+00:00,30.221697
2053-07-31 00:00:00+00:00,33.206993
2053-08-31 00:00:00+00:00,31.346169
2053-09-30 00:00:00+00:00,28.16866
2053-10-31 00:00:00+00:00,22.151386
2053-11-30 00:00:00+00:00,14.709595
2053-12-31 00:00:00+00:00,11.334769
2054-01-31 00:00:00+00:00,12.726665
2054-02-28 00:00:00+00:00,12.043741
2054-03-31 00:00:00+00:00,13.6319895
2054-04-30 00:00:00+00:00,18.264658
2054-05-31 00:00:00+00:00,24.664795
2054-06-30 00:00:00+00:00,30.063437
2054-07-31 00:00:00+00:00,34.413944
2054-08-31 00:00:00+00:00,32.81194
2054-09-30 00:00:00+00:00,27.5573
2054-10-31 00:00:00+00:00,24.582958
2054-11-30 00:00:00+00:00,16.207516
2054-12-31 00:00:00+00:00,11.168467
2055-01-31 00:00:00+00:00,12.864695
2055-02-28 00:00:00+00:00,14.546489
2055-03-31 00:00:00+00:00,18.621624
2055-04-30 00:00:00+00:00,16.662256
2055-05-31 00:00:00+00:00,23.615788
2055-06-30 00:00:00+00:00,30.703663
2055-07-31 00:00:00+00:00,35.651676
2055-08-31 00:00:00+00:00,33.43083
2055-09-30 00:00:00+00:00,29.3886
2055-10-31 00:00:00+00:00,22.128431
2055-11-30 00:00:00+00:00,16.895452
2055-12-31 00:00:00+00:00,12.463744
2056-01-31 00:00:00+00:00,9.583805
2056-02-29 00:00:00+00:00,9.851617
2056-03-31 00:00:00+00:00,12.276571
2056-04-30 00:00:00+00:00,17.386839
2056-05-31 00:00:00+00:00,25.4504
2056-06-30 00:00:00+00:00,30.224771
2056-07-31 00:00:00+00:00,33.284916
2056-08-31 00:00:00+00:00,33.589306
2056-09-30 00:00:00+00:00,28.541494
2056-10-31 00:00:00+00:00,25.045078
2056-11-30 00:00:00+00:00,16.099913
2056-12-31 00:00:00+00:00,11.773749
2057-01-31 00:00:00+00:00,10.845024
2057-02-28 00:00:00+00:00,10.852167
2057-03-31 00:00:00+00:00,15.30331
2057-04-30 00:00:00+00:00,20.305124
2057-05-31 00:00:00+00:00,23.637215
2057-06-30 00:00:00+00:00,28.732979
2057-07-31 00:00:00+00:00,34.03825
2057-08-31 00:00:00+00:00,33.997623
2057-09-30 00:00:00+00:00,27.923851
2057-10-31 00:00:00+00:00,21.160357
2057-11-30 00:00:00+00:00,13.907557
2057-12-31 00:00:00+00:00,10.360837
2058-01-31 00:00:00+00:00,11.636
2058-02-28 00:00:00+00:00,12.107159
2058-03-31 00:00:00+00:00,16.553099
2058-04-30 00:00:00+00:00,22.626247
2058-05-31 00:00:00+00:00,24.430647
2058-06-30 00:00:00+00:00,28.359142
2058-07-31 00:00:00+00:00,35.106724
2058-08-31 00:00:00+00:00,33.82246
2058-09-30 00:00:00+00:00,27.21283
2058-10-31 00:00:00+00:00,25.21664
2058-11-30 00:00:00+00:00,15.10365
2058-12-31 00:00:00+00:00,13.469065
2059-01-31 00:00:00+00:00,12.0396385
2059-02-28 00:00:00+00:00,12.667319
2059-03-31 00:00:00+00:00,18.207344
2059-04-30 00:00:00+00:00,21.046125
2059-05-31 00:00:00+00:00,22.574446
2059-06-30 00:00:00+00:00,29.002317
2059-07-31 00:00:00+00:00,33.858253
2059-08-31 00:00:00+00:00,33.92779
2059-09-30 00:00:00+00:00,27.76287
2059-10-31 00:00:00+00:00,22.548695
2059-11-30 00:00:00+00:00,14.871267
2059-12-31 00:00:00+00:00,9.592221
2060-01-31 00:00:00+00:00,10.570876
2060-02-29 00:00:00+00:00,12.4314
2060-03-31 00:00:00+00:00,13.682827
2060-04-30 00:00:00+00:00,18.795076
2060-05-31 00:00:00+00:00,27.346655
2060-06-30 00:00:00+00:00,27.396597
2060-07-31 00:00:00+00:00,31.470818
2060-08-31 00:00:00+00:00,31.523245
2060-09-30 00:00:00+00:00,28.982433
2060-10-31 00:00:00+00:00,23.258886
2060-11-30 00:00:00+00:00,16.026846
2060-12-31 00:00:00+00:00,10.721191
2061-01-31 00:00:00+00:00,10.566395
2061-02-28 00:00:00+00:00,13.14877
2061-03-31 00:00:00+00:00,13.245096
2061-04-30 00:00:00+00:00,21.830664
2061-05-31 00:00:00+00:00,25.984196
2061-06-30 00:00:00+00:00,30.580286
2061-07-31 00:00:00+00:00,33.710217
2061-08-31 00:00:00+00:00,33.199467
2061-09-30 00:00:00+00:00,27.47783
2061-10-31 00:00:00+00:00,22.600199
2061-11-30 00:00:00+00:00,12.457244
2061-12-31 00:00:00+00:00,11.098007
2062-01-31 00:00:00+00:00,11.4232235
2062-02-28 00:00:00+00:00,13.377849
2062-03-31 00:00:00+00:00,16.090876
2062-04-30 00:00:00+00:00,17.662054
2062-05-31 00:00:00+00:00,25.897738
2062-06-30 00:00:00+00:00,32.360565
2062-07-31 00:00:00+00:00,33.217644
2062-08-31 00:00:00+00:00,33.9143
2062-09-30 00:00:00+00:00,27.762619
2062-10-31 00:00:00+00:00,23.092539
2062-11-30 00:00:00+00:00,16.253643
2062-12-31 00:00:00+00:00,12.048163
2063-01-31 00:00:00+00:00,10.222279
2063-02-28 00:00:00+00:00,11.067368
2063-03-31 00:00:00+00:00,18.064583
2063-04-30 00:00:00+00:00,21.044273
2063-05-31 00:00:00+00:00,25.280087
2063-06-30 00:00:00+00:00,30.169987
2063-07-31 00:00:00+00:00,34.61619
2063-08-31 00:00:00+00:00,32.825882
2063-09-30 00:00:00+00:00,27.734167
2063-10-31 00:00:00+00:00,23.03896
2063-11-30 00:00:00+00:00,13.928399
2063-12-31 00:00:00+00:00,10.373369
2064-01-31 00:00:00+00:00,11.834437
2064-02-29 00:00:00+00:00,12.84002
2064-03-31 00:00:00+00:00,17.355236
2064-04-30 00:00:00+00:00,20.033476
2064-05-31 00:00:00+00:00,24.2119
2064-06-30 00:00:00+00:00,27.613834
2064-07-31 00:00:00+00:00,34.32768
2064-08-31 00:00:00+00:00,33.1481
2064-09-30 00:00:00+00:00,27.831131
2064-10-31 00:00:00+00:00,25.645723
2064-11-30 00:00:00+00:00,18.108677
2064-12-31 00:00:00+00:00,10.3539295
2065-01-31 00:00:00+00:00,9.880267
2065-02-28 00:00:00+00:00,11.851868
2065-03-31 00:00:00+00:00,16.6898
2065-04-30 00:00:00+00:00,16.509209
2065-05-31 00:00:00+00:00,25.298151
2065-06-30 00:00:00+00:00,30.063385
2065-07-31 00:00:00+00:00,34.10666
2065-08-31 00:00:00+00:00,31.99582
2065-09-30 00:00:00+00:00,28.236244
2065-10-31 00:00:00+00:00,21.687645
2065-11-30 00:00:00+00:00,16.352486
2065-12-31 00:00:00+00:00,12.395766
2066-01-31 00:00:00+00:00,10.037648
2066-02-28 00:00:00+00:00,12.020572
2066-03-31 00:00:00+00:00,15.378299
2066-04-30 00:00:00+00:00,17.889524
2066-05-31 00:00:00+00:00,23.841646
2066-06-30 00:00:00+00:00,29.433975
2066-07-31 00:00:00+00:00,32.691673
2066-08-31 00:00:00+00:00,34.823147
2066-09-30 00:00:00+00:00,27.207922
2066-10-31 00:00:00+00:00,22.295404
2066-11-30 00:00:00+00:00,16.309464
2066-12-31 00:00:00+00:00,11.040126
2067-01-31 00:00:00+00:00,11.091314
2067-02-28 00:00:00+00:00,11.495317
2067-03-31 00:00:00+00:00,14.213526
2067-04-30 00:00:00+00:00,19.18826
2067-05-31 00:00:00+00:00,22.139793
2067-06-30 00:00:00+00:00,29.833529
2067-07-31 00:00:00+00:00,31.899492
2067-08-31 00:00:00+00:00,33.07738
2067-09-30 00:00:00+00:00,25.897198
2067-10-31 00:00:00+00:00,21.773535
2067-11-30 00:00:00+00:00,15.823827
2067-12-31 00:00:00+00:00,10.322776
2068-01-31 00:00:00+00:00,12.560312
2068-02-29 00:00:00+00:00,13.393432
2068-03-31 00:00:00+00:00,13.77545
2068-04-30 00:00:00+00:00,18.276474
2068-05-31 00:00:00+00:00,23.37318
2068-06-30 00:00:00+00:00,28.907312
2068-07-31 00:00:00+00:00,31.978888
2068-08-31 00:00:00+00:00,33.03137
2068-09-30 00:00:00+00:00,30.214615
2068-10-31 00:00:00+00:00,23.753056
2068-11-30 00:00:00+00:00,13.39842
2068-12-31 00:00:00+00:00,10.416602
2069-01-31 00:00:00+00:00,11.8473
2069-02-28 00:00:00+00:00,11.896691
2069-03-31 00:00:00+00:00,17.015638
2069-04-30 00:00:00+00:00,18.14629
2069-05-31 00:00:00+00:00,25.524025
2069-06-30 00:00:00+00:00,29.210535
2069-07-31 00:00:00+00:00,32.982124
2069-08-31 00:00:00+00:00,33.529366
2069-09-30 00:00:00+00:00,28.900858
2069-10-31 00:00:00+00:00,22.610933
2069-11-30 00:00:00+00:00,15.941451
2069-12-31 00:00:00+00:00,11.501603
2070-01-31 00:00:00+00:00,9.065153
2070-02-28 00:00:00+00:00,13.31162
2070-03-31 00:00:00+00:00,16.4283
2070-04-30 00:00:00+00:00,15.438261
2070-05-31 00:00:00+00:00,22.148813
2070-06-30 00:00:00+00:00,29.226603
2070-07-31 00:00:00+00:00,33.51521
2070-08-31 00:00:00+00:00,33.033417
2070-09-30 00:00:00+00:00,29.416649
2070-10-31 00:00:00+00:00,21.59645
2070-11-30 00:00:00+00:00,17.533117
2070-12-31 00:00:00+00:00,11.704633
2071-01-31 00:00:00+00:00,10.387823
2071-02-28 00:00:00+00:00,12.053198
2071-03-31 00:00:00+00:00,15.228369
2071-04-30 00:00:00+00:00,20.108507
2071-05-31 00:00:00+00:00,21.846807
2071-06-30 00:00:00+00:00,29.652853
2071-07-31 00:00:00+00:00,32.413155
2071-08-31 00:00:00+00:00,32.702915
2071-09-30 00:00:00+00:00,29.400688
2071-10-31 00:00:00+00:00,22.896227
2071-11-30 00:00:00+00:00,14.781955
2071-12-31 00:00:00+00:00,13.201402
2072-01-31 00:00:00+00:00,10.980428
2072-02-29 00:00:00+00:00,16.924255
2072-03-31 00:00:00+00:00,15.942966
2072-04-30 00:00:00+00:00,18.706444
2072-05-31 00:00:00+00:00,23.777428
2072-06-30 00:00:00+00:00,28.241997
2072-07-31 00:00:00+00:00,35.610237
2072-08-31 00:00:00+00:00,32.461834
2072-09-30 00:00:00+00:00,28.311447
2072-10-31 00:00:00+00:00,24.91969
2072-11-30 00:00:00+00:00,15.5363865
2072-12-31 00:00:00+00:00,10.695719
2073-01-31 00:00:00+00:00,9.746072
2073-02-28 00:00:00+00:00,9.867236
2073-03-31 00:00:00+00:00,14.988089
2073-04-30 00:00:00+00:00,17.351418
2073-05-31 00:00:00+00:00,23.869253
2073-06-30 00:00:00+00:00,28.338018
2073-07-31 00:00:00+00:00,33.638466
2073-08-31 00:00:00+00:00,33.58019
2073-09-30 00:00:00+00:00,30.636192
2073-10-31 00:00:00+00:00,23.134848
2073-11-30 00:00:00+00:00,14.758321
2073-12-31 00:00:00+00:00,10.929396
2074-01-31 00:00:00+00:00,12.404222
2074-02-28 00:00:00+00:00,13.082525
2074-03-31 00:00:00+00:00,18.526445
2074-04-30 00:00:00+00:00,21.451464
2074-05-31 00:00:00+00:00,25.707619
2074-06-30 00:00:00+00:00,31.089237
2074-07-31 00:00:00+00:00,35.15382
2074-08-31 00:00:00+00:00,33.015804
2074-09-30 00:00:00+00:00,31.065567
2074-10-31 00:00:00+00:00,22.55125
2074-11-30 00:00:00+00:00,14.988446
2074-12-31 00:00:00+00:00,9.905006
2075-01-31 00:00:00+00:00,10.622263
2075-02-28 00:00:00+00:00,11.113514
2075-03-31 00:00:00+00:00,13.883985
2075-04-30 00:00:00+00:00,21.846285
2075-05-31 00:00:00+00:00,25.578264
2075-06-30 00:00:00+00:00,28.672718
2075-07-31 00:00:00+00:00,33.218872
2075-08-31 00:00:00+00:00,33.555035
2075-09-30 00:00:00+00:00,30.790068
2075-10-31 00:00:00+00:00,21.952723
2075-11-30 00:00:00+00:00,13.92375
2075-12-31 00:00:00+00:00,11.117167
2076-01-31 00:00:00+00:00,12.155088
2076-02-29 00:00:00+00:00,12.432212
2076-03-31 00:00:00+00:00,15.970599
2076-04-30 00:00:00+00:00,21.426516
2076-05-31 00:00:00+00:00,25.453238
2076-06-30 00:00:00+00:00,28.65813
2076-07-31 00:00:00+00:00,32.230255
2076-08-31 00:00:00+00:00,32.86859
2076-09-30 00:00:00+00:00,25.96953
2076-10-31 00:00:00+00:00,24.326033
2076-11-30 00:00:00+00:00,16.80065
2076-12-31 00:00:00+00:00,12.510082
2077-01-31 00:00:00+00:00,10.52907
2077-02-28 00:00:00+00:00,11.670845
2077-03-31 00:00:00+00:00,17.20747
2077-04-30 00:00:00+00:00,17.452024
2077-05-31 00:00:00+00:00,24.77008
2077-06-30 00:00:00+00:00,30.762676
2077-07-31 00:00:00+00:00,33.30493
2077-08-31 00:00:00+00:00,33.53572
2077-09-30 00:00:00+00:00,28.677393
2077-10-31 00:00:00+00:00,24.344488
2077-11-30 00:00:00+00:00,15.337591
2077-12-31 00:00:00+00:00,12.06215
2078-01-31 00:00:00+00:00,11.841289
2078-02-28 00:00:00+00:00,10.9499655
2078-03-31 00:00:00+00:00,15.281312
2078-04-30 00:00:00+00:00,16.814062
2078-05-31 00:00:00+00:00,26.630428
2078-06-30 00:00:00+00:00,28.578747
2078-07-31 00:00:00+00:00,32.97322
2078-08-31 00:00:00+00:00,33.250767
2078-09-30 00:00:00+00:00,28.229296
2078-10-31 00:00:00+00:00,22.829493
2078-11-30 00:00:00+00:00,14.370001
2078-12-31 00:00:00+00:00,11.751511
2079-01-31 00:00:00+00:00,11.488469
2079-02-28 00:00:00+00:00,14.162365
2079-03-31 00:00:00+00:00,14.370758
2079-04-30 00:00:00+00:00,20.63397
2079-05-31 00:00:00+00:00,25.226507
2079-06-30 00:00:00+00:00,31.042526
2079-07-31 00:00:00+00:00,31.998539
2079-08-31 00:00:00+00:00,33.72284
2079-09-30 00:00:00+00:00,31.128044
2079-10-31 00:00:00+00:00,23.78313
2079-11-30 00:00:00+00:00,17.213964
2079-12-31 00:00:00+00:00,10.599627
2080-01-31 00:00:00+00:00,11.515739
2080-02-29 00:00:00+00:00,12.468095
2080-03-31 00:00:00+00:00,14.836461
2080-04-30 00:00:00+00:00,23.601831
2080-05-31 00:00:00+00:00,21.836863
2080-06-30 00:00:00+00:00,25.90081
2080-07-31 00:00:00+00:00,33.55695
2080-08-31 00:00:00+00:00,33.208885
2080-09-30 00:00:00+00:00,25.630217
2080-10-31 00:00:00+00:00,25.3891
2080-11-30 00:00:00+00:00,15.536354
2080-12-31 00:00:00+00:00,12.661822
2081-01-31 00:00:00+00:00,10.501378
2081-02-28 00:00:00+00:00,12.313169
2081-03-31 00:00:00+00:00,16.697132
2081-04-30 00:00:00+00:00,16.049524
2081-05-31 00:00:00+00:00,24.317179
2081-06-30 00:00:00+00:00,28.594326
2081-07-31 00:00:00+00:00,30.68786
2081-08-31 00:00:00+00:00,32.31914
2081-09-30 00:00:00+00:00,27.899277
2081-10-31 00:00:00+00:00,23.230223
2081-11-30 00:00:00+00:00,15.4265
2081-12-31 00:00:00+00:00,9.808509
2082-01-31 00:00:00+00:00,11.11561
2082-02-28 00:00:00+00:00,12.734196
2082-03-31 00:00:00+00:00,14.425346
2082-04-30 00:00:00+00:00,22.030643
2082-05-31 00:00:00+00:00,25.75828
2082-06-30 00:00:00+00:00,29.648466
2082-07-31 00:00:00+00:00,31.179455
2082-08-31 00:00:00+00:00,32.673862
2082-09-30 00:00:00+00:00,28.678316
2082-10-31 00:00:00+00:00,25.014347
2082-11-30 00:00:00+00:00,17.616749
2082-12-31 00:00:00+00:00,9.771371
2083-01-31 00:00:00+00:00,9.810273
2083-02-28 00:00:00+00:00,11.673792
2083-03-31 00:00:00+00:00,17.472172
2083-04-30 00:00:00+00:00,15.369521
2083-05-31 00:00:00+00:00,23.442764
2083-06-30 00:00:00+00:00,30.091463
2083-07-31 00:00:00+00:00,32.9899
2083-08-31 00:00:00+00:00,31.670067
2083-09-30 00:00:00+00:00,28.624762
2083-10-31 00:00:00+00:00,22.636892
2083-11-30 00:00:00+00:00,15.760059
2083-12-31 00:00:00+00:00,10.937203
2084-01-31 00:00:00+00:00,12.176471
2084-02-29 00:00:00+00:00,13.835778
2084-03-31 00:00:00+00:00,15.008559
2084-04-30 00:00:00+00:00,16.702099
2084-05-31 00:00:00+00:00,22.492872
2084-06-30 00:00:00+00:00,27.670486
2084-07-31 00:00:00+00:00,34.248432
2084-08-31 00:00:00+00:00,32.996563
2084-09-30 00:00:00+00:00,30.984089
2084-10-31 00:00:00+00:00,24.60306
2084-11-30 00:00:00+00:00,17.617285
2084-12-31 00:00:00+00:00,9.892089
2085-01-31 00:00:00+00:00,11.843059
2085-02-28 00:00:00+00:00,14.113737
2085-03-31 00:00:00+00:00,19.121264
2085-04-30 00:00:00+00:00,17.013126
2085-05-31 00:00:00+00:00,23.745775
2085-06-30 00:00:00+00:00,28.76074
2085-07-31 00:00:00+00:00,33.010494
2085-08-31 00:00:00+00:00,33.520336
2085-09-30 00:00:00+00:00,27.968538
2085-10-31 00:00:00+00:00,24.73928
2085-11-30 00:00:00+00:00,16.256357
2085-12-31 00:00:00+00:00,11.453709
2086-01-31 00:00:00+00:00,10.560724
2086-02-28 00:00:00+00:00,12.02578
2086-03-31 00:00:00+00:00,15.7910185
2086-04-30 00:00:00+00:00,18.10224
2086-05-31 00:00:00+00:00,18.710087
2086-06-30 00:00:00+00:00,29.401846
2086-07-31 00:00:00+00:00,33.94542
2086-08-31 00:00:00+00:00,34.298107
2086-09-30 00:00:00+00:00,28.093552
2086-10-31 00:00:00+00:00,26.728817
2086-11-30 00:00:00+00:00,15.217738
2086-12-31 00:00:00+00:00,13.029999
2087-01-31 00:00:00+00:00,12.283859
2087-02-28 00:00:00+00:00,16.789843
2087-03-31 00:00:00+00:00,17.062408
2087-04-30 00:00:00+00:00,19.951628
2087-05-31 00:00:00+00:00,25.943678
2087-06-30 00:00:00+00:00,30.553068
2087-07-31 00:00:00+00:00,34.82186
2087-08-31 00:00:00+00:00,34.285507
2087-09-30 00:00:00+00:00,27.623114
2087-10-31 00:00:00+00:00,24.354332
2087-11-30 00:00:00+00:00,16.453249
2087-12-31 00:00:00+00:00,10.190189
2088-01-31 00:00:00+00:00,11.512733
2088-02-29 00:00:00+00:00,11.494269
2088-03-31 00:00:00+00:00,13.340039
2088-04-30 00:00:00+00:00,20.929863
2088-05-31 00:00:00+00:00,25.26359
2088-06-30 00:00:00+00:00,32.335747
2088-07-31 00:00:00+00:00,32.55801
2088-08-31 00:00:00+00:00,33.9367
2088-09-30 00:00:00+00:00,29.137503
2088-10-31 00:00:00+00:00,22.790148
2088-11-30 00:00:00+00:00,13.430622
2088-12-31 00:00:00+00:00,10.024275
2089-01-31 00:00:00+00:00,10.110097
2089-02-28 00:00:00+00:00,13.798026
2089-03-31 00:00:00+00:00,15.678501
2089-04-30 00:00:00+00:00,16.73958
2089-05-31 00:00:00+00:00,21.201342
2089-06-30 00:00:00+00:00,28.762018
2089-07-31 00:00:00+00:00,33.219116
2089-08-31 00:00:00+00:00,34.772034
2089-09-30 00:00:00+00:00,29.446476
2089-10-31 00:00:00+00:00,23.366503
2089-11-30 00:00:00+00:00,16.492008
2089-12-31 00:00:00+00:00,10.424826
2090-01-31 00:00:00+00:00,9.658196
2090-02-28 00:00:00+00:00,12.468364
2090-03-31 00:00:00+00:00,16.864948
2090-04-30 00:00:00+00:00,18.723557
2090-05-31 00:00:00+00:00,28.184332
2090-06-30 00:00:00+00:00,26.730642
2090-07-31 00:00:00+00:00,33.94803
2090-08-31 00:00:00+00:00,33.093845
2090-09-30 00:00:00+00:00,30.212017
2090-10-31 00:00:00+00:00,23.662722
2090-11-30 00:00:00+00:00,15.580326
2090-12-31 00:00:00+00:00,8.658333
2091-01-31 00:00:00+00:00,11.12161
2091-02-28 00:00:00+00:00,11.780666
2091-03-31 00:00:00+00:00,15.096344
2091-04-30 00:00:00+00:00,18.431639
2091-05-31 00:00:00+00:00,24.552422
2091-06-30 00:00:00+00:00,29.818012
2091-07-31 00:00:00+00:00,33.587025
2091-08-31 00:00:00+00:00,33.07845
2091-09-30 00:00:00+00:00,26.529884
2091-10-31 00:00:00+00:00,21.746687
2091-11-30 00:00:00+00:00,14.072715
2091-12-31 00:00:00+00:00,12.024171
2092-01-31 00:00:00+00:00,10.166926
2092-02-29 00:00:00+00:00,16.017847
2092-03-31 00:00:00+00:00,17.334925
2092-04-30 00:00:00+00:00,21.12965
2092-05-31 00:00:00+00:00,25.427317
2092-06-30 00:00:00+00:00,30.512766
2092-07-31 00:00:00+00:00,34.67273
2092-08-31 00:00:00+00:00,34.912827
2092-09-30 00:00:00+00:00,30.040367
2092-10-31 00:00:00+00:00,22.38535
2092-11-30 00:00:00+00:00,14.827056
2092-12-31 00:00:00+00:00,12.193902
2093-01-31 00:00:00+00:00,13.118879
2093-02-28 00:00:00+00:00,12.067229
2093-03-31 00:00:00+00:00,15.654563
2093-04-30 00:00:00+00:00,19.6544
2093-05-31 00:00:00+00:00,24.520578
2093-06-30 00:00:00+00:00,30.86277
2093-07-31 00:00:00+00:00,34.69324
2093-08-31 00:00:00+00:00,33.878716
2093-09-30 00:00:00+00:00,28.072882
2093-10-31 00:00:00+00:00,20.354492
2093-11-30 00:00:00+00:00,14.171057
2093-12-31 00:00:00+00:00,9.660375
2094-01-31 00:00:00+00:00,12.288559
2094-02-28 00:00:00+00:00,13.51356
2094-03-31 00:00:00+00:00,17.118828
2094-04-30 00:00:00+00:00,15.373948
2094-05-31 00:00:00+00:00,25.659653
2094-06-30 00:00:00+00:00,26.690306
2094-07-31 00:00:00+00:00,35.027866
2094-08-31 00:00:00+00:00,32.27666
2094-09-30 00:00:00+00:00,27.457926
2094-10-31 00:00:00+00:00,22.126667
2094-11-30 00:00:00+00:00,13.747974
2094-12-31 00:00:00+00:00,9.337298
2095-01-31 00:00:00+00:00,12.405553
2095-02-28 00:00:00+00:00,10.9961815
2095-03-31 00:00:00+00:00,16.697962
2095-04-30 00:00:00+00:00,19.373245
2095-05-31 00:00:00+00:00,25.328842
2095-06-30 00:00:00+00:00,29.267488
2095-07-31 00:00:00+00:00,31.999289
2095-08-31 00:00:00+00:00,34.99628
2095-09-30 00:00:00+00:00,30.232008
2095-10-31 00:00:00+00:00,21.36204
2095-11-30 00:00:00+00:00,16.976797
2095-12-31 00:00:00+00:00,11.91918
2096-01-31 00:00:00+00:00,10.503211
2096-02-29 00:00:00+00:00,11.97454
2096-03-31 00:00:00+00:00,17.147558
2096-04-30 00:00:00+00:00,22.393997
2096-05-31 00:00:00+00:00,25.291391
2096-06-30 00:00:00+00:00,27.957655
2096-07-31 00:00:00+00:00,33.13874
2096-08-31 00:00:00+00:00,34.27984
2096-09-30 00:00:00+00:00,27.01077
2096-10-31 00:00:00+00:00,20.154083
2096-11-30 00:00:00+00:00,17.439299
2096-12-31 00:00:00+00:00,8.783203
2097-01-31 00:00:00+00:00,11.391463
2097-02-28 00:00:00+00:00,13.39037
2097-03-31 00:00:00+00:00,15.196562
2097-04-30 00:00:00+00:00,19.154446
2097-05-31 00:00:00+00:00,25.08408
2097-06-30 00:00:00+00:00,29.0049
2097-07-31 00:00:00+00:00,33.919876
2097-08-31 00:00:00+00:00,33.483234
2097-09-30 00:00:00+00:00,28.320559
2097-10-31 00:00:00+00:00,25.16061
2097-11-30 00:00:00+00:00,17.74786
2097-12-31 00:00:00+00:00,10.453769
2098-01-31 00:00:00+00:00,12.369405
2098-02-28 00:00:00+00:00,12.796044
2098-03-31 00:00:00+00:00,15.87465
2098-04-30 00:00:00+00:00,20.382778
2098-05-31 00:00:00+00:00,21.468487
2098-06-30 00:00:00+00:00,30.34221
2098-07-31 00:00:00+00:00,35.753838
2098-08-31 00:00:00+00:00,33.547626
2098-09-30 00:00:00+00:00,29.038094
2098-10-31 00:00:00+00:00,23.656765
2098-11-30 00:00:00+00:00,14.454188
2098-12-31 00:00:00+00:00,10.304064
2099-01-31 00:00:00+00:00,11.290453
2099-02-28 00:00:00+00:00,12.251482
2099-03-31 00:00:00+00:00,15.003982
2099-04-30 00:00:00+00:00,23.160805
2099-05-31 00:00:00+00:00,24.281376
2099-06-30 00:00:00+00:00,27.287853
2099-07-31 00:00:00+00:00,32.970837
2099-08-31 00:00:00+00:00,33.851818
2099-09-30 00:00:00+00:00,29.189394
2099-10-31 00:00:00+00:00,23.404432
2099-11-30 00:00:00+00:00,17.180922
2099-12-31 00:00:00+00:00,12.4860735
