time,rainfall_month_HadGEM2-ES_rcp85
2006-01-31 00:00:00+00:00,0.30910468
2006-02-28 00:00:00+00:00,0.0029613276
2006-03-31 00:00:00+00:00,0.31797582
2006-04-30 00:00:00+00:00,0.17927958
2006-05-31 00:00:00+00:00,0.066449165
2006-06-30 00:00:00+00:00,0.0007976127
2006-07-31 00:00:00+00:00,0.06454501
2006-08-31 00:00:00+00:00,0.3416947
2006-09-30 00:00:00+00:00,0.0038150668
2006-10-31 00:00:00+00:00,0.012989591
2006-11-30 00:00:00+00:00,0.2796062
2006-12-31 00:00:00+00:00,0.87745756
2007-01-31 00:00:00+00:00,0.2572601
2007-02-28 00:00:00+00:00,0.05608993
2007-03-31 00:00:00+00:00,0.22396593
2007-04-30 00:00:00+00:00,0.116719596
2007-05-31 00:00:00+00:00,0.14191844
2007-06-30 00:00:00+00:00,0.00543159
2007-07-31 00:00:00+00:00,0.19926746
2007-08-31 00:00:00+00:00,0.20911303
2007-09-30 00:00:00+00:00,0.75093144
2007-10-31 00:00:00+00:00,0.016699804
2007-11-30 00:00:00+00:00,0.6766962
2007-12-31 00:00:00+00:00,0.0
2008-01-31 00:00:00+00:00,0.28888544
2008-02-29 00:00:00+00:00,0.4787868
2008-03-31 00:00:00+00:00,0.74945664
2008-04-30 00:00:00+00:00,0.17216055
2008-05-31 00:00:00+00:00,0.0662507
2008-06-30 00:00:00+00:00,0.0009074326
2008-07-31 00:00:00+00:00,0.003155906
2008-08-31 00:00:00+00:00,0.26117676
2008-09-30 00:00:00+00:00,0.00060052535
2008-10-31 00:00:00+00:00,0.21492071
2008-11-30 00:00:00+00:00,0.121124946
2008-12-31 00:00:00+00:00,0.81229466
2009-01-31 00:00:00+00:00,0.66277623
2009-02-28 00:00:00+00:00,2.2346025
2009-03-31 00:00:00+00:00,1.3132792
2009-04-30 00:00:00+00:00,0.20352688
2009-05-31 00:00:00+00:00,0.66275525
2009-06-30 00:00:00+00:00,0.01544713
2009-07-31 00:00:00+00:00,0.02465165
2009-08-31 00:00:00+00:00,0.34001064
2009-09-30 00:00:00+00:00,0.73817664
2009-10-31 00:00:00+00:00,0.14457987
2009-11-30 00:00:00+00:00,0.56270856
2009-12-31 00:00:00+00:00,0.003944862
2010-01-31 00:00:00+00:00,1.6617225
2010-02-28 00:00:00+00:00,1.2655133
2010-03-31 00:00:00+00:00,1.3818854
2010-04-30 00:00:00+00:00,0.45652136
2010-05-31 00:00:00+00:00,0.11432345
2010-06-30 00:00:00+00:00,0.026953684
2010-07-31 00:00:00+00:00,0.11002923
2010-08-31 00:00:00+00:00,0.08321125
2010-09-30 00:00:00+00:00,0.089713156
2010-10-31 00:00:00+00:00,0.17230657
2010-11-30 00:00:00+00:00,1.3392092
2010-12-31 00:00:00+00:00,0.43134668
2011-01-31 00:00:00+00:00,1.1913244
2011-02-28 00:00:00+00:00,0.7738539
2011-03-31 00:00:00+00:00,1.6413994
2011-04-30 00:00:00+00:00,0.0686978
2011-05-31 00:00:00+00:00,0.003570844
2011-06-30 00:00:00+00:00,0.0031572352
2011-07-31 00:00:00+00:00,0.017844187
2011-08-31 00:00:00+00:00,0.2809317
2011-09-30 00:00:00+00:00,0.076307125
2011-10-31 00:00:00+00:00,0.053776838
2011-11-30 00:00:00+00:00,0.21488874
2011-12-31 00:00:00+00:00,0.19862773
2012-01-31 00:00:00+00:00,0.016430387
2012-02-29 00:00:00+00:00,0.56511873
2012-03-31 00:00:00+00:00,1.3744237
2012-04-30 00:00:00+00:00,0.026809359
2012-05-31 00:00:00+00:00,0.00027691977
2012-06-30 00:00:00+00:00,0.0072110207
2012-07-31 00:00:00+00:00,0.06026088
2012-08-31 00:00:00+00:00,0.059727676
2012-09-30 00:00:00+00:00,0.01347832
2012-10-31 00:00:00+00:00,0.013448016
2012-11-30 00:00:00+00:00,1.3851107
2012-12-31 00:00:00+00:00,0.5202124
2013-01-31 00:00:00+00:00,0.51918405
2013-02-28 00:00:00+00:00,0.9139274
2013-03-31 00:00:00+00:00,1.080353
2013-04-30 00:00:00+00:00,0.16796261
2013-05-31 00:00:00+00:00,0.06239995
2013-06-30 00:00:00+00:00,0.003347867
2013-07-31 00:00:00+00:00,0.15873058
2013-08-31 00:00:00+00:00,0.1409979
2013-09-30 00:00:00+00:00,0.00445902
2013-10-31 00:00:00+00:00,0.07185353
2013-11-30 00:00:00+00:00,0.05131345
2013-12-31 00:00:00+00:00,0.3355172
2014-01-31 00:00:00+00:00,0.021990249
2014-02-28 00:00:00+00:00,0.08260876
2014-03-31 00:00:00+00:00,1.3211107
2014-04-30 00:00:00+00:00,0.19361812
2014-05-31 00:00:00+00:00,0.092253335
2014-06-30 00:00:00+00:00,0.010817739
2014-07-31 00:00:00+00:00,0.40371224
2014-08-31 00:00:00+00:00,0.10869765
2014-09-30 00:00:00+00:00,0.4344502
2014-10-31 00:00:00+00:00,0.292191
2014-11-30 00:00:00+00:00,0.14974199
2014-12-31 00:00:00+00:00,0.12832403
2015-01-31 00:00:00+00:00,2.141997
2015-02-28 00:00:00+00:00,3.3814666
2015-03-31 00:00:00+00:00,1.1410131
2015-04-30 00:00:00+00:00,0.48650527
2015-05-31 00:00:00+00:00,0.15238689
2015-06-30 00:00:00+00:00,0.0023053964
2015-07-31 00:00:00+00:00,0.12329495
2015-08-31 00:00:00+00:00,0.13176472
2015-09-30 00:00:00+00:00,0.0045196568
2015-10-31 00:00:00+00:00,0.22185199
2015-11-30 00:00:00+00:00,0.13767505
2015-12-31 00:00:00+00:00,0.3052338
2016-01-31 00:00:00+00:00,0.40483317
2016-02-29 00:00:00+00:00,2.631725
2016-03-31 00:00:00+00:00,0.17182538
2016-04-30 00:00:00+00:00,0.18825087
2016-05-31 00:00:00+00:00,0.23887044
2016-06-30 00:00:00+00:00,0.03902335
2016-07-31 00:00:00+00:00,0.71863335
2016-08-31 00:00:00+00:00,0.17649852
2016-09-30 00:00:00+00:00,0.039188467
2016-10-31 00:00:00+00:00,0.006944013
2016-11-30 00:00:00+00:00,1.3349495
2016-12-31 00:00:00+00:00,0.23898034
2017-01-31 00:00:00+00:00,1.0687183
2017-02-28 00:00:00+00:00,1.6780387
2017-03-31 00:00:00+00:00,0.6154622
2017-04-30 00:00:00+00:00,0.3571271
2017-05-31 00:00:00+00:00,0.2047392
2017-06-30 00:00:00+00:00,0.06875537
2017-07-31 00:00:00+00:00,0.13934082
2017-08-31 00:00:00+00:00,0.23005591
2017-09-30 00:00:00+00:00,0.009700126
2017-10-31 00:00:00+00:00,0.2550066
2017-11-30 00:00:00+00:00,0.44399643
2017-12-31 00:00:00+00:00,0.25196534
2018-01-31 00:00:00+00:00,1.3009351
2018-02-28 00:00:00+00:00,0.9568912
2018-03-31 00:00:00+00:00,0.06926236
2018-04-30 00:00:00+00:00,0.2617789
2018-05-31 00:00:00+00:00,0.48427182
2018-06-30 00:00:00+00:00,0.008778653
2018-07-31 00:00:00+00:00,0.10090985
2018-08-31 00:00:00+00:00,0.1668338
2018-09-30 00:00:00+00:00,0.0010055881
2018-10-31 00:00:00+00:00,1.180777
2018-11-30 00:00:00+00:00,0.055540632
2018-12-31 00:00:00+00:00,0.26890528
2019-01-31 00:00:00+00:00,0.22351068
2019-02-28 00:00:00+00:00,0.90552
2019-03-31 00:00:00+00:00,0.25455636
2019-04-30 00:00:00+00:00,0.08892037
2019-05-31 00:00:00+00:00,0.0018478355
2019-06-30 00:00:00+00:00,0.021666666
2019-07-31 00:00:00+00:00,0.12223519
2019-08-31 00:00:00+00:00,0.2037049
2019-09-30 00:00:00+00:00,0.038069624
2019-10-31 00:00:00+00:00,0.28161386
2019-11-30 00:00:00+00:00,0.023281338
2019-12-31 00:00:00+00:00,0.037819766
2020-01-31 00:00:00+00:00,0.5205599
2020-02-29 00:00:00+00:00,0.2967321
2020-03-31 00:00:00+00:00,0.51209015
2020-04-30 00:00:00+00:00,0.03315046
2020-05-31 00:00:00+00:00,0.0004940321
2020-06-30 00:00:00+00:00,0.005184598
2020-07-31 00:00:00+00:00,0.33087662
2020-08-31 00:00:00+00:00,0.122944586
2020-09-30 00:00:00+00:00,0.580962
2020-10-31 00:00:00+00:00,0.7732836
2020-11-30 00:00:00+00:00,0.06036454
2020-12-31 00:00:00+00:00,1.7312183
2021-01-31 00:00:00+00:00,2.232335
2021-02-28 00:00:00+00:00,0.36243728
2021-03-31 00:00:00+00:00,0.19936636
2021-04-30 00:00:00+00:00,0.5643719
2021-05-31 00:00:00+00:00,0.6811061
2021-06-30 00:00:00+00:00,0.003452125
2021-07-31 00:00:00+00:00,0.06064793
2021-08-31 00:00:00+00:00,0.3388021
2021-09-30 00:00:00+00:00,0.15335684
2021-10-31 00:00:00+00:00,0.0043312446
2021-11-30 00:00:00+00:00,0.6760506
2021-12-31 00:00:00+00:00,0.012689061
2022-01-31 00:00:00+00:00,0.95899874
2022-02-28 00:00:00+00:00,0.8635007
2022-03-31 00:00:00+00:00,0.2641219
2022-04-30 00:00:00+00:00,0.042643648
2022-05-31 00:00:00+00:00,0.004726259
2022-06-30 00:00:00+00:00,0.076825455
2022-07-31 00:00:00+00:00,0.074898906
2022-08-31 00:00:00+00:00,0.519728
2022-09-30 00:00:00+00:00,0.5274377
2022-10-31 00:00:00+00:00,0.010390176
2022-11-30 00:00:00+00:00,0.031226669
2022-12-31 00:00:00+00:00,0.20684886
2023-01-31 00:00:00+00:00,0.19853552
2023-02-28 00:00:00+00:00,2.5700042
2023-03-31 00:00:00+00:00,0.985237
2023-04-30 00:00:00+00:00,0.7119848
2023-05-31 00:00:00+00:00,0.06580692
2023-06-30 00:00:00+00:00,0.019956423
2023-07-31 00:00:00+00:00,0.17379956
2023-08-31 00:00:00+00:00,0.74076045
2023-09-30 00:00:00+00:00,0.020198185
2023-10-31 00:00:00+00:00,0.18533798
2023-11-30 00:00:00+00:00,0.38550466
2023-12-31 00:00:00+00:00,0.6885086
2024-01-31 00:00:00+00:00,0.47998935
2024-02-29 00:00:00+00:00,0.16454676
2024-03-31 00:00:00+00:00,4.292808
2024-04-30 00:00:00+00:00,0.60680735
2024-05-31 00:00:00+00:00,0.010715939
2024-06-30 00:00:00+00:00,0.029377984
2024-07-31 00:00:00+00:00,0.050097626
2024-08-31 00:00:00+00:00,0.14286093
2024-09-30 00:00:00+00:00,0.80693144
2024-10-31 00:00:00+00:00,0.13464305
2024-11-30 00:00:00+00:00,1.7937092
2024-12-31 00:00:00+00:00,0.28236565
2025-01-31 00:00:00+00:00,1.4186128
2025-02-28 00:00:00+00:00,0.017109187
2025-03-31 00:00:00+00:00,0.39797404
2025-04-30 00:00:00+00:00,0.0698455
2025-05-31 00:00:00+00:00,0.1052281
2025-06-30 00:00:00+00:00,0.002013487
2025-07-31 00:00:00+00:00,0.3024719
2025-08-31 00:00:00+00:00,1.7036313
2025-09-30 00:00:00+00:00,0.014694916
2025-10-31 00:00:00+00:00,0.0036149612
2025-11-30 00:00:00+00:00,0.455603
2025-12-31 00:00:00+00:00,0.6027699
2026-01-31 00:00:00+00:00,1.3742697
2026-02-28 00:00:00+00:00,0.3501383
2026-03-31 00:00:00+00:00,0.7694905
2026-04-30 00:00:00+00:00,0.15468284
2026-05-31 00:00:00+00:00,0.020816334
2026-06-30 00:00:00+00:00,0.04304227
2026-07-31 00:00:00+00:00,0.092667416
2026-08-31 00:00:00+00:00,0.0064371703
2026-09-30 00:00:00+00:00,0.07444663
2026-10-31 00:00:00+00:00,0.067861006
2026-11-30 00:00:00+00:00,0.4955439
2026-12-31 00:00:00+00:00,0.3655615
2027-01-31 00:00:00+00:00,0.50793064
2027-02-28 00:00:00+00:00,0.1443973
2027-03-31 00:00:00+00:00,1.0465834
2027-04-30 00:00:00+00:00,0.39806157
2027-05-31 00:00:00+00:00,0.07246467
2027-06-30 00:00:00+00:00,0.001100167
2027-07-31 00:00:00+00:00,0.17959785
2027-08-31 00:00:00+00:00,1.0865629
2027-09-30 00:00:00+00:00,0.003828936
2027-10-31 00:00:00+00:00,6.296793e-05
2027-11-30 00:00:00+00:00,0.10596299
2027-12-31 00:00:00+00:00,1.6782714
2028-01-31 00:00:00+00:00,0.38126156
2028-02-29 00:00:00+00:00,0.8559712
2028-03-31 00:00:00+00:00,0.020976953
2028-04-30 00:00:00+00:00,0.031571187
2028-05-31 00:00:00+00:00,0.0014079582
2028-06-30 00:00:00+00:00,0.02784921
2028-07-31 00:00:00+00:00,0.050813384
2028-08-31 00:00:00+00:00,0.38875127
2028-09-30 00:00:00+00:00,5.3863955
2028-10-31 00:00:00+00:00,0.060148507
2028-11-30 00:00:00+00:00,0.33761352
2028-12-31 00:00:00+00:00,0.2831312
2029-01-31 00:00:00+00:00,0.84884536
2029-02-28 00:00:00+00:00,0.18149926
2029-03-31 00:00:00+00:00,0.015300839
2029-04-30 00:00:00+00:00,0.03683954
2029-05-31 00:00:00+00:00,0.017844405
2029-06-30 00:00:00+00:00,0.00982475
2029-07-31 00:00:00+00:00,0.14614162
2029-08-31 00:00:00+00:00,0.090104215
2029-09-30 00:00:00+00:00,1.1210427
2029-10-31 00:00:00+00:00,1.2658043
2029-11-30 00:00:00+00:00,0.11562944
2029-12-31 00:00:00+00:00,0.4938672
2030-01-31 00:00:00+00:00,0.108196884
2030-02-28 00:00:00+00:00,0.2367521
2030-03-31 00:00:00+00:00,0.56425285
2030-04-30 00:00:00+00:00,0.6070995
2030-05-31 00:00:00+00:00,0.0008532317
2030-06-30 00:00:00+00:00,0.02497679
2030-07-31 00:00:00+00:00,0.05248059
2030-08-31 00:00:00+00:00,0.0012102551
2030-09-30 00:00:00+00:00,0.021586675
2030-10-31 00:00:00+00:00,0.0089137545
2030-11-30 00:00:00+00:00,1.2941693
2030-12-31 00:00:00+00:00,0.059660684
2031-01-31 00:00:00+00:00,0.064143814
2031-02-28 00:00:00+00:00,1.0868018
2031-03-31 00:00:00+00:00,0.32470256
2031-04-30 00:00:00+00:00,0.02664257
2031-05-31 00:00:00+00:00,0.07521782
2031-06-30 00:00:00+00:00,0.005163526
2031-07-31 00:00:00+00:00,0.17687228
2031-08-31 00:00:00+00:00,0.37208086
2031-09-30 00:00:00+00:00,0.0683011
2031-10-31 00:00:00+00:00,0.016658401
2031-11-30 00:00:00+00:00,0.19817387
2031-12-31 00:00:00+00:00,0.52241653
2032-01-31 00:00:00+00:00,0.46181455
2032-02-29 00:00:00+00:00,0.2417917
2032-03-31 00:00:00+00:00,0.16168088
2032-04-30 00:00:00+00:00,0.023037449
2032-05-31 00:00:00+00:00,0.06826374
2032-06-30 00:00:00+00:00,0.0008196037
2032-07-31 00:00:00+00:00,0.099831305
2032-08-31 00:00:00+00:00,0.19382566
2032-09-30 00:00:00+00:00,0.5968899
2032-10-31 00:00:00+00:00,0.09096
2032-11-30 00:00:00+00:00,1.6853799
2032-12-31 00:00:00+00:00,0.19379103
2033-01-31 00:00:00+00:00,4.444289
2033-02-28 00:00:00+00:00,2.3612392
2033-03-31 00:00:00+00:00,1.144742
2033-04-30 00:00:00+00:00,0.49577284
2033-05-31 00:00:00+00:00,0.05935874
2033-06-30 00:00:00+00:00,3.8204395e-05
2033-07-31 00:00:00+00:00,0.15463361
2033-08-31 00:00:00+00:00,0.232001
2033-09-30 00:00:00+00:00,0.55958337
2033-10-31 00:00:00+00:00,0.19359641
2033-11-30 00:00:00+00:00,0.03745561
2033-12-31 00:00:00+00:00,0.009036129
2034-01-31 00:00:00+00:00,0.7727265
2034-02-28 00:00:00+00:00,0.7311207
2034-03-31 00:00:00+00:00,1.3874658
2034-04-30 00:00:00+00:00,0.045839142
2034-05-31 00:00:00+00:00,0.11718837
2034-06-30 00:00:00+00:00,0.008315916
2034-07-31 00:00:00+00:00,0.20483582
2034-08-31 00:00:00+00:00,0.12279843
2034-09-30 00:00:00+00:00,0.051068533
2034-10-31 00:00:00+00:00,0.39640778
2034-11-30 00:00:00+00:00,0.58783084
2034-12-31 00:00:00+00:00,1.7112179
2035-01-31 00:00:00+00:00,1.7310836
2035-02-28 00:00:00+00:00,0.6441164
2035-03-31 00:00:00+00:00,0.8670583
2035-04-30 00:00:00+00:00,0.00999484
2035-05-31 00:00:00+00:00,0.05460628
2035-06-30 00:00:00+00:00,0.0061144936
2035-07-31 00:00:00+00:00,0.01301472
2035-08-31 00:00:00+00:00,0.14029138
2035-09-30 00:00:00+00:00,0.048553128
2035-10-31 00:00:00+00:00,0.0067037838
2035-11-30 00:00:00+00:00,0.55823416
2035-12-31 00:00:00+00:00,0.70316464
2036-01-31 00:00:00+00:00,2.9412453
2036-02-29 00:00:00+00:00,2.1500962
2036-03-31 00:00:00+00:00,0.4759998
2036-04-30 00:00:00+00:00,0.22804508
2036-05-31 00:00:00+00:00,0.6254009
2036-06-30 00:00:00+00:00,0.0046297354
2036-07-31 00:00:00+00:00,0.14922994
2036-08-31 00:00:00+00:00,0.25132927
2036-09-30 00:00:00+00:00,0.034569602
2036-10-31 00:00:00+00:00,0.0106456885
2036-11-30 00:00:00+00:00,0.19920006
2036-12-31 00:00:00+00:00,0.65781444
2037-01-31 00:00:00+00:00,1.7323961
2037-02-28 00:00:00+00:00,0.11750262
2037-03-31 00:00:00+00:00,0.2835912
2037-04-30 00:00:00+00:00,0.13951576
2037-05-31 00:00:00+00:00,0.2951146
2037-06-30 00:00:00+00:00,0.0029650524
2037-07-31 00:00:00+00:00,0.23761207
2037-08-31 00:00:00+00:00,0.027058877
2037-09-30 00:00:00+00:00,0.08538921
2037-10-31 00:00:00+00:00,0.0
2037-11-30 00:00:00+00:00,0.45269763
2037-12-31 00:00:00+00:00,0.41104063
2038-01-31 00:00:00+00:00,1.0895002
2038-02-28 00:00:00+00:00,0.7992316
2038-03-31 00:00:00+00:00,0.7557317
2038-04-30 00:00:00+00:00,0.024464123
2038-05-31 00:00:00+00:00,0.115752
2038-06-30 00:00:00+00:00,0.0629686
2038-07-31 00:00:00+00:00,0.047766086
2038-08-31 00:00:00+00:00,0.27173665
2038-09-30 00:00:00+00:00,0.8061306
2038-10-31 00:00:00+00:00,0.02557097
2038-11-30 00:00:00+00:00,0.101401135
2038-12-31 00:00:00+00:00,0.8057663
2039-01-31 00:00:00+00:00,2.0981705
2039-02-28 00:00:00+00:00,3.1122
2039-03-31 00:00:00+00:00,1.1571807
2039-04-30 00:00:00+00:00,0.35001782
2039-05-31 00:00:00+00:00,0.0920368
2039-06-30 00:00:00+00:00,0.013428248
2039-07-31 00:00:00+00:00,0.13685703
2039-08-31 00:00:00+00:00,0.4215108
2039-09-30 00:00:00+00:00,0.0065450394
2039-10-31 00:00:00+00:00,0.13812073
2039-11-30 00:00:00+00:00,0.029743059
2039-12-31 00:00:00+00:00,0.9917589
2040-01-31 00:00:00+00:00,0.64449924
2040-02-29 00:00:00+00:00,0.7873033
2040-03-31 00:00:00+00:00,0.29324478
2040-04-30 00:00:00+00:00,0.023231892
2040-05-31 00:00:00+00:00,0.12844741
2040-06-30 00:00:00+00:00,0.010450431
2040-07-31 00:00:00+00:00,0.59993774
2040-08-31 00:00:00+00:00,0.3040765
2040-09-30 00:00:00+00:00,0.032257043
2040-10-31 00:00:00+00:00,0.0070765764
2040-11-30 00:00:00+00:00,0.6037151
2040-12-31 00:00:00+00:00,0.58067197
2041-01-31 00:00:00+00:00,0.03914525
2041-02-28 00:00:00+00:00,0.055988826
2041-03-31 00:00:00+00:00,1.1393592
2041-04-30 00:00:00+00:00,0.41166675
2041-05-31 00:00:00+00:00,0.011139039
2041-06-30 00:00:00+00:00,1.3729704e-05
2041-07-31 00:00:00+00:00,0.260852
2041-08-31 00:00:00+00:00,0.37716404
2041-09-30 00:00:00+00:00,0.037715353
2041-10-31 00:00:00+00:00,0.35074013
2041-11-30 00:00:00+00:00,0.033650424
2041-12-31 00:00:00+00:00,0.07104918
2042-01-31 00:00:00+00:00,0.3245421
2042-02-28 00:00:00+00:00,0.08173175
2042-03-31 00:00:00+00:00,0.89207715
2042-04-30 00:00:00+00:00,0.293566
2042-05-31 00:00:00+00:00,0.08655838
2042-06-30 00:00:00+00:00,0.045742597
2042-07-31 00:00:00+00:00,0.16289915
2042-08-31 00:00:00+00:00,0.045663297
2042-09-30 00:00:00+00:00,0.17701706
2042-10-31 00:00:00+00:00,0.0018471882
2042-11-30 00:00:00+00:00,0.06993061
2042-12-31 00:00:00+00:00,0.018226426
2043-01-31 00:00:00+00:00,0.7637125
2043-02-28 00:00:00+00:00,0.07808437
2043-03-31 00:00:00+00:00,0.085038126
2043-04-30 00:00:00+00:00,0.020855967
2043-05-31 00:00:00+00:00,0.0074438257
2043-06-30 00:00:00+00:00,0.010777837
2043-07-31 00:00:00+00:00,0.03426726
2043-08-31 00:00:00+00:00,0.22618252
2043-09-30 00:00:00+00:00,0.5817703
2043-10-31 00:00:00+00:00,0.63957727
2043-11-30 00:00:00+00:00,0.65889716
2043-12-31 00:00:00+00:00,1.0801965
2044-01-31 00:00:00+00:00,1.438832
2044-02-29 00:00:00+00:00,1.2166818
2044-03-31 00:00:00+00:00,0.4667933
2044-04-30 00:00:00+00:00,0.07570547
2044-05-31 00:00:00+00:00,0.0070375786
2044-06-30 00:00:00+00:00,0.0024289638
2044-07-31 00:00:00+00:00,0.06851141
2044-08-31 00:00:00+00:00,0.0964686
2044-09-30 00:00:00+00:00,0.027738778
2044-10-31 00:00:00+00:00,0.39012203
2044-11-30 00:00:00+00:00,0.28681344
2044-12-31 00:00:00+00:00,0.053970948
2045-01-31 00:00:00+00:00,1.7300355
2045-02-28 00:00:00+00:00,0.20943265
2045-03-31 00:00:00+00:00,0.14596777
2045-04-30 00:00:00+00:00,0.11427387
2045-05-31 00:00:00+00:00,0.001761625
2045-06-30 00:00:00+00:00,0.068709336
2045-07-31 00:00:00+00:00,0.17676479
2045-08-31 00:00:00+00:00,0.07715997
2045-09-30 00:00:00+00:00,0.0032260518
2045-10-31 00:00:00+00:00,0.041247126
2045-11-30 00:00:00+00:00,0.087735504
2045-12-31 00:00:00+00:00,0.62075883
2046-01-31 00:00:00+00:00,0.5958941
2046-02-28 00:00:00+00:00,1.545218
2046-03-31 00:00:00+00:00,0.2914965
2046-04-30 00:00:00+00:00,0.13372862
2046-05-31 00:00:00+00:00,0.016188007
2046-06-30 00:00:00+00:00,4.1786056e-06
2046-07-31 00:00:00+00:00,0.2089605
2046-08-31 00:00:00+00:00,0.30079088
2046-09-30 00:00:00+00:00,0.09389679
2046-10-31 00:00:00+00:00,0.008401288
2046-11-30 00:00:00+00:00,0.88229674
2046-12-31 00:00:00+00:00,0.3704514
2047-01-31 00:00:00+00:00,0.30310312
2047-02-28 00:00:00+00:00,0.2011083
2047-03-31 00:00:00+00:00,0.2066193
2047-04-30 00:00:00+00:00,0.005624582
2047-05-31 00:00:00+00:00,0.030348735
2047-06-30 00:00:00+00:00,0.010405324
2047-07-31 00:00:00+00:00,0.026403204
2047-08-31 00:00:00+00:00,0.8961936
2047-09-30 00:00:00+00:00,0.31838673
2047-10-31 00:00:00+00:00,0.007096203
2047-11-30 00:00:00+00:00,0.9149197
2047-12-31 00:00:00+00:00,0.19327022
2048-01-31 00:00:00+00:00,1.4608154
2048-02-29 00:00:00+00:00,2.0568333
2048-03-31 00:00:00+00:00,4.034632
2048-04-30 00:00:00+00:00,0.56953967
2048-05-31 00:00:00+00:00,0.14670473
2048-06-30 00:00:00+00:00,0.17390838
2048-07-31 00:00:00+00:00,0.08675363
2048-08-31 00:00:00+00:00,0.5011623
2048-09-30 00:00:00+00:00,0.06543805
2048-10-31 00:00:00+00:00,0.004866257
2048-11-30 00:00:00+00:00,0.2255009
2048-12-31 00:00:00+00:00,0.5886535
2049-01-31 00:00:00+00:00,0.3699661
2049-02-28 00:00:00+00:00,0.9263744
2049-03-31 00:00:00+00:00,1.7315797
2049-04-30 00:00:00+00:00,0.02416589
2049-05-31 00:00:00+00:00,0.005236478
2049-06-30 00:00:00+00:00,0.033012766
2049-07-31 00:00:00+00:00,0.056914344
2049-08-31 00:00:00+00:00,0.22425766
2049-09-30 00:00:00+00:00,0.37440062
2049-10-31 00:00:00+00:00,0.007682209
2049-11-30 00:00:00+00:00,0.13284816
2049-12-31 00:00:00+00:00,0.0032366826
2050-01-31 00:00:00+00:00,0.34742898
2050-02-28 00:00:00+00:00,2.2091632
2050-03-31 00:00:00+00:00,0.24496211
2050-04-30 00:00:00+00:00,0.05955009
2050-05-31 00:00:00+00:00,0.07671819
2050-06-30 00:00:00+00:00,0.012876801
2050-07-31 00:00:00+00:00,0.03846705
2050-08-31 00:00:00+00:00,0.14820743
2050-09-30 00:00:00+00:00,1.6438639
2050-10-31 00:00:00+00:00,0.020201728
2050-11-30 00:00:00+00:00,1.1948545
2050-12-31 00:00:00+00:00,0.20493194
2051-01-31 00:00:00+00:00,0.8377174
2051-02-28 00:00:00+00:00,1.5889605
2051-03-31 00:00:00+00:00,0.15156049
2051-04-30 00:00:00+00:00,0.021512987
2051-05-31 00:00:00+00:00,0.022147207
2051-06-30 00:00:00+00:00,0.0052196435
2051-07-31 00:00:00+00:00,0.21594186
2051-08-31 00:00:00+00:00,0.6171527
2051-09-30 00:00:00+00:00,0.061590694
2051-10-31 00:00:00+00:00,0.43458343
2051-11-30 00:00:00+00:00,0.122933716
2051-12-31 00:00:00+00:00,0.42530382
2052-01-31 00:00:00+00:00,1.2933437
2052-02-29 00:00:00+00:00,0.11338848
2052-03-31 00:00:00+00:00,0.3202474
2052-04-30 00:00:00+00:00,0.24049215
2052-05-31 00:00:00+00:00,0.0017005175
2052-06-30 00:00:00+00:00,0.0012578103
2052-07-31 00:00:00+00:00,0.16695744
2052-08-31 00:00:00+00:00,0.38783216
2052-09-30 00:00:00+00:00,0.04898221
2052-10-31 00:00:00+00:00,0.0061568106
2052-11-30 00:00:00+00:00,0.06746115
2052-12-31 00:00:00+00:00,0.095338106
2053-01-31 00:00:00+00:00,2.112921
2053-02-28 00:00:00+00:00,0.88295275
2053-03-31 00:00:00+00:00,1.4996976
2053-04-30 00:00:00+00:00,0.24149145
2053-05-31 00:00:00+00:00,0.0008930463
2053-06-30 00:00:00+00:00,0.0073901624
2053-07-31 00:00:00+00:00,0.29095733
2053-08-31 00:00:00+00:00,0.41934446
2053-09-30 00:00:00+00:00,0.0147851
2053-10-31 00:00:00+00:00,0.17998578
2053-11-30 00:00:00+00:00,0.22047311
2053-12-31 00:00:00+00:00,0.53413004
2054-01-31 00:00:00+00:00,0.039782505
2054-02-28 00:00:00+00:00,0.18512417
2054-03-31 00:00:00+00:00,0.3162249
2054-04-30 00:00:00+00:00,0.10549019
2054-05-31 00:00:00+00:00,0.013840895
2054-06-30 00:00:00+00:00,0.016603954
2054-07-31 00:00:00+00:00,0.09417921
2054-08-31 00:00:00+00:00,0.23593795
2054-09-30 00:00:00+00:00,0.17756855
2054-10-31 00:00:00+00:00,0.0022382012
2054-11-30 00:00:00+00:00,0.35619915
2054-12-31 00:00:00+00:00,0.067841746
2055-01-31 00:00:00+00:00,1.026815
2055-02-28 00:00:00+00:00,0.35305184
2055-03-31 00:00:00+00:00,0.044560388
2055-04-30 00:00:00+00:00,0.32541865
2055-05-31 00:00:00+00:00,0.021848379
2055-06-30 00:00:00+00:00,0.0024414528
2055-07-31 00:00:00+00:00,0.21221404
2055-08-31 00:00:00+00:00,0.2937142
2055-09-30 00:00:00+00:00,0.026718572
2055-10-31 00:00:00+00:00,0.21645144
2055-11-30 00:00:00+00:00,0.08296676
2055-12-31 00:00:00+00:00,0.8367456
2056-01-31 00:00:00+00:00,0.049095225
2056-02-29 00:00:00+00:00,0.35934746
2056-03-31 00:00:00+00:00,0.18574248
2056-04-30 00:00:00+00:00,0.07156069
2056-05-31 00:00:00+00:00,0.0054379604
2056-06-30 00:00:00+00:00,0.023307666
2056-07-31 00:00:00+00:00,0.19741021
2056-08-31 00:00:00+00:00,0.37028375
2056-09-30 00:00:00+00:00,0.08311717
2056-10-31 00:00:00+00:00,0.65654206
2056-11-30 00:00:00+00:00,0.83407646
2056-12-31 00:00:00+00:00,2.9250083
2057-01-31 00:00:00+00:00,2.4784493
2057-02-28 00:00:00+00:00,2.9596424
2057-03-31 00:00:00+00:00,2.3008335
2057-04-30 00:00:00+00:00,0.05454516
2057-05-31 00:00:00+00:00,0.01620397
2057-06-30 00:00:00+00:00,0.01471884
2057-07-31 00:00:00+00:00,0.229443
2057-08-31 00:00:00+00:00,0.05061466
2057-09-30 00:00:00+00:00,0.19667539
2057-10-31 00:00:00+00:00,0.28146425
2057-11-30 00:00:00+00:00,0.04068322
2057-12-31 00:00:00+00:00,0.642465
2058-01-31 00:00:00+00:00,1.1905588
2058-02-28 00:00:00+00:00,0.50430584
2058-03-31 00:00:00+00:00,0.96553403
2058-04-30 00:00:00+00:00,0.027197529
2058-05-31 00:00:00+00:00,0.002995309
2058-06-30 00:00:00+00:00,0.19335541
2058-07-31 00:00:00+00:00,0.10529393
2058-08-31 00:00:00+00:00,0.44490537
2058-09-30 00:00:00+00:00,0.03957677
2058-10-31 00:00:00+00:00,0.026310628
2058-11-30 00:00:00+00:00,0.082221344
2058-12-31 00:00:00+00:00,0.3567794
2059-01-31 00:00:00+00:00,0.22235167
2059-02-28 00:00:00+00:00,3.1345441
2059-03-31 00:00:00+00:00,2.939779
2059-04-30 00:00:00+00:00,0.15255783
2059-05-31 00:00:00+00:00,0.0004600955
2059-06-30 00:00:00+00:00,0.0016589066
2059-07-31 00:00:00+00:00,0.026757902
2059-08-31 00:00:00+00:00,0.022570247
2059-09-30 00:00:00+00:00,0.0013425263
2059-10-31 00:00:00+00:00,0.16426302
2059-11-30 00:00:00+00:00,0.49760547
2059-12-31 00:00:00+00:00,0.036323726
2060-01-31 00:00:00+00:00,0.08338824
2060-02-29 00:00:00+00:00,0.45620307
2060-03-31 00:00:00+00:00,1.2806972
2060-04-30 00:00:00+00:00,0.043387666
2060-05-31 00:00:00+00:00,0.0005154971
2060-06-30 00:00:00+00:00,0.03383596
2060-07-31 00:00:00+00:00,0.03848658
2060-08-31 00:00:00+00:00,0.30629507
2060-09-30 00:00:00+00:00,0.12405862
2060-10-31 00:00:00+00:00,0.013092606
2060-11-30 00:00:00+00:00,0.21903099
2060-12-31 00:00:00+00:00,0.46657744
2061-01-31 00:00:00+00:00,0.0105924085
2061-02-28 00:00:00+00:00,1.772193
2061-03-31 00:00:00+00:00,0.041944753
2061-04-30 00:00:00+00:00,0.024491498
2061-05-31 00:00:00+00:00,0.0008622664
2061-06-30 00:00:00+00:00,0.00669108
2061-07-31 00:00:00+00:00,0.13020092
2061-08-31 00:00:00+00:00,0.1954929
2061-09-30 00:00:00+00:00,1.1324717
2061-10-31 00:00:00+00:00,0.1878698
2061-11-30 00:00:00+00:00,0.10771909
2061-12-31 00:00:00+00:00,1.1456347
2062-01-31 00:00:00+00:00,0.50738186
2062-02-28 00:00:00+00:00,0.05309582
2062-03-31 00:00:00+00:00,0.022744345
2062-04-30 00:00:00+00:00,0.04413605
2062-05-31 00:00:00+00:00,0.011304466
2062-06-30 00:00:00+00:00,0.00961139
2062-07-31 00:00:00+00:00,0.27949092
2062-08-31 00:00:00+00:00,0.031411175
2062-09-30 00:00:00+00:00,0.00807784
2062-10-31 00:00:00+00:00,0.8433196
2062-11-30 00:00:00+00:00,0.105932854
2062-12-31 00:00:00+00:00,0.11295876
2063-01-31 00:00:00+00:00,0.6698102
2063-02-28 00:00:00+00:00,0.12446734
2063-03-31 00:00:00+00:00,0.659658
2063-04-30 00:00:00+00:00,0.06107303
2063-05-31 00:00:00+00:00,0.16493957
2063-06-30 00:00:00+00:00,0.017350167
2063-07-31 00:00:00+00:00,0.19853443
2063-08-31 00:00:00+00:00,0.03601939
2063-09-30 00:00:00+00:00,0.040159978
2063-10-31 00:00:00+00:00,0.0044989996
2063-11-30 00:00:00+00:00,0.042500466
2063-12-31 00:00:00+00:00,0.2213703
2064-01-31 00:00:00+00:00,0.13008119
2064-02-29 00:00:00+00:00,0.28595296
2064-03-31 00:00:00+00:00,0.5572631
2064-04-30 00:00:00+00:00,0.14126895
2064-05-31 00:00:00+00:00,0.0055887923
2064-06-30 00:00:00+00:00,0.030479688
2064-07-31 00:00:00+00:00,0.40217963
2064-08-31 00:00:00+00:00,0.4146195
2064-09-30 00:00:00+00:00,0.36426985
2064-10-31 00:00:00+00:00,0.255484
2064-11-30 00:00:00+00:00,0.91061264
2064-12-31 00:00:00+00:00,0.19326463
2065-01-31 00:00:00+00:00,0.10803267
2065-02-28 00:00:00+00:00,0.89048195
2065-03-31 00:00:00+00:00,0.27952215
2065-04-30 00:00:00+00:00,0.11173915
2065-05-31 00:00:00+00:00,0.14097668
2065-06-30 00:00:00+00:00,0.00018729054
2065-07-31 00:00:00+00:00,0.049441375
2065-08-31 00:00:00+00:00,0.32851005
2065-09-30 00:00:00+00:00,0.3621826
2065-10-31 00:00:00+00:00,0.1189802
2065-11-30 00:00:00+00:00,0.32048497
2065-12-31 00:00:00+00:00,0.36512706
2066-01-31 00:00:00+00:00,1.4560877
2066-02-28 00:00:00+00:00,0.24260032
2066-03-31 00:00:00+00:00,0.16075233
2066-04-30 00:00:00+00:00,0.0425105
2066-05-31 00:00:00+00:00,0.01401731
2066-06-30 00:00:00+00:00,0.00013849093
2066-07-31 00:00:00+00:00,0.073460996
2066-08-31 00:00:00+00:00,0.28201315
2066-09-30 00:00:00+00:00,0.31056386
2066-10-31 00:00:00+00:00,0.008997431
2066-11-30 00:00:00+00:00,0.1288743
2066-12-31 00:00:00+00:00,0.0007386279
2067-01-31 00:00:00+00:00,0.43074548
2067-02-28 00:00:00+00:00,0.2337912
2067-03-31 00:00:00+00:00,0.1834569
2067-04-30 00:00:00+00:00,0.038811073
2067-05-31 00:00:00+00:00,0.010836612
2067-06-30 00:00:00+00:00,0.0041929325
2067-07-31 00:00:00+00:00,0.28845495
2067-08-31 00:00:00+00:00,0.17642805
2067-09-30 00:00:00+00:00,0.13684396
2067-10-31 00:00:00+00:00,0.0034765226
2067-11-30 00:00:00+00:00,0.107733436
2067-12-31 00:00:00+00:00,0.109752424
2068-01-31 00:00:00+00:00,0.023486998
2068-02-29 00:00:00+00:00,1.026201
2068-03-31 00:00:00+00:00,0.092746355
2068-04-30 00:00:00+00:00,0.16730888
2068-05-31 00:00:00+00:00,0.0046004294
2068-06-30 00:00:00+00:00,0.00307426
2068-07-31 00:00:00+00:00,0.009337739
2068-08-31 00:00:00+00:00,0.26144975
2068-09-30 00:00:00+00:00,0.11386701
2068-10-31 00:00:00+00:00,0.03729954
2068-11-30 00:00:00+00:00,0.13958564
2068-12-31 00:00:00+00:00,0.19851933
2069-01-31 00:00:00+00:00,0.32862228
2069-02-28 00:00:00+00:00,0.37499475
2069-03-31 00:00:00+00:00,1.0563356
2069-04-30 00:00:00+00:00,0.06398522
2069-05-31 00:00:00+00:00,0.0040259035
2069-06-30 00:00:00+00:00,0.002055277
2069-07-31 00:00:00+00:00,0.00720434
2069-08-31 00:00:00+00:00,0.120260656
2069-09-30 00:00:00+00:00,0.03598018
2069-10-31 00:00:00+00:00,0.00894269
2069-11-30 00:00:00+00:00,0.2412847
2069-12-31 00:00:00+00:00,1.1132468
2070-01-31 00:00:00+00:00,0.024774358
2070-02-28 00:00:00+00:00,1.4034035
2070-03-31 00:00:00+00:00,0.06496235
2070-04-30 00:00:00+00:00,0.10366716
2070-05-31 00:00:00+00:00,0.004261366
2070-06-30 00:00:00+00:00,0.0067215846
2070-07-31 00:00:00+00:00,0.065133095
2070-08-31 00:00:00+00:00,0.10823146
2070-09-30 00:00:00+00:00,0.04862225
2070-10-31 00:00:00+00:00,0.00020334595
2070-11-30 00:00:00+00:00,0.007487353
2070-12-31 00:00:00+00:00,0.64145356
2071-01-31 00:00:00+00:00,3.628703
2071-02-28 00:00:00+00:00,1.2817152
2071-03-31 00:00:00+00:00,0.649291
2071-04-30 00:00:00+00:00,0.031973135
2071-05-31 00:00:00+00:00,0.014056182
2071-06-30 00:00:00+00:00,0.0015395177
2071-07-31 00:00:00+00:00,0.5734547
2071-08-31 00:00:00+00:00,0.33747515
2071-09-30 00:00:00+00:00,0.042959053
2071-10-31 00:00:00+00:00,0.012494411
2071-11-30 00:00:00+00:00,0.0
2071-12-31 00:00:00+00:00,0.5267224
2072-01-31 00:00:00+00:00,2.7246666
2072-02-29 00:00:00+00:00,0.28667003
2072-03-31 00:00:00+00:00,0.05159002
2072-04-30 00:00:00+00:00,0.05534144
2072-05-31 00:00:00+00:00,0.0155588025
2072-06-30 00:00:00+00:00,0.0474797
2072-07-31 00:00:00+00:00,0.1429967
2072-08-31 00:00:00+00:00,0.029663092
2072-09-30 00:00:00+00:00,0.07533629
2072-10-31 00:00:00+00:00,0.11923832
2072-11-30 00:00:00+00:00,0.0061922376
2072-12-31 00:00:00+00:00,0.70452493
2073-01-31 00:00:00+00:00,0.3078076
2073-02-28 00:00:00+00:00,0.5558374
2073-03-31 00:00:00+00:00,1.4358932
2073-04-30 00:00:00+00:00,0.0061898762
2073-05-31 00:00:00+00:00,0.017205613
2073-06-30 00:00:00+00:00,0.051897682
2073-07-31 00:00:00+00:00,0.126528
2073-08-31 00:00:00+00:00,0.046611283
2073-09-30 00:00:00+00:00,0.04470726
2073-10-31 00:00:00+00:00,0.006988862
2073-11-30 00:00:00+00:00,0.031204076
2073-12-31 00:00:00+00:00,3.3324978
2074-01-31 00:00:00+00:00,1.055033
2074-02-28 00:00:00+00:00,0.08461209
2074-03-31 00:00:00+00:00,0.17674069
2074-04-30 00:00:00+00:00,0.53945005
2074-05-31 00:00:00+00:00,0.009381178
2074-06-30 00:00:00+00:00,0.12018445
2074-07-31 00:00:00+00:00,0.12003132
2074-08-31 00:00:00+00:00,0.10917137
2074-09-30 00:00:00+00:00,0.057157353
2074-10-31 00:00:00+00:00,0.006752254
2074-11-30 00:00:00+00:00,0.43014255
2074-12-31 00:00:00+00:00,0.24968912
2075-01-31 00:00:00+00:00,0.020698735
2075-02-28 00:00:00+00:00,0.012888058
2075-03-31 00:00:00+00:00,0.8586085
2075-04-30 00:00:00+00:00,0.010657128
2075-05-31 00:00:00+00:00,0.00013284033
2075-06-30 00:00:00+00:00,0.007453439
2075-07-31 00:00:00+00:00,0.04366325
2075-08-31 00:00:00+00:00,0.23313038
2075-09-30 00:00:00+00:00,0.12227555
2075-10-31 00:00:00+00:00,0.27832985
2075-11-30 00:00:00+00:00,0.13228309
2075-12-31 00:00:00+00:00,0.023471834
2076-01-31 00:00:00+00:00,1.3408884
2076-02-29 00:00:00+00:00,0.8814184
2076-03-31 00:00:00+00:00,0.34914
2076-04-30 00:00:00+00:00,0.14607494
2076-05-31 00:00:00+00:00,0.02772161
2076-06-30 00:00:00+00:00,0.0096137775
2076-07-31 00:00:00+00:00,0.930841
2076-08-31 00:00:00+00:00,0.31978923
2076-09-30 00:00:00+00:00,2.7115843
2076-10-31 00:00:00+00:00,0.6260177
2076-11-30 00:00:00+00:00,0.03129079
2076-12-31 00:00:00+00:00,1.3308271
2077-01-31 00:00:00+00:00,0.96877134
2077-02-28 00:00:00+00:00,0.9604966
2077-03-31 00:00:00+00:00,0.25473145
2077-04-30 00:00:00+00:00,0.3772495
2077-05-31 00:00:00+00:00,0.0126415
2077-06-30 00:00:00+00:00,0.0060261134
2077-07-31 00:00:00+00:00,0.20927013
2077-08-31 00:00:00+00:00,0.37107804
2077-09-30 00:00:00+00:00,0.076517425
2077-10-31 00:00:00+00:00,0.0042679543
2077-11-30 00:00:00+00:00,0.5535091
2077-12-31 00:00:00+00:00,0.55423677
2078-01-31 00:00:00+00:00,0.16539213
2078-02-28 00:00:00+00:00,1.1806436
2078-03-31 00:00:00+00:00,0.35850117
2078-04-30 00:00:00+00:00,0.039682865
2078-05-31 00:00:00+00:00,0.002135175
2078-06-30 00:00:00+00:00,0.043752387
2078-07-31 00:00:00+00:00,0.3107698
2078-08-31 00:00:00+00:00,0.45254648
2078-09-30 00:00:00+00:00,0.027663562
2078-10-31 00:00:00+00:00,0.00074207137
2078-11-30 00:00:00+00:00,1.8232181
2078-12-31 00:00:00+00:00,0.45442343
2079-01-31 00:00:00+00:00,1.147388
2079-02-28 00:00:00+00:00,1.581425
2079-03-31 00:00:00+00:00,0.0987028
2079-04-30 00:00:00+00:00,0.20790747
2079-05-31 00:00:00+00:00,0.007597622
2079-06-30 00:00:00+00:00,0.029038921
2079-07-31 00:00:00+00:00,0.13458557
2079-08-31 00:00:00+00:00,0.16334343
2079-09-30 00:00:00+00:00,0.3679174
2079-10-31 00:00:00+00:00,0.0020802522
2079-11-30 00:00:00+00:00,0.1161139
2079-12-31 00:00:00+00:00,0.14395718
2080-01-31 00:00:00+00:00,1.40666
2080-02-29 00:00:00+00:00,1.3672489
2080-03-31 00:00:00+00:00,1.3862251
2080-04-30 00:00:00+00:00,0.0005559629
2080-05-31 00:00:00+00:00,0.034002673
2080-06-30 00:00:00+00:00,0.014245019
2080-07-31 00:00:00+00:00,0.23410377
2080-08-31 00:00:00+00:00,0.4480318
2080-09-30 00:00:00+00:00,0.041610558
2080-10-31 00:00:00+00:00,0.18029335
2080-11-30 00:00:00+00:00,0.08999829
2080-12-31 00:00:00+00:00,0.082319394
2081-01-31 00:00:00+00:00,2.8992448
2081-02-28 00:00:00+00:00,2.8589363
2081-03-31 00:00:00+00:00,0.9833954
2081-04-30 00:00:00+00:00,0.038842894
2081-05-31 00:00:00+00:00,0.002216232
2081-06-30 00:00:00+00:00,0.004056232
2081-07-31 00:00:00+00:00,0.06911972
2081-08-31 00:00:00+00:00,0.22404912
2081-09-30 00:00:00+00:00,0.025961079
2081-10-31 00:00:00+00:00,0.005993091
2081-11-30 00:00:00+00:00,0.34585667
2081-12-31 00:00:00+00:00,0.27615407
2082-01-31 00:00:00+00:00,0.5896236
2082-02-28 00:00:00+00:00,0.59184486
2082-03-31 00:00:00+00:00,0.03818201
2082-04-30 00:00:00+00:00,0.014139184
2082-05-31 00:00:00+00:00,0.0007729457
2082-06-30 00:00:00+00:00,0.021872614
2082-07-31 00:00:00+00:00,0.14426646
2082-08-31 00:00:00+00:00,0.18227713
2082-09-30 00:00:00+00:00,0.069570884
2082-10-31 00:00:00+00:00,0.03468146
2082-11-30 00:00:00+00:00,0.36926413
2082-12-31 00:00:00+00:00,1.1934559
2083-01-31 00:00:00+00:00,0.10291519
2083-02-28 00:00:00+00:00,0.09738314
2083-03-31 00:00:00+00:00,0.78841746
2083-04-30 00:00:00+00:00,0.11853292
2083-05-31 00:00:00+00:00,0.00013633423
2083-06-30 00:00:00+00:00,0.00057923654
2083-07-31 00:00:00+00:00,0.26304245
2083-08-31 00:00:00+00:00,0.19612834
2083-09-30 00:00:00+00:00,0.013460482
2083-10-31 00:00:00+00:00,0.0015158518
2083-11-30 00:00:00+00:00,0.00026953465
2083-12-31 00:00:00+00:00,0.30828995
2084-01-31 00:00:00+00:00,0.37224123
2084-02-29 00:00:00+00:00,1.140931
2084-03-31 00:00:00+00:00,0.03196157
2084-04-30 00:00:00+00:00,0.026656011
2084-05-31 00:00:00+00:00,0.005128901
2084-06-30 00:00:00+00:00,5.4918815e-05
2084-07-31 00:00:00+00:00,0.1532518
2084-08-31 00:00:00+00:00,0.2285031
2084-09-30 00:00:00+00:00,0.11784683
2084-10-31 00:00:00+00:00,0.0051437286
2084-11-30 00:00:00+00:00,0.11063795
2084-12-31 00:00:00+00:00,0.9618088
2085-01-31 00:00:00+00:00,0.7957003
2085-02-28 00:00:00+00:00,1.476935
2085-03-31 00:00:00+00:00,0.12846811
2085-04-30 00:00:00+00:00,0.16632763
2085-05-31 00:00:00+00:00,0.032021876
2085-06-30 00:00:00+00:00,7.1633244e-06
2085-07-31 00:00:00+00:00,0.13304661
2085-08-31 00:00:00+00:00,0.32395843
2085-09-30 00:00:00+00:00,0.5010853
2085-10-31 00:00:00+00:00,0.6366641
2085-11-30 00:00:00+00:00,0.017648404
2085-12-31 00:00:00+00:00,0.13206783
2086-01-31 00:00:00+00:00,0.57809234
2086-02-28 00:00:00+00:00,4.6150503
2086-03-31 00:00:00+00:00,1.2729068
2086-04-30 00:00:00+00:00,0.05888079
2086-05-31 00:00:00+00:00,0.017726747
2086-06-30 00:00:00+00:00,0.07918457
2086-07-31 00:00:00+00:00,0.15332921
2086-08-31 00:00:00+00:00,0.28539723
2086-09-30 00:00:00+00:00,0.5565538
2086-10-31 00:00:00+00:00,0.10271859
2086-11-30 00:00:00+00:00,0.023231277
2086-12-31 00:00:00+00:00,0.7063764
2087-01-31 00:00:00+00:00,0.5801658
2087-02-28 00:00:00+00:00,1.928854
2087-03-31 00:00:00+00:00,0.2589466
2087-04-30 00:00:00+00:00,0.15681459
2087-05-31 00:00:00+00:00,0.0022897224
2087-06-30 00:00:00+00:00,0.084810175
2087-07-31 00:00:00+00:00,0.3549629
2087-08-31 00:00:00+00:00,0.7592476
2087-09-30 00:00:00+00:00,0.14946097
2087-10-31 00:00:00+00:00,0.08046537
2087-11-30 00:00:00+00:00,0.5896775
2087-12-31 00:00:00+00:00,0.109171316
2088-01-31 00:00:00+00:00,1.4128461
2088-02-29 00:00:00+00:00,2.440814
2088-03-31 00:00:00+00:00,0.29133773
2088-04-30 00:00:00+00:00,0.017335013
2088-05-31 00:00:00+00:00,0.08953355
2088-06-30 00:00:00+00:00,0.013001434
2088-07-31 00:00:00+00:00,0.5212352
2088-08-31 00:00:00+00:00,0.059416305
2088-09-30 00:00:00+00:00,0.04831125
2088-10-31 00:00:00+00:00,0.009473253
2088-11-30 00:00:00+00:00,0.035579562
2088-12-31 00:00:00+00:00,2.0665128
2089-01-31 00:00:00+00:00,0.7819415
2089-02-28 00:00:00+00:00,0.22585939
2089-03-31 00:00:00+00:00,0.09427834
2089-04-30 00:00:00+00:00,0.13260809
2089-05-31 00:00:00+00:00,0.09837701
2089-06-30 00:00:00+00:00,0.0032270774
2089-07-31 00:00:00+00:00,0.26032385
2089-08-31 00:00:00+00:00,0.21969047
2089-09-30 00:00:00+00:00,0.3827161
2089-10-31 00:00:00+00:00,0.16443793
2089-11-30 00:00:00+00:00,0.12219769
2089-12-31 00:00:00+00:00,0.095967695
2090-01-31 00:00:00+00:00,0.530149
2090-02-28 00:00:00+00:00,2.7876341
2090-03-31 00:00:00+00:00,0.954564
2090-04-30 00:00:00+00:00,0.15319039
2090-05-31 00:00:00+00:00,0.004740136
2090-06-30 00:00:00+00:00,0.008619866
2090-07-31 00:00:00+00:00,0.17913046
2090-08-31 00:00:00+00:00,0.40611708
2090-09-30 00:00:00+00:00,2.8892388
2090-10-31 00:00:00+00:00,1.435518
2090-11-30 00:00:00+00:00,0.1882365
2090-12-31 00:00:00+00:00,1.0375535
2091-01-31 00:00:00+00:00,0.08422805
2091-02-28 00:00:00+00:00,1.7744632
2091-03-31 00:00:00+00:00,2.0154185
2091-04-30 00:00:00+00:00,0.11765698
2091-05-31 00:00:00+00:00,0.02610189
2091-06-30 00:00:00+00:00,0.023389444
2091-07-31 00:00:00+00:00,0.04415323
2091-08-31 00:00:00+00:00,0.0486823
2091-09-30 00:00:00+00:00,0.14220989
2091-10-31 00:00:00+00:00,0.24459538
2091-11-30 00:00:00+00:00,0.1631962
2091-12-31 00:00:00+00:00,0.029250855
2092-01-31 00:00:00+00:00,0.009191607
2092-02-29 00:00:00+00:00,0.28748417
2092-03-31 00:00:00+00:00,0.09118822
2092-04-30 00:00:00+00:00,0.009102906
2092-05-31 00:00:00+00:00,0.0046145935
2092-06-30 00:00:00+00:00,0.012776386
2092-07-31 00:00:00+00:00,0.43848723
2092-08-31 00:00:00+00:00,0.27130568
2092-09-30 00:00:00+00:00,0.15039995
2092-10-31 00:00:00+00:00,0.05438764
2092-11-30 00:00:00+00:00,1.074114
2092-12-31 00:00:00+00:00,0.9287885
2093-01-31 00:00:00+00:00,2.3262792
2093-02-28 00:00:00+00:00,0.8223425
2093-03-31 00:00:00+00:00,0.47536063
2093-04-30 00:00:00+00:00,0.00074591103
2093-05-31 00:00:00+00:00,0.0023969037
2093-06-30 00:00:00+00:00,0.012615807
2093-07-31 00:00:00+00:00,0.27522588
2093-08-31 00:00:00+00:00,0.31717464
2093-09-30 00:00:00+00:00,0.22766353
2093-10-31 00:00:00+00:00,0.07183654
2093-11-30 00:00:00+00:00,0.28005025
2093-12-31 00:00:00+00:00,0.2490637
2094-01-31 00:00:00+00:00,0.23250079
2094-02-28 00:00:00+00:00,0.6292867
2094-03-31 00:00:00+00:00,0.04953287
2094-04-30 00:00:00+00:00,0.34195578
2094-05-31 00:00:00+00:00,0.02622857
2094-06-30 00:00:00+00:00,0.0051904246
2094-07-31 00:00:00+00:00,0.13525799
2094-08-31 00:00:00+00:00,0.14942405
2094-09-30 00:00:00+00:00,0.11279191
2094-10-31 00:00:00+00:00,0.25966126
2094-11-30 00:00:00+00:00,0.004810172
2094-12-31 00:00:00+00:00,0.06443035
2095-01-31 00:00:00+00:00,0.84854746
2095-02-28 00:00:00+00:00,1.0984412
2095-03-31 00:00:00+00:00,0.096209526
2095-04-30 00:00:00+00:00,0.038633656
2095-05-31 00:00:00+00:00,0.0018199796
2095-06-30 00:00:00+00:00,0.004657354
2095-07-31 00:00:00+00:00,0.26274782
2095-08-31 00:00:00+00:00,0.20162791
2095-09-30 00:00:00+00:00,0.21116464
2095-10-31 00:00:00+00:00,0.14609864
2095-11-30 00:00:00+00:00,0.70089966
2095-12-31 00:00:00+00:00,0.13920222
2096-01-31 00:00:00+00:00,1.2761718
2096-02-29 00:00:00+00:00,0.17783546
2096-03-31 00:00:00+00:00,0.8365504
2096-04-30 00:00:00+00:00,0.05775518
2096-05-31 00:00:00+00:00,0.0066686375
2096-06-30 00:00:00+00:00,0.014076528
2096-07-31 00:00:00+00:00,0.075545914
2096-08-31 00:00:00+00:00,0.37316063
2096-09-30 00:00:00+00:00,0.06467049
2096-10-31 00:00:00+00:00,0.0018890377
2096-11-30 00:00:00+00:00,0.011441591
2096-12-31 00:00:00+00:00,0.5543464
2097-01-31 00:00:00+00:00,1.1673106
2097-02-28 00:00:00+00:00,3.1142726
2097-03-31 00:00:00+00:00,0.8817715
2097-04-30 00:00:00+00:00,0.15095119
2097-05-31 00:00:00+00:00,0.0068826075
2097-06-30 00:00:00+00:00,1.9102195e-05
2097-07-31 00:00:00+00:00,0.13692462
2097-08-31 00:00:00+00:00,0.35989407
2097-09-30 00:00:00+00:00,0.057555903
2097-10-31 00:00:00+00:00,0.2418015
2097-11-30 00:00:00+00:00,0.28176704
2097-12-31 00:00:00+00:00,0.383182
2098-01-31 00:00:00+00:00,0.56325734
2098-02-28 00:00:00+00:00,2.0588663
2098-03-31 00:00:00+00:00,0.6754976
2098-04-30 00:00:00+00:00,0.09483506
2098-05-31 00:00:00+00:00,0.0033882386
2098-06-30 00:00:00+00:00,0.03284026
2098-07-31 00:00:00+00:00,0.070985645
2098-08-31 00:00:00+00:00,0.19563615
2098-09-30 00:00:00+00:00,0.030282354
2098-10-31 00:00:00+00:00,0.027137445
2098-11-30 00:00:00+00:00,0.009919323
2098-12-31 00:00:00+00:00,0.49907848
2099-01-31 00:00:00+00:00,0.20358369
2099-02-28 00:00:00+00:00,4.4272084
2099-03-31 00:00:00+00:00,1.713488
2099-04-30 00:00:00+00:00,0.06111978
2099-05-31 00:00:00+00:00,0.0044172276
2099-06-30 00:00:00+00:00,8.954155e-05
2099-07-31 00:00:00+00:00,0.14218505
2099-08-31 00:00:00+00:00,0.3597167
2099-09-30 00:00:00+00:00,0.37917203
2099-10-31 00:00:00+00:00,0.0507561
2099-11-30 00:00:00+00:00,0.059303526
2099-12-31 00:00:00+00:00,0.011080952
