time,rainfall_month_MIROC5_rcp45
2006-01-31 00:00:00+00:00,0.0043082046
2006-02-28 00:00:00+00:00,0.12993164
2006-03-31 00:00:00+00:00,0.38745427
2006-04-30 00:00:00+00:00,0.117618404
2006-05-31 00:00:00+00:00,0.0076161246
2006-06-30 00:00:00+00:00,0.000742598
2006-07-31 00:00:00+00:00,0.2833308
2006-08-31 00:00:00+00:00,0.8069449
2006-09-30 00:00:00+00:00,4.7755493e-06
2006-10-31 00:00:00+00:00,0.045992013
2006-11-30 00:00:00+00:00,0.041546084
2006-12-31 00:00:00+00:00,0.0362728
2007-01-31 00:00:00+00:00,0.1636909
2007-02-28 00:00:00+00:00,0.044254243
2007-03-31 00:00:00+00:00,0.3408555
2007-04-30 00:00:00+00:00,0.023115117
2007-05-31 00:00:00+00:00,0.062331367
2007-06-30 00:00:00+00:00,0.0071619716
2007-07-31 00:00:00+00:00,0.7333574
2007-08-31 00:00:00+00:00,0.4804227
2007-09-30 00:00:00+00:00,1.2608958
2007-10-31 00:00:00+00:00,0.0017487274
2007-11-30 00:00:00+00:00,0.078017265
2007-12-31 00:00:00+00:00,3.502729
2008-01-31 00:00:00+00:00,0.7608263
2008-02-29 00:00:00+00:00,1.2037854
2008-03-31 00:00:00+00:00,0.21376964
2008-04-30 00:00:00+00:00,0.01768881
2008-05-31 00:00:00+00:00,0.014914422
2008-06-30 00:00:00+00:00,0.010829878
2008-07-31 00:00:00+00:00,0.8578456
2008-08-31 00:00:00+00:00,0.9611736
2008-09-30 00:00:00+00:00,0.050911028
2008-10-31 00:00:00+00:00,0.0794845
2008-11-30 00:00:00+00:00,0.101547785
2008-12-31 00:00:00+00:00,0.21867216
2009-01-31 00:00:00+00:00,0.15169647
2009-02-28 00:00:00+00:00,4.550207
2009-03-31 00:00:00+00:00,0.7232283
2009-04-30 00:00:00+00:00,0.9163019
2009-05-31 00:00:00+00:00,0.094300136
2009-06-30 00:00:00+00:00,0.043208916
2009-07-31 00:00:00+00:00,0.17814435
2009-08-31 00:00:00+00:00,0.075049676
2009-09-30 00:00:00+00:00,0.018407041
2009-10-31 00:00:00+00:00,0.024098158
2009-11-30 00:00:00+00:00,1.7022481
2009-12-31 00:00:00+00:00,0.26042622
2010-01-31 00:00:00+00:00,3.3567545
2010-02-28 00:00:00+00:00,0.92510086
2010-03-31 00:00:00+00:00,1.2465689
2010-04-30 00:00:00+00:00,1.0040019
2010-05-31 00:00:00+00:00,0.02184642
2010-06-30 00:00:00+00:00,0.010600912
2010-07-31 00:00:00+00:00,0.0093180975
2010-08-31 00:00:00+00:00,0.92059106
2010-09-30 00:00:00+00:00,0.00038562558
2010-10-31 00:00:00+00:00,0.38196954
2010-11-30 00:00:00+00:00,0.055752084
2010-12-31 00:00:00+00:00,0.5983023
2011-01-31 00:00:00+00:00,0.63175637
2011-02-28 00:00:00+00:00,0.9371142
2011-03-31 00:00:00+00:00,0.35333475
2011-04-30 00:00:00+00:00,0.3825021
2011-05-31 00:00:00+00:00,0.36706868
2011-06-30 00:00:00+00:00,0.06822554
2011-07-31 00:00:00+00:00,0.012383308
2011-08-31 00:00:00+00:00,1.0067456
2011-09-30 00:00:00+00:00,0.42967692
2011-10-31 00:00:00+00:00,0.16461341
2011-11-30 00:00:00+00:00,0.22128922
2011-12-31 00:00:00+00:00,0.03667671
2012-01-31 00:00:00+00:00,0.14718978
2012-02-29 00:00:00+00:00,0.52859825
2012-03-31 00:00:00+00:00,0.24200007
2012-04-30 00:00:00+00:00,0.09946561
2012-05-31 00:00:00+00:00,0.12795751
2012-06-30 00:00:00+00:00,0.0058709406
2012-07-31 00:00:00+00:00,0.113876626
2012-08-31 00:00:00+00:00,0.2019878
2012-09-30 00:00:00+00:00,0.9758834
2012-10-31 00:00:00+00:00,0.00081922265
2012-11-30 00:00:00+00:00,0.71056086
2012-12-31 00:00:00+00:00,0.048291057
2013-01-31 00:00:00+00:00,0.06065033
2013-02-28 00:00:00+00:00,0.6881572
2013-03-31 00:00:00+00:00,0.8680397
2013-04-30 00:00:00+00:00,0.014820421
2013-05-31 00:00:00+00:00,0.02773556
2013-06-30 00:00:00+00:00,0.06165985
2013-07-31 00:00:00+00:00,0.07548294
2013-08-31 00:00:00+00:00,0.14976026
2013-09-30 00:00:00+00:00,0.040310413
2013-10-31 00:00:00+00:00,0.1511547
2013-11-30 00:00:00+00:00,0.8055581
2013-12-31 00:00:00+00:00,0.24453565
2014-01-31 00:00:00+00:00,0.3944905
2014-02-28 00:00:00+00:00,0.32342273
2014-03-31 00:00:00+00:00,1.2986872
2014-04-30 00:00:00+00:00,0.15378106
2014-05-31 00:00:00+00:00,0.025297394
2014-06-30 00:00:00+00:00,0.0074553047
2014-07-31 00:00:00+00:00,0.15597963
2014-08-31 00:00:00+00:00,0.5451053
2014-09-30 00:00:00+00:00,0.049340673
2014-10-31 00:00:00+00:00,0.09381055
2014-11-30 00:00:00+00:00,0.72338647
2014-12-31 00:00:00+00:00,0.4225232
2015-01-31 00:00:00+00:00,2.3065073
2015-02-28 00:00:00+00:00,0.64590544
2015-03-31 00:00:00+00:00,1.4561769
2015-04-30 00:00:00+00:00,0.12932399
2015-05-31 00:00:00+00:00,1.6768788
2015-06-30 00:00:00+00:00,0.0011304993
2015-07-31 00:00:00+00:00,0.0
2015-08-31 00:00:00+00:00,0.021580754
2015-09-30 00:00:00+00:00,0.006560077
2015-10-31 00:00:00+00:00,0.3847423
2015-11-30 00:00:00+00:00,0.8591578
2015-12-31 00:00:00+00:00,1.2745599
2016-01-31 00:00:00+00:00,1.5006238
2016-02-29 00:00:00+00:00,0.51650774
2016-03-31 00:00:00+00:00,0.96612024
2016-04-30 00:00:00+00:00,0.48118478
2016-05-31 00:00:00+00:00,0.00014399839
2016-06-30 00:00:00+00:00,0.004042321
2016-07-31 00:00:00+00:00,0.06622204
2016-08-31 00:00:00+00:00,0.5595139
2016-09-30 00:00:00+00:00,0.06707617
2016-10-31 00:00:00+00:00,0.18937053
2016-11-30 00:00:00+00:00,0.18866317
2016-12-31 00:00:00+00:00,0.007463348
2017-01-31 00:00:00+00:00,0.0126825785
2017-02-28 00:00:00+00:00,0.24565865
2017-03-31 00:00:00+00:00,0.634345
2017-04-30 00:00:00+00:00,0.05338794
2017-05-31 00:00:00+00:00,0.018821966
2017-06-30 00:00:00+00:00,0.018530454
2017-07-31 00:00:00+00:00,0.5022033
2017-08-31 00:00:00+00:00,0.1871759
2017-09-30 00:00:00+00:00,2.280909
2017-10-31 00:00:00+00:00,0.002425489
2017-11-30 00:00:00+00:00,0.21782784
2017-12-31 00:00:00+00:00,0.13125001
2018-01-31 00:00:00+00:00,0.08570836
2018-02-28 00:00:00+00:00,0.057260703
2018-03-31 00:00:00+00:00,0.016939027
2018-04-30 00:00:00+00:00,0.44925037
2018-05-31 00:00:00+00:00,0.060318146
2018-06-30 00:00:00+00:00,0.002014455
2018-07-31 00:00:00+00:00,0.04672913
2018-08-31 00:00:00+00:00,0.19670948
2018-09-30 00:00:00+00:00,0.29709706
2018-10-31 00:00:00+00:00,0.018598825
2018-11-30 00:00:00+00:00,0.60551596
2018-12-31 00:00:00+00:00,0.0006628184
2019-01-31 00:00:00+00:00,0.045099817
2019-02-28 00:00:00+00:00,0.35958445
2019-03-31 00:00:00+00:00,0.42324278
2019-04-30 00:00:00+00:00,0.119197235
2019-05-31 00:00:00+00:00,0.12650815
2019-06-30 00:00:00+00:00,0.031833977
2019-07-31 00:00:00+00:00,0.10460301
2019-08-31 00:00:00+00:00,0.7574747
2019-09-30 00:00:00+00:00,0.062542975
2019-10-31 00:00:00+00:00,0.10977561
2019-11-30 00:00:00+00:00,0.5138771
2019-12-31 00:00:00+00:00,1.2483678
2020-01-31 00:00:00+00:00,0.6736153
2020-02-29 00:00:00+00:00,2.7385623
2020-03-31 00:00:00+00:00,0.8775549
2020-04-30 00:00:00+00:00,0.051181715
2020-05-31 00:00:00+00:00,0.02673857
2020-06-30 00:00:00+00:00,0.00038931714
2020-07-31 00:00:00+00:00,0.00036047693
2020-08-31 00:00:00+00:00,0.14879262
2020-09-30 00:00:00+00:00,0.10323594
2020-10-31 00:00:00+00:00,0.08484764
2020-11-30 00:00:00+00:00,0.013042294
2020-12-31 00:00:00+00:00,0.88424474
2021-01-31 00:00:00+00:00,1.682172
2021-02-28 00:00:00+00:00,0.6531055
2021-03-31 00:00:00+00:00,0.9569754
2021-04-30 00:00:00+00:00,0.14022206
2021-05-31 00:00:00+00:00,0.4001402
2021-06-30 00:00:00+00:00,0.00033468363
2021-07-31 00:00:00+00:00,0.00032119418
2021-08-31 00:00:00+00:00,0.01705853
2021-09-30 00:00:00+00:00,0.16767429
2021-10-31 00:00:00+00:00,0.21186042
2021-11-30 00:00:00+00:00,0.32825717
2021-12-31 00:00:00+00:00,0.03199279
2022-01-31 00:00:00+00:00,0.0012522744
2022-02-28 00:00:00+00:00,1.1686337
2022-03-31 00:00:00+00:00,0.55935794
2022-04-30 00:00:00+00:00,0.49266782
2022-05-31 00:00:00+00:00,0.15115613
2022-06-30 00:00:00+00:00,0.0008404966
2022-07-31 00:00:00+00:00,0.690638
2022-08-31 00:00:00+00:00,0.0059253396
2022-09-30 00:00:00+00:00,0.026418868
2022-10-31 00:00:00+00:00,0.0019982085
2022-11-30 00:00:00+00:00,0.017714437
2022-12-31 00:00:00+00:00,1.2796485
2023-01-31 00:00:00+00:00,0.6287527
2023-02-28 00:00:00+00:00,0.21449396
2023-03-31 00:00:00+00:00,0.12671077
2023-04-30 00:00:00+00:00,0.003487133
2023-05-31 00:00:00+00:00,0.036992323
2023-06-30 00:00:00+00:00,0.069047704
2023-07-31 00:00:00+00:00,0.1050565
2023-08-31 00:00:00+00:00,0.9005979
2023-09-30 00:00:00+00:00,0.15630499
2023-10-31 00:00:00+00:00,0.00732272
2023-11-30 00:00:00+00:00,0.0020473972
2023-12-31 00:00:00+00:00,0.32800606
2024-01-31 00:00:00+00:00,0.6658769
2024-02-29 00:00:00+00:00,0.28264958
2024-03-31 00:00:00+00:00,0.23312622
2024-04-30 00:00:00+00:00,0.03415004
2024-05-31 00:00:00+00:00,0.023383306
2024-06-30 00:00:00+00:00,0.0196214
2024-07-31 00:00:00+00:00,0.08422856
2024-08-31 00:00:00+00:00,0.040146966
2024-09-30 00:00:00+00:00,0.0011656764
2024-10-31 00:00:00+00:00,0.006612931
2024-11-30 00:00:00+00:00,0.05223852
2024-12-31 00:00:00+00:00,0.06463847
2025-01-31 00:00:00+00:00,2.709922
2025-02-28 00:00:00+00:00,1.7421976
2025-03-31 00:00:00+00:00,1.1316311
2025-04-30 00:00:00+00:00,0.17787461
2025-05-31 00:00:00+00:00,0.24369025
2025-06-30 00:00:00+00:00,0.046401225
2025-07-31 00:00:00+00:00,0.19802083
2025-08-31 00:00:00+00:00,0.047606636
2025-09-30 00:00:00+00:00,0.041075096
2025-10-31 00:00:00+00:00,0.07926166
2025-11-30 00:00:00+00:00,0.38590124
2025-12-31 00:00:00+00:00,0.86091995
2026-01-31 00:00:00+00:00,1.0210885
2026-02-28 00:00:00+00:00,0.7031108
2026-03-31 00:00:00+00:00,0.49091625
2026-04-30 00:00:00+00:00,0.80685157
2026-05-31 00:00:00+00:00,0.0070915446
2026-06-30 00:00:00+00:00,0.017185444
2026-07-31 00:00:00+00:00,0.3083805
2026-08-31 00:00:00+00:00,0.3675524
2026-09-30 00:00:00+00:00,0.0010617037
2026-10-31 00:00:00+00:00,0.061472137
2026-11-30 00:00:00+00:00,1.7070678
2026-12-31 00:00:00+00:00,1.5325345
2027-01-31 00:00:00+00:00,0.36008653
2027-02-28 00:00:00+00:00,2.4485836
2027-03-31 00:00:00+00:00,0.67186034
2027-04-30 00:00:00+00:00,0.16009253
2027-05-31 00:00:00+00:00,0.2108801
2027-06-30 00:00:00+00:00,0.10355529
2027-07-31 00:00:00+00:00,0.040934928
2027-08-31 00:00:00+00:00,0.41382986
2027-09-30 00:00:00+00:00,0.024297994
2027-10-31 00:00:00+00:00,0.16126013
2027-11-30 00:00:00+00:00,0.024427427
2027-12-31 00:00:00+00:00,0.8649925
2028-01-31 00:00:00+00:00,1.0319023
2028-02-29 00:00:00+00:00,0.037948366
2028-03-31 00:00:00+00:00,1.2737244
2028-04-30 00:00:00+00:00,0.4061184
2028-05-31 00:00:00+00:00,0.0018048922
2028-06-30 00:00:00+00:00,0.014641237
2028-07-31 00:00:00+00:00,0.09279277
2028-08-31 00:00:00+00:00,0.25478327
2028-09-30 00:00:00+00:00,0.37614495
2028-10-31 00:00:00+00:00,0.03752302
2028-11-30 00:00:00+00:00,0.4320245
2028-12-31 00:00:00+00:00,0.071778215
2029-01-31 00:00:00+00:00,0.021964854
2029-02-28 00:00:00+00:00,0.039529726
2029-03-31 00:00:00+00:00,0.48758274
2029-04-30 00:00:00+00:00,0.040722862
2029-05-31 00:00:00+00:00,0.11290811
2029-06-30 00:00:00+00:00,0.0117944125
2029-07-31 00:00:00+00:00,0.18233086
2029-08-31 00:00:00+00:00,0.24026944
2029-09-30 00:00:00+00:00,0.11852727
2029-10-31 00:00:00+00:00,0.4175005
2029-11-30 00:00:00+00:00,0.55638134
2029-12-31 00:00:00+00:00,0.4886938
2030-01-31 00:00:00+00:00,0.14407736
2030-02-28 00:00:00+00:00,0.042168815
2030-03-31 00:00:00+00:00,0.28043142
2030-04-30 00:00:00+00:00,0.13214086
2030-05-31 00:00:00+00:00,0.3217211
2030-06-30 00:00:00+00:00,0.009543872
2030-07-31 00:00:00+00:00,0.09249584
2030-08-31 00:00:00+00:00,0.27106193
2030-09-30 00:00:00+00:00,0.07404041
2030-10-31 00:00:00+00:00,0.08212995
2030-11-30 00:00:00+00:00,0.0031417657
2030-12-31 00:00:00+00:00,0.03793669
2031-01-31 00:00:00+00:00,0.06420515
2031-02-28 00:00:00+00:00,0.5977527
2031-03-31 00:00:00+00:00,0.1738041
2031-04-30 00:00:00+00:00,0.19563518
2031-05-31 00:00:00+00:00,0.0171601
2031-06-30 00:00:00+00:00,1.0148042e-05
2031-07-31 00:00:00+00:00,0.2879997
2031-08-31 00:00:00+00:00,0.005275441
2031-09-30 00:00:00+00:00,0.10903294
2031-10-31 00:00:00+00:00,0.007882476
2031-11-30 00:00:00+00:00,1.2166455
2031-12-31 00:00:00+00:00,1.7094858
2032-01-31 00:00:00+00:00,0.5338268
2032-02-29 00:00:00+00:00,2.8177705
2032-03-31 00:00:00+00:00,0.41528785
2032-04-30 00:00:00+00:00,0.08825035
2032-05-31 00:00:00+00:00,0.114539616
2032-06-30 00:00:00+00:00,0.018672388
2032-07-31 00:00:00+00:00,0.040886402
2032-08-31 00:00:00+00:00,0.16860673
2032-09-30 00:00:00+00:00,0.018018492
2032-10-31 00:00:00+00:00,0.038839173
2032-11-30 00:00:00+00:00,0.9649782
2032-12-31 00:00:00+00:00,1.4031137
2033-01-31 00:00:00+00:00,1.9331263
2033-02-28 00:00:00+00:00,0.29665473
2033-03-31 00:00:00+00:00,1.9750419
2033-04-30 00:00:00+00:00,1.6158265
2033-05-31 00:00:00+00:00,0.74854326
2033-06-30 00:00:00+00:00,0.021568824
2033-07-31 00:00:00+00:00,0.0092603285
2033-08-31 00:00:00+00:00,0.26272067
2033-09-30 00:00:00+00:00,0.9224642
2033-10-31 00:00:00+00:00,0.0014723208
2033-11-30 00:00:00+00:00,0.05636265
2033-12-31 00:00:00+00:00,0.039406434
2034-01-31 00:00:00+00:00,0.99630755
2034-02-28 00:00:00+00:00,0.06703421
2034-03-31 00:00:00+00:00,0.32184815
2034-04-30 00:00:00+00:00,0.012092377
2034-05-31 00:00:00+00:00,0.016499639
2034-06-30 00:00:00+00:00,0.007758369
2034-07-31 00:00:00+00:00,0.35714996
2034-08-31 00:00:00+00:00,0.36554557
2034-09-30 00:00:00+00:00,0.070100695
2034-10-31 00:00:00+00:00,0.003477174
2034-11-30 00:00:00+00:00,0.7355513
2034-12-31 00:00:00+00:00,0.084911786
2035-01-31 00:00:00+00:00,0.051972874
2035-02-28 00:00:00+00:00,0.022821147
2035-03-31 00:00:00+00:00,0.06612644
2035-04-30 00:00:00+00:00,0.21882717
2035-05-31 00:00:00+00:00,0.056806788
2035-06-30 00:00:00+00:00,0.059170227
2035-07-31 00:00:00+00:00,0.08507537
2035-08-31 00:00:00+00:00,0.22785378
2035-09-30 00:00:00+00:00,1.0485913
2035-10-31 00:00:00+00:00,0.13168064
2035-11-30 00:00:00+00:00,0.16072659
2035-12-31 00:00:00+00:00,0.87488824
2036-01-31 00:00:00+00:00,1.437121
2036-02-29 00:00:00+00:00,0.57004666
2036-03-31 00:00:00+00:00,0.03837616
2036-04-30 00:00:00+00:00,0.12591724
2036-05-31 00:00:00+00:00,0.015646275
2036-06-30 00:00:00+00:00,0.055532705
2036-07-31 00:00:00+00:00,0.28584608
2036-08-31 00:00:00+00:00,1.1295533
2036-09-30 00:00:00+00:00,0.2186139
2036-10-31 00:00:00+00:00,0.17033373
2036-11-30 00:00:00+00:00,0.48836735
2036-12-31 00:00:00+00:00,0.96824527
2037-01-31 00:00:00+00:00,0.35190833
2037-02-28 00:00:00+00:00,0.65681434
2037-03-31 00:00:00+00:00,0.6546408
2037-04-30 00:00:00+00:00,1.0818769
2037-05-31 00:00:00+00:00,0.08216711
2037-06-30 00:00:00+00:00,0.08817698
2037-07-31 00:00:00+00:00,0.325723
2037-08-31 00:00:00+00:00,0.8272819
2037-09-30 00:00:00+00:00,0.019583166
2037-10-31 00:00:00+00:00,0.32887906
2037-11-30 00:00:00+00:00,0.40925187
2037-12-31 00:00:00+00:00,0.014128592
2038-01-31 00:00:00+00:00,3.6027286
2038-02-28 00:00:00+00:00,4.2701883
2038-03-31 00:00:00+00:00,0.4805294
2038-04-30 00:00:00+00:00,0.20999356
2038-05-31 00:00:00+00:00,0.08762084
2038-06-30 00:00:00+00:00,0.00015736994
2038-07-31 00:00:00+00:00,0.31145322
2038-08-31 00:00:00+00:00,0.6269474
2038-09-30 00:00:00+00:00,0.13852495
2038-10-31 00:00:00+00:00,0.30406556
2038-11-30 00:00:00+00:00,0.024421604
2038-12-31 00:00:00+00:00,0.053547736
2039-01-31 00:00:00+00:00,1.5307953
2039-02-28 00:00:00+00:00,0.120919
2039-03-31 00:00:00+00:00,0.7227297
2039-04-30 00:00:00+00:00,0.012023923
2039-05-31 00:00:00+00:00,0.0020159022
2039-06-30 00:00:00+00:00,0.0013795367
2039-07-31 00:00:00+00:00,0.058281146
2039-08-31 00:00:00+00:00,0.32722226
2039-09-30 00:00:00+00:00,1.4152919
2039-10-31 00:00:00+00:00,0.014651992
2039-11-30 00:00:00+00:00,0.43317896
2039-12-31 00:00:00+00:00,0.0056519452
2040-01-31 00:00:00+00:00,0.36946836
2040-02-29 00:00:00+00:00,0.29313985
2040-03-31 00:00:00+00:00,0.41537717
2040-04-30 00:00:00+00:00,0.08875604
2040-05-31 00:00:00+00:00,0.010358334
2040-06-30 00:00:00+00:00,0.012518271
2040-07-31 00:00:00+00:00,0.39062586
2040-08-31 00:00:00+00:00,0.21158725
2040-09-30 00:00:00+00:00,0.38975152
2040-10-31 00:00:00+00:00,0.0063187447
2040-11-30 00:00:00+00:00,0.0042950623
2040-12-31 00:00:00+00:00,0.39107892
2041-01-31 00:00:00+00:00,0.018305428
2041-02-28 00:00:00+00:00,0.32115003
2041-03-31 00:00:00+00:00,0.216576
2041-04-30 00:00:00+00:00,0.013050398
2041-05-31 00:00:00+00:00,1.5597332e-05
2041-06-30 00:00:00+00:00,0.00018744032
2041-07-31 00:00:00+00:00,0.011365999
2041-08-31 00:00:00+00:00,0.14651713
2041-09-30 00:00:00+00:00,0.40400368
2041-10-31 00:00:00+00:00,0.093685575
2041-11-30 00:00:00+00:00,0.8605118
2041-12-31 00:00:00+00:00,0.47099003
2042-01-31 00:00:00+00:00,0.3202335
2042-02-28 00:00:00+00:00,0.9865574
2042-03-31 00:00:00+00:00,1.00486
2042-04-30 00:00:00+00:00,0.3795762
2042-05-31 00:00:00+00:00,0.0027235937
2042-06-30 00:00:00+00:00,0.009648733
2042-07-31 00:00:00+00:00,0.6894278
2042-08-31 00:00:00+00:00,1.4017347
2042-09-30 00:00:00+00:00,0.10467646
2042-10-31 00:00:00+00:00,0.13198905
2042-11-30 00:00:00+00:00,0.33558872
2042-12-31 00:00:00+00:00,2.7321498
2043-01-31 00:00:00+00:00,1.6105778
2043-02-28 00:00:00+00:00,3.086882
2043-03-31 00:00:00+00:00,0.8837765
2043-04-30 00:00:00+00:00,0.12310646
2043-05-31 00:00:00+00:00,0.07495445
2043-06-30 00:00:00+00:00,0.099819325
2043-07-31 00:00:00+00:00,0.8458609
2043-08-31 00:00:00+00:00,0.013426611
2043-09-30 00:00:00+00:00,0.0017669533
2043-10-31 00:00:00+00:00,0.05241606
2043-11-30 00:00:00+00:00,0.2021188
2043-12-31 00:00:00+00:00,0.21108344
2044-01-31 00:00:00+00:00,1.6022743
2044-02-29 00:00:00+00:00,1.4828722
2044-03-31 00:00:00+00:00,0.3108315
2044-04-30 00:00:00+00:00,0.1701884
2044-05-31 00:00:00+00:00,0.10037707
2044-06-30 00:00:00+00:00,0.026754286
2044-07-31 00:00:00+00:00,0.44406426
2044-08-31 00:00:00+00:00,0.6074429
2044-09-30 00:00:00+00:00,0.046875466
2044-10-31 00:00:00+00:00,0.038622152
2044-11-30 00:00:00+00:00,0.34594584
2044-12-31 00:00:00+00:00,0.00054452434
2045-01-31 00:00:00+00:00,0.3175308
2045-02-28 00:00:00+00:00,1.1149222
2045-03-31 00:00:00+00:00,0.14297467
2045-04-30 00:00:00+00:00,0.02835214
2045-05-31 00:00:00+00:00,0.00048654532
2045-06-30 00:00:00+00:00,0.012760268
2045-07-31 00:00:00+00:00,0.44618016
2045-08-31 00:00:00+00:00,0.4857427
2045-09-30 00:00:00+00:00,0.011753225
2045-10-31 00:00:00+00:00,0.106019
2045-11-30 00:00:00+00:00,0.52983284
2045-12-31 00:00:00+00:00,0.0023027996
2046-01-31 00:00:00+00:00,0.011272302
2046-02-28 00:00:00+00:00,0.40876898
2046-03-31 00:00:00+00:00,0.038950566
2046-04-30 00:00:00+00:00,0.85065746
2046-05-31 00:00:00+00:00,0.10250511
2046-06-30 00:00:00+00:00,0.050784912
2046-07-31 00:00:00+00:00,0.2633076
2046-08-31 00:00:00+00:00,0.24739696
2046-09-30 00:00:00+00:00,1.2871542
2046-10-31 00:00:00+00:00,0.25516197
2046-11-30 00:00:00+00:00,0.51161265
2046-12-31 00:00:00+00:00,0.23731083
2047-01-31 00:00:00+00:00,0.35304847
2047-02-28 00:00:00+00:00,0.0496849
2047-03-31 00:00:00+00:00,2.0654104
2047-04-30 00:00:00+00:00,0.07234511
2047-05-31 00:00:00+00:00,0.00012817734
2047-06-30 00:00:00+00:00,0.077703476
2047-07-31 00:00:00+00:00,0.37097466
2047-08-31 00:00:00+00:00,0.8354041
2047-09-30 00:00:00+00:00,0.7759557
2047-10-31 00:00:00+00:00,0.026337853
2047-11-30 00:00:00+00:00,0.7813228
2047-12-31 00:00:00+00:00,2.7965524
2048-01-31 00:00:00+00:00,1.6791124
2048-02-29 00:00:00+00:00,1.6425099
2048-03-31 00:00:00+00:00,3.080018
2048-04-30 00:00:00+00:00,0.0515761
2048-05-31 00:00:00+00:00,0.25457045
2048-06-30 00:00:00+00:00,0.00047098857
2048-07-31 00:00:00+00:00,0.110229686
2048-08-31 00:00:00+00:00,0.010590743
2048-09-30 00:00:00+00:00,0.1055558
2048-10-31 00:00:00+00:00,0.069157794
2048-11-30 00:00:00+00:00,0.007973066
2048-12-31 00:00:00+00:00,0.6509896
2049-01-31 00:00:00+00:00,0.2424235
2049-02-28 00:00:00+00:00,2.1193798
2049-03-31 00:00:00+00:00,0.22959353
2049-04-30 00:00:00+00:00,0.12095479
2049-05-31 00:00:00+00:00,0.010937369
2049-06-30 00:00:00+00:00,7.2230185e-05
2049-07-31 00:00:00+00:00,0.05514084
2049-08-31 00:00:00+00:00,0.14001814
2049-09-30 00:00:00+00:00,0.021817097
2049-10-31 00:00:00+00:00,0.03403498
2049-11-30 00:00:00+00:00,0.021469152
2049-12-31 00:00:00+00:00,0.028853014
2050-01-31 00:00:00+00:00,0.0020057098
2050-02-28 00:00:00+00:00,0.26143044
2050-03-31 00:00:00+00:00,0.23252669
2050-04-30 00:00:00+00:00,0.020841615
2050-05-31 00:00:00+00:00,0.07403442
2050-06-30 00:00:00+00:00,0.00014446037
2050-07-31 00:00:00+00:00,0.18352032
2050-08-31 00:00:00+00:00,0.5529029
2050-09-30 00:00:00+00:00,0.026055995
2050-10-31 00:00:00+00:00,0.104313485
2050-11-30 00:00:00+00:00,0.007462524
2050-12-31 00:00:00+00:00,0.84200335
2051-01-31 00:00:00+00:00,0.83534867
2051-02-28 00:00:00+00:00,0.057834897
2051-03-31 00:00:00+00:00,0.1267167
2051-04-30 00:00:00+00:00,0.042618968
2051-05-31 00:00:00+00:00,0.16377816
2051-06-30 00:00:00+00:00,0.08061294
2051-07-31 00:00:00+00:00,0.6782772
2051-08-31 00:00:00+00:00,0.51806253
2051-09-30 00:00:00+00:00,0.03131387
2051-10-31 00:00:00+00:00,0.0013467837
2051-11-30 00:00:00+00:00,0.00020220327
2051-12-31 00:00:00+00:00,0.12187829
2052-01-31 00:00:00+00:00,0.4208632
2052-02-29 00:00:00+00:00,0.41977236
2052-03-31 00:00:00+00:00,1.0569615
2052-04-30 00:00:00+00:00,0.22365111
2052-05-31 00:00:00+00:00,0.029901477
2052-06-30 00:00:00+00:00,0.022499999
2052-07-31 00:00:00+00:00,0.086751886
2052-08-31 00:00:00+00:00,0.13821691
2052-09-30 00:00:00+00:00,0.057846222
2052-10-31 00:00:00+00:00,0.061627895
2052-11-30 00:00:00+00:00,0.85452557
2052-12-31 00:00:00+00:00,0.025464853
2053-01-31 00:00:00+00:00,0.77246857
2053-02-28 00:00:00+00:00,1.2787186
2053-03-31 00:00:00+00:00,0.23684436
2053-04-30 00:00:00+00:00,0.3976167
2053-05-31 00:00:00+00:00,0.23465486
2053-06-30 00:00:00+00:00,0.002413857
2053-07-31 00:00:00+00:00,0.39283088
2053-08-31 00:00:00+00:00,0.2801859
2053-09-30 00:00:00+00:00,0.066931985
2053-10-31 00:00:00+00:00,0.09141894
2053-11-30 00:00:00+00:00,0.9379227
2053-12-31 00:00:00+00:00,0.015003556
2054-01-31 00:00:00+00:00,2.3578913
2054-02-28 00:00:00+00:00,3.3999758
2054-03-31 00:00:00+00:00,1.1148677
2054-04-30 00:00:00+00:00,0.036845237
2054-05-31 00:00:00+00:00,0.08267349
2054-06-30 00:00:00+00:00,0.0004457601
2054-07-31 00:00:00+00:00,0.5411296
2054-08-31 00:00:00+00:00,0.7692924
2054-09-30 00:00:00+00:00,0.036576863
2054-10-31 00:00:00+00:00,0.025721924
2054-11-30 00:00:00+00:00,1.1879025
2054-12-31 00:00:00+00:00,0.81348747
2055-01-31 00:00:00+00:00,3.4425066
2055-02-28 00:00:00+00:00,1.1763017
2055-03-31 00:00:00+00:00,0.1833395
2055-04-30 00:00:00+00:00,0.09893874
2055-05-31 00:00:00+00:00,0.35347164
2055-06-30 00:00:00+00:00,0.04250978
2055-07-31 00:00:00+00:00,0.20261809
2055-08-31 00:00:00+00:00,0.10286706
2055-09-30 00:00:00+00:00,1.8015616
2055-10-31 00:00:00+00:00,0.009024941
2055-11-30 00:00:00+00:00,0.0034288357
2055-12-31 00:00:00+00:00,0.159705
2056-01-31 00:00:00+00:00,0.028836133
2056-02-29 00:00:00+00:00,0.007244821
2056-03-31 00:00:00+00:00,0.5353191
2056-04-30 00:00:00+00:00,0.014793455
2056-05-31 00:00:00+00:00,0.0068342616
2056-06-30 00:00:00+00:00,0.21265003
2056-07-31 00:00:00+00:00,0.25096992
2056-08-31 00:00:00+00:00,0.41921502
2056-09-30 00:00:00+00:00,0.052290626
2056-10-31 00:00:00+00:00,0.041939832
2056-11-30 00:00:00+00:00,0.3394462
2056-12-31 00:00:00+00:00,0.013671927
2057-01-31 00:00:00+00:00,0.41590714
2057-02-28 00:00:00+00:00,0.5829838
2057-03-31 00:00:00+00:00,0.01734895
2057-04-30 00:00:00+00:00,0.14137135
2057-05-31 00:00:00+00:00,0.01278186
2057-06-30 00:00:00+00:00,0.027989494
2057-07-31 00:00:00+00:00,0.34552085
2057-08-31 00:00:00+00:00,0.05309929
2057-09-30 00:00:00+00:00,0.19488122
2057-10-31 00:00:00+00:00,0.017673686
2057-11-30 00:00:00+00:00,0.020958861
2057-12-31 00:00:00+00:00,0.02481291
2058-01-31 00:00:00+00:00,0.37272355
2058-02-28 00:00:00+00:00,0.021414408
2058-03-31 00:00:00+00:00,0.10481311
2058-04-30 00:00:00+00:00,0.032550707
2058-05-31 00:00:00+00:00,0.0027670322
2058-06-30 00:00:00+00:00,0.008231256
2058-07-31 00:00:00+00:00,0.16786614
2058-08-31 00:00:00+00:00,0.14176795
2058-09-30 00:00:00+00:00,0.051786914
2058-10-31 00:00:00+00:00,0.02275559
2058-11-30 00:00:00+00:00,0.1994246
2058-12-31 00:00:00+00:00,0.16686793
2059-01-31 00:00:00+00:00,0.02396999
2059-02-28 00:00:00+00:00,1.8216395
2059-03-31 00:00:00+00:00,0.11552195
2059-04-30 00:00:00+00:00,0.012669177
2059-05-31 00:00:00+00:00,1.3044999
2059-06-30 00:00:00+00:00,0.018927213
2059-07-31 00:00:00+00:00,0.5186402
2059-08-31 00:00:00+00:00,0.16837218
2059-09-30 00:00:00+00:00,0.105046555
2059-10-31 00:00:00+00:00,0.036983334
2059-11-30 00:00:00+00:00,0.00053027546
2059-12-31 00:00:00+00:00,0.77309805
2060-01-31 00:00:00+00:00,1.4678885
2060-02-29 00:00:00+00:00,0.32551065
2060-03-31 00:00:00+00:00,0.37161216
2060-04-30 00:00:00+00:00,0.29491737
2060-05-31 00:00:00+00:00,0.24463354
2060-06-30 00:00:00+00:00,0.102706745
2060-07-31 00:00:00+00:00,0.009713235
2060-08-31 00:00:00+00:00,0.022845225
2060-09-30 00:00:00+00:00,0.09973615
2060-10-31 00:00:00+00:00,0.10254519
2060-11-30 00:00:00+00:00,0.25829762
2060-12-31 00:00:00+00:00,0.2583158
2061-01-31 00:00:00+00:00,0.32236665
2061-02-28 00:00:00+00:00,0.3008553
2061-03-31 00:00:00+00:00,0.38680375
2061-04-30 00:00:00+00:00,0.5717109
2061-05-31 00:00:00+00:00,0.5356775
2061-06-30 00:00:00+00:00,0.01485348
2061-07-31 00:00:00+00:00,0.21329431
2061-08-31 00:00:00+00:00,0.13896039
2061-09-30 00:00:00+00:00,0.08157056
2061-10-31 00:00:00+00:00,0.0029368296
2061-11-30 00:00:00+00:00,0.034998715
2061-12-31 00:00:00+00:00,0.044627637
2062-01-31 00:00:00+00:00,0.502156
2062-02-28 00:00:00+00:00,0.23972437
2062-03-31 00:00:00+00:00,0.7967677
2062-04-30 00:00:00+00:00,0.37179604
2062-05-31 00:00:00+00:00,0.00041349314
2062-06-30 00:00:00+00:00,0.008594198
2062-07-31 00:00:00+00:00,0.098348394
2062-08-31 00:00:00+00:00,0.0041564605
2062-09-30 00:00:00+00:00,0.1323233
2062-10-31 00:00:00+00:00,0.124103
2062-11-30 00:00:00+00:00,0.0040624915
2062-12-31 00:00:00+00:00,0.07772759
2063-01-31 00:00:00+00:00,0.19622736
2063-02-28 00:00:00+00:00,0.07712181
2063-03-31 00:00:00+00:00,0.07354642
2063-04-30 00:00:00+00:00,0.086862326
2063-05-31 00:00:00+00:00,0.0022131912
2063-06-30 00:00:00+00:00,0.011793219
2063-07-31 00:00:00+00:00,0.015859827
2063-08-31 00:00:00+00:00,0.40182492
2063-09-30 00:00:00+00:00,0.05471824
2063-10-31 00:00:00+00:00,0.0083600255
2063-11-30 00:00:00+00:00,0.0074552083
2063-12-31 00:00:00+00:00,0.44904062
2064-01-31 00:00:00+00:00,1.325393
2064-02-29 00:00:00+00:00,0.013263621
2064-03-31 00:00:00+00:00,1.2328582
2064-04-30 00:00:00+00:00,0.27066526
2064-05-31 00:00:00+00:00,0.008102414
2064-06-30 00:00:00+00:00,0.0166281
2064-07-31 00:00:00+00:00,0.13280399
2064-08-31 00:00:00+00:00,0.1435351
2064-09-30 00:00:00+00:00,0.08776111
2064-10-31 00:00:00+00:00,0.08202103
2064-11-30 00:00:00+00:00,0.012765534
2064-12-31 00:00:00+00:00,0.1087144
2065-01-31 00:00:00+00:00,0.15643822
2065-02-28 00:00:00+00:00,1.2579111
2065-03-31 00:00:00+00:00,0.8552276
2065-04-30 00:00:00+00:00,0.3259637
2065-05-31 00:00:00+00:00,0.13835622
2065-06-30 00:00:00+00:00,0.03071693
2065-07-31 00:00:00+00:00,0.5334331
2065-08-31 00:00:00+00:00,0.07623394
2065-09-30 00:00:00+00:00,0.012417397
2065-10-31 00:00:00+00:00,0.31702834
2065-11-30 00:00:00+00:00,0.10958872
2065-12-31 00:00:00+00:00,9.6819924e-05
2066-01-31 00:00:00+00:00,1.3235276
2066-02-28 00:00:00+00:00,0.93836427
2066-03-31 00:00:00+00:00,2.0401485
2066-04-30 00:00:00+00:00,1.2593737
2066-05-31 00:00:00+00:00,0.045376576
2066-06-30 00:00:00+00:00,0.001155683
2066-07-31 00:00:00+00:00,0.26497194
2066-08-31 00:00:00+00:00,0.42443043
2066-09-30 00:00:00+00:00,0.026882762
2066-10-31 00:00:00+00:00,0.124698564
2066-11-30 00:00:00+00:00,0.018684877
2066-12-31 00:00:00+00:00,0.033198155
2067-01-31 00:00:00+00:00,0.61027515
2067-02-28 00:00:00+00:00,0.07432178
2067-03-31 00:00:00+00:00,0.14435208
2067-04-30 00:00:00+00:00,0.012013644
2067-05-31 00:00:00+00:00,0.047242336
2067-06-30 00:00:00+00:00,0.053781804
2067-07-31 00:00:00+00:00,0.8526793
2067-08-31 00:00:00+00:00,0.65727764
2067-09-30 00:00:00+00:00,1.1755091
2067-10-31 00:00:00+00:00,0.6092705
2067-11-30 00:00:00+00:00,1.1171126
2067-12-31 00:00:00+00:00,0.21749376
2068-01-31 00:00:00+00:00,0.12549421
2068-02-29 00:00:00+00:00,2.6944103
2068-03-31 00:00:00+00:00,0.4741927
2068-04-30 00:00:00+00:00,0.06465422
2068-05-31 00:00:00+00:00,0.031967178
2068-06-30 00:00:00+00:00,0.01861748
2068-07-31 00:00:00+00:00,0.016195467
2068-08-31 00:00:00+00:00,0.55913377
2068-09-30 00:00:00+00:00,0.13108942
2068-10-31 00:00:00+00:00,0.2201232
2068-11-30 00:00:00+00:00,0.12535241
2068-12-31 00:00:00+00:00,0.0041247527
2069-01-31 00:00:00+00:00,0.110068776
2069-02-28 00:00:00+00:00,0.33915418
2069-03-31 00:00:00+00:00,0.2857944
2069-04-30 00:00:00+00:00,0.2182298
2069-05-31 00:00:00+00:00,0.013673296
2069-06-30 00:00:00+00:00,0.045041785
2069-07-31 00:00:00+00:00,0.35907143
2069-08-31 00:00:00+00:00,0.066401705
2069-09-30 00:00:00+00:00,1.1694854
2069-10-31 00:00:00+00:00,0.1216122
2069-11-30 00:00:00+00:00,1.3218651
2069-12-31 00:00:00+00:00,0.14939304
2070-01-31 00:00:00+00:00,0.6895117
2070-02-28 00:00:00+00:00,0.25540975
2070-03-31 00:00:00+00:00,0.32977134
2070-04-30 00:00:00+00:00,0.6096858
2070-05-31 00:00:00+00:00,0.004115445
2070-06-30 00:00:00+00:00,0.13828221
2070-07-31 00:00:00+00:00,0.2431232
2070-08-31 00:00:00+00:00,0.12974223
2070-09-30 00:00:00+00:00,0.08984479
2070-10-31 00:00:00+00:00,0.092116535
2070-11-30 00:00:00+00:00,0.18384139
2070-12-31 00:00:00+00:00,1.1776505
2071-01-31 00:00:00+00:00,0.82882714
2071-02-28 00:00:00+00:00,1.3942989
2071-03-31 00:00:00+00:00,2.625566
2071-04-30 00:00:00+00:00,0.20166923
2071-05-31 00:00:00+00:00,0.0139242625
2071-06-30 00:00:00+00:00,0.00018505253
2071-07-31 00:00:00+00:00,0.024861934
2071-08-31 00:00:00+00:00,0.20698713
2071-09-30 00:00:00+00:00,0.0054291966
2071-10-31 00:00:00+00:00,0.038157716
2071-11-30 00:00:00+00:00,0.03147482
2071-12-31 00:00:00+00:00,0.1408153
2072-01-31 00:00:00+00:00,0.32085493
2072-02-29 00:00:00+00:00,0.9638712
2072-03-31 00:00:00+00:00,0.047315773
2072-04-30 00:00:00+00:00,0.008762211
2072-05-31 00:00:00+00:00,0.013619051
2072-06-30 00:00:00+00:00,0.0072600287
2072-07-31 00:00:00+00:00,0.19288059
2072-08-31 00:00:00+00:00,0.1680741
2072-09-30 00:00:00+00:00,0.4094142
2072-10-31 00:00:00+00:00,0.26271603
2072-11-30 00:00:00+00:00,0.055100963
2072-12-31 00:00:00+00:00,0.36187536
2073-01-31 00:00:00+00:00,0.23372799
2073-02-28 00:00:00+00:00,0.19104227
2073-03-31 00:00:00+00:00,1.8073559
2073-04-30 00:00:00+00:00,0.09466078
2073-05-31 00:00:00+00:00,0.003391119
2073-06-30 00:00:00+00:00,0.02013339
2073-07-31 00:00:00+00:00,0.5975639
2073-08-31 00:00:00+00:00,0.6948563
2073-09-30 00:00:00+00:00,0.014983882
2073-10-31 00:00:00+00:00,0.011779866
2073-11-30 00:00:00+00:00,1.7514489
2073-12-31 00:00:00+00:00,0.0017867563
2074-01-31 00:00:00+00:00,0.30751127
2074-02-28 00:00:00+00:00,2.6605015
2074-03-31 00:00:00+00:00,1.4947282
2074-04-30 00:00:00+00:00,0.67375535
2074-05-31 00:00:00+00:00,0.08175231
2074-06-30 00:00:00+00:00,0.00017430756
2074-07-31 00:00:00+00:00,0.23186351
2074-08-31 00:00:00+00:00,0.16299449
2074-09-30 00:00:00+00:00,0.7236127
2074-10-31 00:00:00+00:00,0.0030790647
2074-11-30 00:00:00+00:00,0.5054078
2074-12-31 00:00:00+00:00,0.32412133
2075-01-31 00:00:00+00:00,0.3203716
2075-02-28 00:00:00+00:00,0.028892336
2075-03-31 00:00:00+00:00,0.5133598
2075-04-30 00:00:00+00:00,0.012907332
2075-05-31 00:00:00+00:00,0.155703
2075-06-30 00:00:00+00:00,0.03376626
2075-07-31 00:00:00+00:00,0.0957592
2075-08-31 00:00:00+00:00,0.6679644
2075-09-30 00:00:00+00:00,0.6828583
2075-10-31 00:00:00+00:00,0.0015691558
2075-11-30 00:00:00+00:00,0.46762767
2075-12-31 00:00:00+00:00,0.00062999106
2076-01-31 00:00:00+00:00,0.7172939
2076-02-29 00:00:00+00:00,0.24495782
2076-03-31 00:00:00+00:00,0.20700416
2076-04-30 00:00:00+00:00,0.42547607
2076-05-31 00:00:00+00:00,0.14746444
2076-06-30 00:00:00+00:00,0.0006467497
2076-07-31 00:00:00+00:00,0.5057757
2076-08-31 00:00:00+00:00,0.62754583
2076-09-30 00:00:00+00:00,0.0046615326
2076-10-31 00:00:00+00:00,0.033048727
2076-11-30 00:00:00+00:00,0.1219567
2076-12-31 00:00:00+00:00,0.18410558
2077-01-31 00:00:00+00:00,0.045403745
2077-02-28 00:00:00+00:00,0.015989045
2077-03-31 00:00:00+00:00,0.39964265
2077-04-30 00:00:00+00:00,0.01924461
2077-05-31 00:00:00+00:00,0.050219942
2077-06-30 00:00:00+00:00,0.14399749
2077-07-31 00:00:00+00:00,0.31856224
2077-08-31 00:00:00+00:00,0.33205703
2077-09-30 00:00:00+00:00,0.4901952
2077-10-31 00:00:00+00:00,0.07889757
2077-11-30 00:00:00+00:00,0.9108458
2077-12-31 00:00:00+00:00,1.4518975
2078-01-31 00:00:00+00:00,0.6830212
2078-02-28 00:00:00+00:00,0.1618981
2078-03-31 00:00:00+00:00,0.15966515
2078-04-30 00:00:00+00:00,0.15108664
2078-05-31 00:00:00+00:00,0.0034139082
2078-06-30 00:00:00+00:00,0.011791243
2078-07-31 00:00:00+00:00,0.44774467
2078-08-31 00:00:00+00:00,0.004570085
2078-09-30 00:00:00+00:00,1.233756
2078-10-31 00:00:00+00:00,0.0002992421
2078-11-30 00:00:00+00:00,0.07276254
2078-12-31 00:00:00+00:00,0.006475453
2079-01-31 00:00:00+00:00,0.3230405
2079-02-28 00:00:00+00:00,0.10766252
2079-03-31 00:00:00+00:00,0.071646936
2079-04-30 00:00:00+00:00,0.46030948
2079-05-31 00:00:00+00:00,0.0049472237
2079-06-30 00:00:00+00:00,0.087308265
2079-07-31 00:00:00+00:00,0.11512212
2079-08-31 00:00:00+00:00,0.019572625
2079-09-30 00:00:00+00:00,0.048499882
2079-10-31 00:00:00+00:00,0.08141607
2079-11-30 00:00:00+00:00,0.5362251
2079-12-31 00:00:00+00:00,0.7189106
2080-01-31 00:00:00+00:00,0.15307955
2080-02-29 00:00:00+00:00,0.21774232
2080-03-31 00:00:00+00:00,1.062594
2080-04-30 00:00:00+00:00,0.64184606
2080-05-31 00:00:00+00:00,0.0029871583
2080-06-30 00:00:00+00:00,0.021501195
2080-07-31 00:00:00+00:00,0.030125244
2080-08-31 00:00:00+00:00,0.07856087
2080-09-30 00:00:00+00:00,0.21065366
2080-10-31 00:00:00+00:00,0.0018356794
2080-11-30 00:00:00+00:00,0.00455036
2080-12-31 00:00:00+00:00,0.1231512
2081-01-31 00:00:00+00:00,0.19817814
2081-02-28 00:00:00+00:00,0.13263589
2081-03-31 00:00:00+00:00,0.2574449
2081-04-30 00:00:00+00:00,0.022339208
2081-05-31 00:00:00+00:00,0.010229399
2081-06-30 00:00:00+00:00,0.04693669
2081-07-31 00:00:00+00:00,0.8768208
2081-08-31 00:00:00+00:00,0.72097814
2081-09-30 00:00:00+00:00,0.26622012
2081-10-31 00:00:00+00:00,0.001199279
2081-11-30 00:00:00+00:00,0.21507923
2081-12-31 00:00:00+00:00,0.1510309
2082-01-31 00:00:00+00:00,0.36414504
2082-02-28 00:00:00+00:00,0.027828157
2082-03-31 00:00:00+00:00,0.07109132
2082-04-30 00:00:00+00:00,0.048194695
2082-05-31 00:00:00+00:00,0.13050842
2082-06-30 00:00:00+00:00,0.0005282951
2082-07-31 00:00:00+00:00,0.06932768
2082-08-31 00:00:00+00:00,0.41891348
2082-09-30 00:00:00+00:00,0.52009374
2082-10-31 00:00:00+00:00,0.55427873
2082-11-30 00:00:00+00:00,0.15905538
2082-12-31 00:00:00+00:00,1.3328161
2083-01-31 00:00:00+00:00,0.23180456
2083-02-28 00:00:00+00:00,0.33109576
2083-03-31 00:00:00+00:00,0.17062432
2083-04-30 00:00:00+00:00,0.02995244
2083-05-31 00:00:00+00:00,0.036809918
2083-06-30 00:00:00+00:00,0.0031100765
2083-07-31 00:00:00+00:00,0.021124873
2083-08-31 00:00:00+00:00,0.631183
2083-09-30 00:00:00+00:00,0.0019256567
2083-10-31 00:00:00+00:00,7.5099364e-05
2083-11-30 00:00:00+00:00,0.26236355
2083-12-31 00:00:00+00:00,1.0530741
2084-01-31 00:00:00+00:00,1.8578972
2084-02-29 00:00:00+00:00,3.1766334
2084-03-31 00:00:00+00:00,0.47626275
2084-04-30 00:00:00+00:00,0.47182423
2084-05-31 00:00:00+00:00,0.1499953
2084-06-30 00:00:00+00:00,0.009892406
2084-07-31 00:00:00+00:00,0.012332469
2084-08-31 00:00:00+00:00,0.3471595
2084-09-30 00:00:00+00:00,0.0104404865
2084-10-31 00:00:00+00:00,0.00014731029
2084-11-30 00:00:00+00:00,1.7511107
2084-12-31 00:00:00+00:00,0.6801001
2085-01-31 00:00:00+00:00,0.74391246
2085-02-28 00:00:00+00:00,0.7524068
2085-03-31 00:00:00+00:00,0.15814625
2085-04-30 00:00:00+00:00,0.507092
2085-05-31 00:00:00+00:00,0.014513265
2085-06-30 00:00:00+00:00,0.01300024
2085-07-31 00:00:00+00:00,0.011920001
2085-08-31 00:00:00+00:00,0.043819323
2085-09-30 00:00:00+00:00,0.36698782
2085-10-31 00:00:00+00:00,0.27305976
2085-11-30 00:00:00+00:00,6.506686e-05
2085-12-31 00:00:00+00:00,0.016277306
2086-01-31 00:00:00+00:00,0.32267854
2086-02-28 00:00:00+00:00,0.04459722
2086-03-31 00:00:00+00:00,0.3822992
2086-04-30 00:00:00+00:00,0.33922848
2086-05-31 00:00:00+00:00,0.005084149
2086-06-30 00:00:00+00:00,0.04565007
2086-07-31 00:00:00+00:00,0.23213501
2086-08-31 00:00:00+00:00,1.5713601
2086-09-30 00:00:00+00:00,0.12346406
2086-10-31 00:00:00+00:00,0.05409221
2086-11-30 00:00:00+00:00,0.17742434
2086-12-31 00:00:00+00:00,0.09212857
2087-01-31 00:00:00+00:00,0.8714
2087-02-28 00:00:00+00:00,0.02668413
2087-03-31 00:00:00+00:00,1.3415517
2087-04-30 00:00:00+00:00,0.03626468
2087-05-31 00:00:00+00:00,0.0034263558
2087-06-30 00:00:00+00:00,0.02953602
2087-07-31 00:00:00+00:00,0.009521842
2087-08-31 00:00:00+00:00,0.083525516
2087-09-30 00:00:00+00:00,0.7299992
2087-10-31 00:00:00+00:00,0.23772931
2087-11-30 00:00:00+00:00,0.0028685315
2087-12-31 00:00:00+00:00,0.7501768
2088-01-31 00:00:00+00:00,0.11481756
2088-02-29 00:00:00+00:00,0.61972463
2088-03-31 00:00:00+00:00,0.046715997
2088-04-30 00:00:00+00:00,0.18177852
2088-05-31 00:00:00+00:00,0.038523432
2088-06-30 00:00:00+00:00,0.012966483
2088-07-31 00:00:00+00:00,0.2839888
2088-08-31 00:00:00+00:00,0.4330027
2088-09-30 00:00:00+00:00,0.15543099
2088-10-31 00:00:00+00:00,0.1754266
2088-11-30 00:00:00+00:00,0.20146446
2088-12-31 00:00:00+00:00,0.045212515
2089-01-31 00:00:00+00:00,5.073315
2089-02-28 00:00:00+00:00,4.063243
2089-03-31 00:00:00+00:00,0.7430177
2089-04-30 00:00:00+00:00,0.2852314
2089-05-31 00:00:00+00:00,0.051676005
2089-06-30 00:00:00+00:00,0.011713826
2089-07-31 00:00:00+00:00,0.42582786
2089-08-31 00:00:00+00:00,0.05878778
2089-09-30 00:00:00+00:00,0.2475185
2089-10-31 00:00:00+00:00,0.0055128974
2089-11-30 00:00:00+00:00,0.06234333
2089-12-31 00:00:00+00:00,0.6051254
2090-01-31 00:00:00+00:00,0.080538236
2090-02-28 00:00:00+00:00,0.22726943
2090-03-31 00:00:00+00:00,0.089165345
2090-04-30 00:00:00+00:00,0.42631474
2090-05-31 00:00:00+00:00,0.07583386
2090-06-30 00:00:00+00:00,0.0035846469
2090-07-31 00:00:00+00:00,0.031095179
2090-08-31 00:00:00+00:00,1.3173571
2090-09-30 00:00:00+00:00,0.00022862942
2090-10-31 00:00:00+00:00,0.009376084
2090-11-30 00:00:00+00:00,0.050200853
2090-12-31 00:00:00+00:00,0.18079628
2091-01-31 00:00:00+00:00,0.95757043
2091-02-28 00:00:00+00:00,0.045283698
2091-03-31 00:00:00+00:00,0.45437947
2091-04-30 00:00:00+00:00,0.0533733
2091-05-31 00:00:00+00:00,3.314234e-05
2091-06-30 00:00:00+00:00,0.010884074
2091-07-31 00:00:00+00:00,0.09337623
2091-08-31 00:00:00+00:00,0.38398826
2091-09-30 00:00:00+00:00,0.17688933
2091-10-31 00:00:00+00:00,0.0015731985
2091-11-30 00:00:00+00:00,0.1376931
2091-12-31 00:00:00+00:00,0.35507944
2092-01-31 00:00:00+00:00,1.301998
2092-02-29 00:00:00+00:00,0.030604364
2092-03-31 00:00:00+00:00,1.2685932
2092-04-30 00:00:00+00:00,0.13736871
2092-05-31 00:00:00+00:00,0.016468687
2092-06-30 00:00:00+00:00,0.0133966105
2092-07-31 00:00:00+00:00,0.018451335
2092-08-31 00:00:00+00:00,0.33837923
2092-09-30 00:00:00+00:00,0.13127688
2092-10-31 00:00:00+00:00,0.08229233
2092-11-30 00:00:00+00:00,0.4703948
2092-12-31 00:00:00+00:00,0.28312358
2093-01-31 00:00:00+00:00,0.65482956
2093-02-28 00:00:00+00:00,0.04698065
2093-03-31 00:00:00+00:00,0.1759599
2093-04-30 00:00:00+00:00,0.10589799
2093-05-31 00:00:00+00:00,0.39553788
2093-06-30 00:00:00+00:00,0.13128045
2093-07-31 00:00:00+00:00,0.040873695
2093-08-31 00:00:00+00:00,0.046008177
2093-09-30 00:00:00+00:00,0.0048931474
2093-10-31 00:00:00+00:00,0.011591298
2093-11-30 00:00:00+00:00,0.001976974
2093-12-31 00:00:00+00:00,0.08941046
2094-01-31 00:00:00+00:00,0.79806197
2094-02-28 00:00:00+00:00,0.38345984
2094-03-31 00:00:00+00:00,0.44895092
2094-04-30 00:00:00+00:00,0.09547689
2094-05-31 00:00:00+00:00,0.06697455
2094-06-30 00:00:00+00:00,0.0064828084
2094-07-31 00:00:00+00:00,0.28826946
2094-08-31 00:00:00+00:00,1.1342338
2094-09-30 00:00:00+00:00,0.58058095
2094-10-31 00:00:00+00:00,0.056152787
2094-11-30 00:00:00+00:00,0.24106425
2094-12-31 00:00:00+00:00,2.2118013e-06
2095-01-31 00:00:00+00:00,0.30276182
2095-02-28 00:00:00+00:00,1.6462976
2095-03-31 00:00:00+00:00,0.103438236
2095-04-30 00:00:00+00:00,0.022489162
2095-05-31 00:00:00+00:00,0.09114951
2095-06-30 00:00:00+00:00,0.1264983
2095-07-31 00:00:00+00:00,0.24400418
2095-08-31 00:00:00+00:00,0.05021952
2095-09-30 00:00:00+00:00,0.020492934
2095-10-31 00:00:00+00:00,0.03629338
2095-11-30 00:00:00+00:00,0.047960714
2095-12-31 00:00:00+00:00,0.010408855
2096-01-31 00:00:00+00:00,2.3938599
2096-02-29 00:00:00+00:00,1.5967314
2096-03-31 00:00:00+00:00,0.67304116
2096-04-30 00:00:00+00:00,0.18256035
2096-05-31 00:00:00+00:00,0.2061696
2096-06-30 00:00:00+00:00,0.0014631089
2096-07-31 00:00:00+00:00,0.16189054
2096-08-31 00:00:00+00:00,0.055970978
2096-09-30 00:00:00+00:00,0.03420487
2096-10-31 00:00:00+00:00,1.3047608
2096-11-30 00:00:00+00:00,0.124224216
2096-12-31 00:00:00+00:00,0.16407092
2097-01-31 00:00:00+00:00,0.2901234
2097-02-28 00:00:00+00:00,2.0052514
2097-03-31 00:00:00+00:00,1.0263582
2097-04-30 00:00:00+00:00,0.185928
2097-05-31 00:00:00+00:00,0.021276709
2097-06-30 00:00:00+00:00,0.021565782
2097-07-31 00:00:00+00:00,0.30938685
2097-08-31 00:00:00+00:00,0.17858745
2097-09-30 00:00:00+00:00,0.07688037
2097-10-31 00:00:00+00:00,0.1385262
2097-11-30 00:00:00+00:00,0.018557372
2097-12-31 00:00:00+00:00,0.14038724
2098-01-31 00:00:00+00:00,2.1145504
2098-02-28 00:00:00+00:00,2.239168
2098-03-31 00:00:00+00:00,0.03550325
2098-04-30 00:00:00+00:00,0.23876734
2098-05-31 00:00:00+00:00,0.07603294
2098-06-30 00:00:00+00:00,0.0064243074
2098-07-31 00:00:00+00:00,0.11541905
2098-08-31 00:00:00+00:00,0.4009116
2098-09-30 00:00:00+00:00,0.0322429
2098-10-31 00:00:00+00:00,0.0028196923
2098-11-30 00:00:00+00:00,0.114194326
2098-12-31 00:00:00+00:00,0.9474718
2099-01-31 00:00:00+00:00,1.6048259
2099-02-28 00:00:00+00:00,0.23232654
2099-03-31 00:00:00+00:00,2.0303164
2099-04-30 00:00:00+00:00,0.23692243
2099-05-31 00:00:00+00:00,0.19639784
2099-06-30 00:00:00+00:00,0.0008822826
2099-07-31 00:00:00+00:00,0.08730474
2099-08-31 00:00:00+00:00,0.40101606
2099-09-30 00:00:00+00:00,0.108340494
2099-10-31 00:00:00+00:00,0.79424316
2099-11-30 00:00:00+00:00,0.21843952
2099-12-31 00:00:00+00:00,0.31778115
