time,tair_month_HadGEM2-ES_rcp45
2006-01-31 00:00:00+00:00,7.756589
2006-02-28 00:00:00+00:00,11.386886
2006-03-31 00:00:00+00:00,15.856467
2006-04-30 00:00:00+00:00,18.332266
2006-05-31 00:00:00+00:00,20.732126
2006-06-30 00:00:00+00:00,27.744453
2006-07-31 00:00:00+00:00,30.552008
2006-08-31 00:00:00+00:00,30.677986
2006-09-30 00:00:00+00:00,26.758854
2006-10-31 00:00:00+00:00,19.027111
2006-11-30 00:00:00+00:00,16.393475
2006-12-31 00:00:00+00:00,8.932255
2007-01-31 00:00:00+00:00,8.776518
2007-02-28 00:00:00+00:00,9.898513
2007-03-31 00:00:00+00:00,12.94339
2007-04-30 00:00:00+00:00,13.438276
2007-05-31 00:00:00+00:00,23.56405
2007-06-30 00:00:00+00:00,29.08831
2007-07-31 00:00:00+00:00,31.472794
2007-08-31 00:00:00+00:00,30.656364
2007-09-30 00:00:00+00:00,25.975567
2007-10-31 00:00:00+00:00,18.490526
2007-11-30 00:00:00+00:00,11.50896
2007-12-31 00:00:00+00:00,7.506103
2008-01-31 00:00:00+00:00,7.242351
2008-02-29 00:00:00+00:00,13.898563
2008-03-31 00:00:00+00:00,12.324761
2008-04-30 00:00:00+00:00,16.306707
2008-05-31 00:00:00+00:00,23.036926
2008-06-30 00:00:00+00:00,28.476276
2008-07-31 00:00:00+00:00,29.967077
2008-08-31 00:00:00+00:00,30.26783
2008-09-30 00:00:00+00:00,25.237335
2008-10-31 00:00:00+00:00,21.439272
2008-11-30 00:00:00+00:00,13.225015
2008-12-31 00:00:00+00:00,12.089908
2009-01-31 00:00:00+00:00,10.65248
2009-02-28 00:00:00+00:00,9.926287
2009-03-31 00:00:00+00:00,12.4843025
2009-04-30 00:00:00+00:00,15.685265
2009-05-31 00:00:00+00:00,24.858727
2009-06-30 00:00:00+00:00,26.047955
2009-07-31 00:00:00+00:00,30.447899
2009-08-31 00:00:00+00:00,30.131094
2009-09-30 00:00:00+00:00,26.09151
2009-10-31 00:00:00+00:00,22.964058
2009-11-30 00:00:00+00:00,13.582669
2009-12-31 00:00:00+00:00,4.805796
2010-01-31 00:00:00+00:00,8.118421
2010-02-28 00:00:00+00:00,10.052218
2010-03-31 00:00:00+00:00,14.553872
2010-04-30 00:00:00+00:00,19.962069
2010-05-31 00:00:00+00:00,22.513826
2010-06-30 00:00:00+00:00,27.760012
2010-07-31 00:00:00+00:00,30.03318
2010-08-31 00:00:00+00:00,31.020992
2010-09-30 00:00:00+00:00,28.619017
2010-10-31 00:00:00+00:00,17.90969
2010-11-30 00:00:00+00:00,15.186375
2010-12-31 00:00:00+00:00,9.858549
2011-01-31 00:00:00+00:00,9.000399
2011-02-28 00:00:00+00:00,7.933842
2011-03-31 00:00:00+00:00,13.260899
2011-04-30 00:00:00+00:00,17.832848
2011-05-31 00:00:00+00:00,23.086197
2011-06-30 00:00:00+00:00,25.440891
2011-07-31 00:00:00+00:00,30.636576
2011-08-31 00:00:00+00:00,28.372902
2011-09-30 00:00:00+00:00,25.241991
2011-10-31 00:00:00+00:00,21.4025
2011-11-30 00:00:00+00:00,11.735466
2011-12-31 00:00:00+00:00,8.362762
2012-01-31 00:00:00+00:00,10.52556
2012-02-29 00:00:00+00:00,11.84497
2012-03-31 00:00:00+00:00,18.60899
2012-04-30 00:00:00+00:00,17.049335
2012-05-31 00:00:00+00:00,22.250181
2012-06-30 00:00:00+00:00,26.315165
2012-07-31 00:00:00+00:00,30.708836
2012-08-31 00:00:00+00:00,30.801876
2012-09-30 00:00:00+00:00,28.2478
2012-10-31 00:00:00+00:00,19.740856
2012-11-30 00:00:00+00:00,12.8755455
2012-12-31 00:00:00+00:00,9.488283
2013-01-31 00:00:00+00:00,5.412872
2013-02-28 00:00:00+00:00,9.956549
2013-03-31 00:00:00+00:00,13.163418
2013-04-30 00:00:00+00:00,16.360287
2013-05-31 00:00:00+00:00,23.74431
2013-06-30 00:00:00+00:00,28.674152
2013-07-31 00:00:00+00:00,31.551765
2013-08-31 00:00:00+00:00,28.512413
2013-09-30 00:00:00+00:00,26.733559
2013-10-31 00:00:00+00:00,20.279194
2013-11-30 00:00:00+00:00,13.69817
2013-12-31 00:00:00+00:00,10.314998
2014-01-31 00:00:00+00:00,11.414764
2014-02-28 00:00:00+00:00,7.9814134
2014-03-31 00:00:00+00:00,14.059258
2014-04-30 00:00:00+00:00,17.708649
2014-05-31 00:00:00+00:00,23.475468
2014-06-30 00:00:00+00:00,28.590197
2014-07-31 00:00:00+00:00,30.230766
2014-08-31 00:00:00+00:00,30.039331
2014-09-30 00:00:00+00:00,26.686956
2014-10-31 00:00:00+00:00,19.711945
2014-11-30 00:00:00+00:00,14.816367
2014-12-31 00:00:00+00:00,8.276107
2015-01-31 00:00:00+00:00,10.880614
2015-02-28 00:00:00+00:00,9.922641
2015-03-31 00:00:00+00:00,14.692577
2015-04-30 00:00:00+00:00,17.962038
2015-05-31 00:00:00+00:00,21.906874
2015-06-30 00:00:00+00:00,25.99329
2015-07-31 00:00:00+00:00,30.300379
2015-08-31 00:00:00+00:00,29.605038
2015-09-30 00:00:00+00:00,25.636768
2015-10-31 00:00:00+00:00,18.414444
2015-11-30 00:00:00+00:00,14.872133
2015-12-31 00:00:00+00:00,9.78844
2016-01-31 00:00:00+00:00,8.857269
2016-02-29 00:00:00+00:00,9.260308
2016-03-31 00:00:00+00:00,13.081208
2016-04-30 00:00:00+00:00,18.338015
2016-05-31 00:00:00+00:00,21.94091
2016-06-30 00:00:00+00:00,26.380003
2016-07-31 00:00:00+00:00,30.945036
2016-08-31 00:00:00+00:00,32.437412
2016-09-30 00:00:00+00:00,26.018871
2016-10-31 00:00:00+00:00,21.644787
2016-11-30 00:00:00+00:00,15.846954
2016-12-31 00:00:00+00:00,10.111888
2017-01-31 00:00:00+00:00,9.244265
2017-02-28 00:00:00+00:00,11.648176
2017-03-31 00:00:00+00:00,12.966976
2017-04-30 00:00:00+00:00,17.574997
2017-05-31 00:00:00+00:00,20.87933
2017-06-30 00:00:00+00:00,28.603308
2017-07-31 00:00:00+00:00,29.08164
2017-08-31 00:00:00+00:00,30.92634
2017-09-30 00:00:00+00:00,28.443342
2017-10-31 00:00:00+00:00,19.237495
2017-11-30 00:00:00+00:00,12.387426
2017-12-31 00:00:00+00:00,10.807246
2018-01-31 00:00:00+00:00,7.117655
2018-02-28 00:00:00+00:00,11.150974
2018-03-31 00:00:00+00:00,13.841543
2018-04-30 00:00:00+00:00,17.164154
2018-05-31 00:00:00+00:00,25.220118
2018-06-30 00:00:00+00:00,26.88333
2018-07-31 00:00:00+00:00,31.597416
2018-08-31 00:00:00+00:00,29.389132
2018-09-30 00:00:00+00:00,24.553772
2018-10-31 00:00:00+00:00,21.617891
2018-11-30 00:00:00+00:00,13.240477
2018-12-31 00:00:00+00:00,8.561039
2019-01-31 00:00:00+00:00,10.145101
2019-02-28 00:00:00+00:00,11.650498
2019-03-31 00:00:00+00:00,12.66986
2019-04-30 00:00:00+00:00,16.848934
2019-05-31 00:00:00+00:00,24.376247
2019-06-30 00:00:00+00:00,27.169127
2019-07-31 00:00:00+00:00,30.68445
2019-08-31 00:00:00+00:00,30.17468
2019-09-30 00:00:00+00:00,26.426954
2019-10-31 00:00:00+00:00,24.27956
2019-11-30 00:00:00+00:00,12.629724
2019-12-31 00:00:00+00:00,8.426515
2020-01-31 00:00:00+00:00,9.935952
2020-02-29 00:00:00+00:00,14.492238
2020-03-31 00:00:00+00:00,11.521682
2020-04-30 00:00:00+00:00,19.629288
2020-05-31 00:00:00+00:00,21.093071
2020-06-30 00:00:00+00:00,28.810265
2020-07-31 00:00:00+00:00,29.881363
2020-08-31 00:00:00+00:00,29.562525
2020-09-30 00:00:00+00:00,27.091585
2020-10-31 00:00:00+00:00,22.559963
2020-11-30 00:00:00+00:00,12.47789
2020-12-31 00:00:00+00:00,9.334194
2021-01-31 00:00:00+00:00,7.9437776
2021-02-28 00:00:00+00:00,15.360045
2021-03-31 00:00:00+00:00,15.866508
2021-04-30 00:00:00+00:00,21.42895
2021-05-31 00:00:00+00:00,23.271399
2021-06-30 00:00:00+00:00,27.71525
2021-07-31 00:00:00+00:00,30.21509
2021-08-31 00:00:00+00:00,29.594093
2021-09-30 00:00:00+00:00,24.451527
2021-10-31 00:00:00+00:00,19.892513
2021-11-30 00:00:00+00:00,12.830912
2021-12-31 00:00:00+00:00,10.490144
2022-01-31 00:00:00+00:00,11.365595
2022-02-28 00:00:00+00:00,11.7339945
2022-03-31 00:00:00+00:00,10.85508
2022-04-30 00:00:00+00:00,20.678469
2022-05-31 00:00:00+00:00,21.713497
2022-06-30 00:00:00+00:00,27.613354
2022-07-31 00:00:00+00:00,30.667452
2022-08-31 00:00:00+00:00,30.781977
2022-09-30 00:00:00+00:00,27.379642
2022-10-31 00:00:00+00:00,22.888916
2022-11-30 00:00:00+00:00,13.912258
2022-12-31 00:00:00+00:00,10.214625
2023-01-31 00:00:00+00:00,11.500067
2023-02-28 00:00:00+00:00,11.870434
2023-03-31 00:00:00+00:00,14.800251
2023-04-30 00:00:00+00:00,16.814829
2023-05-31 00:00:00+00:00,19.998827
2023-06-30 00:00:00+00:00,28.77923
2023-07-31 00:00:00+00:00,32.586708
2023-08-31 00:00:00+00:00,29.748716
2023-09-30 00:00:00+00:00,26.61425
2023-10-31 00:00:00+00:00,18.204647
2023-11-30 00:00:00+00:00,12.342323
2023-12-31 00:00:00+00:00,9.643921
2024-01-31 00:00:00+00:00,8.325058
2024-02-29 00:00:00+00:00,11.463095
2024-03-31 00:00:00+00:00,14.828494
2024-04-30 00:00:00+00:00,18.556108
2024-05-31 00:00:00+00:00,23.862593
2024-06-30 00:00:00+00:00,28.514553
2024-07-31 00:00:00+00:00,30.510809
2024-08-31 00:00:00+00:00,30.472757
2024-09-30 00:00:00+00:00,24.131985
2024-10-31 00:00:00+00:00,24.073172
2024-11-30 00:00:00+00:00,12.115929
2024-12-31 00:00:00+00:00,10.562625
2025-01-31 00:00:00+00:00,10.844298
2025-02-28 00:00:00+00:00,9.943104
2025-03-31 00:00:00+00:00,13.433353
2025-04-30 00:00:00+00:00,19.796211
2025-05-31 00:00:00+00:00,21.039589
2025-06-30 00:00:00+00:00,30.514215
2025-07-31 00:00:00+00:00,31.207449
2025-08-31 00:00:00+00:00,29.58542
2025-09-30 00:00:00+00:00,27.687948
2025-10-31 00:00:00+00:00,23.888767
2025-11-30 00:00:00+00:00,15.320241
2025-12-31 00:00:00+00:00,8.39761
2026-01-31 00:00:00+00:00,7.653735
2026-02-28 00:00:00+00:00,9.921891
2026-03-31 00:00:00+00:00,15.784179
2026-04-30 00:00:00+00:00,21.535685
2026-05-31 00:00:00+00:00,26.191664
2026-06-30 00:00:00+00:00,29.821745
2026-07-31 00:00:00+00:00,29.582853
2026-08-31 00:00:00+00:00,30.61877
2026-09-30 00:00:00+00:00,26.912695
2026-10-31 00:00:00+00:00,19.631733
2026-11-30 00:00:00+00:00,13.7952385
2026-12-31 00:00:00+00:00,11.918146
2027-01-31 00:00:00+00:00,7.674399
2027-02-28 00:00:00+00:00,11.865555
2027-03-31 00:00:00+00:00,13.5152
2027-04-30 00:00:00+00:00,20.462883
2027-05-31 00:00:00+00:00,23.708984
2027-06-30 00:00:00+00:00,29.497297
2027-07-31 00:00:00+00:00,30.5977
2027-08-31 00:00:00+00:00,29.712633
2027-09-30 00:00:00+00:00,26.307348
2027-10-31 00:00:00+00:00,20.703297
2027-11-30 00:00:00+00:00,12.332773
2027-12-31 00:00:00+00:00,11.788811
2028-01-31 00:00:00+00:00,5.8173904
2028-02-29 00:00:00+00:00,10.241922
2028-03-31 00:00:00+00:00,13.49743
2028-04-30 00:00:00+00:00,18.987608
2028-05-31 00:00:00+00:00,22.400572
2028-06-30 00:00:00+00:00,29.437433
2028-07-31 00:00:00+00:00,29.481606
2028-08-31 00:00:00+00:00,31.894245
2028-09-30 00:00:00+00:00,27.35233
2028-10-31 00:00:00+00:00,21.492804
2028-11-30 00:00:00+00:00,11.504128
2028-12-31 00:00:00+00:00,10.888923
2029-01-31 00:00:00+00:00,10.990619
2029-02-28 00:00:00+00:00,12.563779
2029-03-31 00:00:00+00:00,11.509644
2029-04-30 00:00:00+00:00,16.33313
2029-05-31 00:00:00+00:00,23.968689
2029-06-30 00:00:00+00:00,28.668467
2029-07-31 00:00:00+00:00,31.49662
2029-08-31 00:00:00+00:00,28.921019
2029-09-30 00:00:00+00:00,27.333282
2029-10-31 00:00:00+00:00,20.765146
2029-11-30 00:00:00+00:00,15.732578
2029-12-31 00:00:00+00:00,4.522551
2030-01-31 00:00:00+00:00,7.4753003
2030-02-28 00:00:00+00:00,11.468885
2030-03-31 00:00:00+00:00,13.713676
2030-04-30 00:00:00+00:00,17.763905
2030-05-31 00:00:00+00:00,23.18022
2030-06-30 00:00:00+00:00,29.637774
2030-07-31 00:00:00+00:00,31.299498
2030-08-31 00:00:00+00:00,30.846087
2030-09-30 00:00:00+00:00,28.738605
2030-10-31 00:00:00+00:00,21.140617
2030-11-30 00:00:00+00:00,13.450903
2030-12-31 00:00:00+00:00,10.170544
2031-01-31 00:00:00+00:00,10.940359
2031-02-28 00:00:00+00:00,12.1762705
2031-03-31 00:00:00+00:00,12.501975
2031-04-30 00:00:00+00:00,19.456692
2031-05-31 00:00:00+00:00,23.376421
2031-06-30 00:00:00+00:00,28.056759
2031-07-31 00:00:00+00:00,32.24879
2031-08-31 00:00:00+00:00,31.363604
2031-09-30 00:00:00+00:00,25.490374
2031-10-31 00:00:00+00:00,22.44043
2031-11-30 00:00:00+00:00,14.1566
2031-12-31 00:00:00+00:00,9.9778185
2032-01-31 00:00:00+00:00,9.706664
2032-02-29 00:00:00+00:00,9.8810425
2032-03-31 00:00:00+00:00,15.152635
2032-04-30 00:00:00+00:00,16.971136
2032-05-31 00:00:00+00:00,23.74652
2032-06-30 00:00:00+00:00,29.5746
2032-07-31 00:00:00+00:00,30.645494
2032-08-31 00:00:00+00:00,31.232672
2032-09-30 00:00:00+00:00,25.770458
2032-10-31 00:00:00+00:00,21.732183
2032-11-30 00:00:00+00:00,14.457857
2032-12-31 00:00:00+00:00,9.129467
2033-01-31 00:00:00+00:00,11.882702
2033-02-28 00:00:00+00:00,9.330116
2033-03-31 00:00:00+00:00,11.587835
2033-04-30 00:00:00+00:00,15.910184
2033-05-31 00:00:00+00:00,22.869024
2033-06-30 00:00:00+00:00,27.906599
2033-07-31 00:00:00+00:00,31.398205
2033-08-31 00:00:00+00:00,30.135202
2033-09-30 00:00:00+00:00,27.198492
2033-10-31 00:00:00+00:00,19.590673
2033-11-30 00:00:00+00:00,12.636131
2033-12-31 00:00:00+00:00,11.881787
2034-01-31 00:00:00+00:00,10.390383
2034-02-28 00:00:00+00:00,15.622834
2034-03-31 00:00:00+00:00,14.765112
2034-04-30 00:00:00+00:00,17.818378
2034-05-31 00:00:00+00:00,23.828827
2034-06-30 00:00:00+00:00,28.554304
2034-07-31 00:00:00+00:00,30.763039
2034-08-31 00:00:00+00:00,31.186325
2034-09-30 00:00:00+00:00,28.358723
2034-10-31 00:00:00+00:00,23.219767
2034-11-30 00:00:00+00:00,13.694858
2034-12-31 00:00:00+00:00,9.593639
2035-01-31 00:00:00+00:00,9.191323
2035-02-28 00:00:00+00:00,10.133784
2035-03-31 00:00:00+00:00,11.037232
2035-04-30 00:00:00+00:00,14.647612
2035-05-31 00:00:00+00:00,21.60825
2035-06-30 00:00:00+00:00,27.686445
2035-07-31 00:00:00+00:00,30.466433
2035-08-31 00:00:00+00:00,30.573833
2035-09-30 00:00:00+00:00,28.019608
2035-10-31 00:00:00+00:00,21.80304
2035-11-30 00:00:00+00:00,13.993557
2035-12-31 00:00:00+00:00,14.090857
2036-01-31 00:00:00+00:00,11.100606
2036-02-29 00:00:00+00:00,12.299533
2036-03-31 00:00:00+00:00,15.764525
2036-04-30 00:00:00+00:00,17.742386
2036-05-31 00:00:00+00:00,27.208248
2036-06-30 00:00:00+00:00,25.935284
2036-07-31 00:00:00+00:00,32.915474
2036-08-31 00:00:00+00:00,31.947859
2036-09-30 00:00:00+00:00,28.115067
2036-10-31 00:00:00+00:00,23.166313
2036-11-30 00:00:00+00:00,12.394168
2036-12-31 00:00:00+00:00,6.843203
2037-01-31 00:00:00+00:00,9.521953
2037-02-28 00:00:00+00:00,9.610996
2037-03-31 00:00:00+00:00,14.329916
2037-04-30 00:00:00+00:00,14.486775
2037-05-31 00:00:00+00:00,22.597313
2037-06-30 00:00:00+00:00,27.453012
2037-07-31 00:00:00+00:00,32.08031
2037-08-31 00:00:00+00:00,32.296627
2037-09-30 00:00:00+00:00,28.235518
2037-10-31 00:00:00+00:00,22.911375
2037-11-30 00:00:00+00:00,15.100215
2037-12-31 00:00:00+00:00,11.965652
2038-01-31 00:00:00+00:00,10.186228
2038-02-28 00:00:00+00:00,9.694728
2038-03-31 00:00:00+00:00,13.417146
2038-04-30 00:00:00+00:00,19.004162
2038-05-31 00:00:00+00:00,25.49043
2038-06-30 00:00:00+00:00,30.025188
2038-07-31 00:00:00+00:00,31.115862
2038-08-31 00:00:00+00:00,31.853085
2038-09-30 00:00:00+00:00,24.457485
2038-10-31 00:00:00+00:00,20.345661
2038-11-30 00:00:00+00:00,13.394105
2038-12-31 00:00:00+00:00,7.732233
2039-01-31 00:00:00+00:00,8.894854
2039-02-28 00:00:00+00:00,11.4551325
2039-03-31 00:00:00+00:00,14.194692
2039-04-30 00:00:00+00:00,18.901674
2039-05-31 00:00:00+00:00,23.582071
2039-06-30 00:00:00+00:00,27.81825
2039-07-31 00:00:00+00:00,31.623407
2039-08-31 00:00:00+00:00,31.87267
2039-09-30 00:00:00+00:00,26.115414
2039-10-31 00:00:00+00:00,20.99147
2039-11-30 00:00:00+00:00,18.00833
2039-12-31 00:00:00+00:00,10.690425
2040-01-31 00:00:00+00:00,11.067032
2040-02-29 00:00:00+00:00,12.964265
2040-03-31 00:00:00+00:00,14.388206
2040-04-30 00:00:00+00:00,17.833399
2040-05-31 00:00:00+00:00,21.372673
2040-06-30 00:00:00+00:00,29.825304
2040-07-31 00:00:00+00:00,34.062958
2040-08-31 00:00:00+00:00,30.516884
2040-09-30 00:00:00+00:00,24.590828
2040-10-31 00:00:00+00:00,20.948061
2040-11-30 00:00:00+00:00,13.81271
2040-12-31 00:00:00+00:00,8.115305
2041-01-31 00:00:00+00:00,11.709668
2041-02-28 00:00:00+00:00,13.714571
2041-03-31 00:00:00+00:00,11.875988
2041-04-30 00:00:00+00:00,17.806887
2041-05-31 00:00:00+00:00,25.666553
2041-06-30 00:00:00+00:00,27.242468
2041-07-31 00:00:00+00:00,32.186436
2041-08-31 00:00:00+00:00,31.956503
2041-09-30 00:00:00+00:00,28.07503
2041-10-31 00:00:00+00:00,24.93977
2041-11-30 00:00:00+00:00,15.00186
2041-12-31 00:00:00+00:00,9.328181
2042-01-31 00:00:00+00:00,10.11107
2042-02-28 00:00:00+00:00,10.780494
2042-03-31 00:00:00+00:00,11.438744
2042-04-30 00:00:00+00:00,19.32741
2042-05-31 00:00:00+00:00,25.225107
2042-06-30 00:00:00+00:00,28.089106
2042-07-31 00:00:00+00:00,31.665352
2042-08-31 00:00:00+00:00,33.58867
2042-09-30 00:00:00+00:00,26.633183
2042-10-31 00:00:00+00:00,23.80932
2042-11-30 00:00:00+00:00,12.8920965
2042-12-31 00:00:00+00:00,8.966908
2043-01-31 00:00:00+00:00,8.867672
2043-02-28 00:00:00+00:00,11.58949
2043-03-31 00:00:00+00:00,12.34283
2043-04-30 00:00:00+00:00,20.208082
2043-05-31 00:00:00+00:00,24.54185
2043-06-30 00:00:00+00:00,30.261282
2043-07-31 00:00:00+00:00,32.474655
2043-08-31 00:00:00+00:00,31.131424
2043-09-30 00:00:00+00:00,28.193136
2043-10-31 00:00:00+00:00,25.003626
2043-11-30 00:00:00+00:00,16.277313
2043-12-31 00:00:00+00:00,12.418327
2044-01-31 00:00:00+00:00,11.200752
2044-02-29 00:00:00+00:00,12.03477
2044-03-31 00:00:00+00:00,12.967474
2044-04-30 00:00:00+00:00,20.054947
2044-05-31 00:00:00+00:00,26.260963
2044-06-30 00:00:00+00:00,29.145275
2044-07-31 00:00:00+00:00,31.741938
2044-08-31 00:00:00+00:00,30.703085
2044-09-30 00:00:00+00:00,28.595402
2044-10-31 00:00:00+00:00,22.184025
2044-11-30 00:00:00+00:00,14.523267
2044-12-31 00:00:00+00:00,11.27557
2045-01-31 00:00:00+00:00,10.974093
2045-02-28 00:00:00+00:00,11.450543
2045-03-31 00:00:00+00:00,12.85867
2045-04-30 00:00:00+00:00,16.081448
2045-05-31 00:00:00+00:00,23.915445
2045-06-30 00:00:00+00:00,29.832594
2045-07-31 00:00:00+00:00,31.50457
2045-08-31 00:00:00+00:00,32.161476
2045-09-30 00:00:00+00:00,26.652967
2045-10-31 00:00:00+00:00,21.345465
2045-11-30 00:00:00+00:00,12.820725
2045-12-31 00:00:00+00:00,10.402503
2046-01-31 00:00:00+00:00,11.268317
2046-02-28 00:00:00+00:00,12.206915
2046-03-31 00:00:00+00:00,13.737356
2046-04-30 00:00:00+00:00,19.688992
2046-05-31 00:00:00+00:00,22.247557
2046-06-30 00:00:00+00:00,30.290895
2046-07-31 00:00:00+00:00,31.049746
2046-08-31 00:00:00+00:00,31.467766
2046-09-30 00:00:00+00:00,27.195509
2046-10-31 00:00:00+00:00,21.410374
2046-11-30 00:00:00+00:00,16.128141
2046-12-31 00:00:00+00:00,10.345401
2047-01-31 00:00:00+00:00,11.19099
2047-02-28 00:00:00+00:00,13.03323
2047-03-31 00:00:00+00:00,16.469397
2047-04-30 00:00:00+00:00,19.29424
2047-05-31 00:00:00+00:00,25.085625
2047-06-30 00:00:00+00:00,27.976923
2047-07-31 00:00:00+00:00,32.727192
2047-08-31 00:00:00+00:00,31.46703
2047-09-30 00:00:00+00:00,29.98527
2047-10-31 00:00:00+00:00,21.331404
2047-11-30 00:00:00+00:00,12.338194
2047-12-31 00:00:00+00:00,8.892456
2048-01-31 00:00:00+00:00,9.6638975
2048-02-29 00:00:00+00:00,10.916657
2048-03-31 00:00:00+00:00,18.65949
2048-04-30 00:00:00+00:00,16.594324
2048-05-31 00:00:00+00:00,24.276947
2048-06-30 00:00:00+00:00,29.046413
2048-07-31 00:00:00+00:00,31.398174
2048-08-31 00:00:00+00:00,32.0548
2048-09-30 00:00:00+00:00,30.487934
2048-10-31 00:00:00+00:00,22.19747
2048-11-30 00:00:00+00:00,15.059592
2048-12-31 00:00:00+00:00,8.611362
2049-01-31 00:00:00+00:00,10.898334
2049-02-28 00:00:00+00:00,13.514011
2049-03-31 00:00:00+00:00,15.72522
2049-04-30 00:00:00+00:00,17.369017
2049-05-31 00:00:00+00:00,21.187185
2049-06-30 00:00:00+00:00,28.419983
2049-07-31 00:00:00+00:00,32.42208
2049-08-31 00:00:00+00:00,30.804916
2049-09-30 00:00:00+00:00,27.713324
2049-10-31 00:00:00+00:00,22.80004
2049-11-30 00:00:00+00:00,13.207745
2049-12-31 00:00:00+00:00,11.738709
2050-01-31 00:00:00+00:00,10.020922
2050-02-28 00:00:00+00:00,11.686165
2050-03-31 00:00:00+00:00,14.964733
2050-04-30 00:00:00+00:00,19.311886
2050-05-31 00:00:00+00:00,23.339611
2050-06-30 00:00:00+00:00,27.41711
2050-07-31 00:00:00+00:00,32.459045
2050-08-31 00:00:00+00:00,31.563938
2050-09-30 00:00:00+00:00,26.759533
2050-10-31 00:00:00+00:00,22.839514
2050-11-30 00:00:00+00:00,15.275544
2050-12-31 00:00:00+00:00,11.234163
2051-01-31 00:00:00+00:00,8.833457
2051-02-28 00:00:00+00:00,11.792865
2051-03-31 00:00:00+00:00,11.5669775
2051-04-30 00:00:00+00:00,18.754719
2051-05-31 00:00:00+00:00,25.129992
2051-06-30 00:00:00+00:00,29.282995
2051-07-31 00:00:00+00:00,32.857773
2051-08-31 00:00:00+00:00,32.706596
2051-09-30 00:00:00+00:00,27.04398
2051-10-31 00:00:00+00:00,24.292248
2051-11-30 00:00:00+00:00,18.347471
2051-12-31 00:00:00+00:00,12.473129
2052-01-31 00:00:00+00:00,9.48592
2052-02-29 00:00:00+00:00,11.476105
2052-03-31 00:00:00+00:00,14.791435
2052-04-30 00:00:00+00:00,17.212687
2052-05-31 00:00:00+00:00,24.453993
2052-06-30 00:00:00+00:00,30.524294
2052-07-31 00:00:00+00:00,30.78106
2052-08-31 00:00:00+00:00,31.172832
2052-09-30 00:00:00+00:00,26.697054
2052-10-31 00:00:00+00:00,23.939493
2052-11-30 00:00:00+00:00,14.966402
2052-12-31 00:00:00+00:00,9.226603
2053-01-31 00:00:00+00:00,10.722033
2053-02-28 00:00:00+00:00,12.857425
2053-03-31 00:00:00+00:00,13.88514
2053-04-30 00:00:00+00:00,17.436552
2053-05-31 00:00:00+00:00,22.499699
2053-06-30 00:00:00+00:00,29.25403
2053-07-31 00:00:00+00:00,33.409878
2053-08-31 00:00:00+00:00,30.665888
2053-09-30 00:00:00+00:00,27.735023
2053-10-31 00:00:00+00:00,23.200161
2053-11-30 00:00:00+00:00,15.211088
2053-12-31 00:00:00+00:00,11.486694
2054-01-31 00:00:00+00:00,10.647035
2054-02-28 00:00:00+00:00,14.629992
2054-03-31 00:00:00+00:00,16.255888
2054-04-30 00:00:00+00:00,22.23162
2054-05-31 00:00:00+00:00,23.488527
2054-06-30 00:00:00+00:00,28.767284
2054-07-31 00:00:00+00:00,33.73543
2054-08-31 00:00:00+00:00,29.023565
2054-09-30 00:00:00+00:00,25.880453
2054-10-31 00:00:00+00:00,19.737442
2054-11-30 00:00:00+00:00,17.137754
2054-12-31 00:00:00+00:00,8.374448
2055-01-31 00:00:00+00:00,12.153383
2055-02-28 00:00:00+00:00,11.565755
2055-03-31 00:00:00+00:00,15.59331
2055-04-30 00:00:00+00:00,19.807507
2055-05-31 00:00:00+00:00,25.843409
2055-06-30 00:00:00+00:00,26.796305
2055-07-31 00:00:00+00:00,32.226883
2055-08-31 00:00:00+00:00,29.238205
2055-09-30 00:00:00+00:00,27.591232
2055-10-31 00:00:00+00:00,24.357908
2055-11-30 00:00:00+00:00,14.871339
2055-12-31 00:00:00+00:00,7.0247993
2056-01-31 00:00:00+00:00,10.519905
2056-02-29 00:00:00+00:00,10.584763
2056-03-31 00:00:00+00:00,15.271782
2056-04-30 00:00:00+00:00,15.67751
2056-05-31 00:00:00+00:00,23.911163
2056-06-30 00:00:00+00:00,31.228376
2056-07-31 00:00:00+00:00,33.517647
2056-08-31 00:00:00+00:00,32.547115
2056-09-30 00:00:00+00:00,26.613508
2056-10-31 00:00:00+00:00,23.96086
2056-11-30 00:00:00+00:00,15.023166
2056-12-31 00:00:00+00:00,10.129207
2057-01-31 00:00:00+00:00,13.475407
2057-02-28 00:00:00+00:00,14.008386
2057-03-31 00:00:00+00:00,17.964294
2057-04-30 00:00:00+00:00,19.545858
2057-05-31 00:00:00+00:00,26.910269
2057-06-30 00:00:00+00:00,29.112022
2057-07-31 00:00:00+00:00,32.47866
2057-08-31 00:00:00+00:00,31.956654
2057-09-30 00:00:00+00:00,28.835825
2057-10-31 00:00:00+00:00,19.00696
2057-11-30 00:00:00+00:00,17.225416
2057-12-31 00:00:00+00:00,10.050347
2058-01-31 00:00:00+00:00,11.699459
2058-02-28 00:00:00+00:00,14.741627
2058-03-31 00:00:00+00:00,15.327478
2058-04-30 00:00:00+00:00,18.284115
2058-05-31 00:00:00+00:00,24.30825
2058-06-30 00:00:00+00:00,30.54862
2058-07-31 00:00:00+00:00,30.24753
2058-08-31 00:00:00+00:00,32.302097
2058-09-30 00:00:00+00:00,28.5976
2058-10-31 00:00:00+00:00,23.93333
2058-11-30 00:00:00+00:00,17.255205
2058-12-31 00:00:00+00:00,13.2011
2059-01-31 00:00:00+00:00,13.568497
2059-02-28 00:00:00+00:00,16.062517
2059-03-31 00:00:00+00:00,14.0111885
2059-04-30 00:00:00+00:00,20.632261
2059-05-31 00:00:00+00:00,24.021675
2059-06-30 00:00:00+00:00,29.299824
2059-07-31 00:00:00+00:00,32.370434
2059-08-31 00:00:00+00:00,32.161507
2059-09-30 00:00:00+00:00,29.65526
2059-10-31 00:00:00+00:00,24.298637
2059-11-30 00:00:00+00:00,13.13971
2059-12-31 00:00:00+00:00,11.826832
2060-01-31 00:00:00+00:00,10.541881
2060-02-29 00:00:00+00:00,10.008825
2060-03-31 00:00:00+00:00,12.461318
2060-04-30 00:00:00+00:00,19.404793
2060-05-31 00:00:00+00:00,23.42732
2060-06-30 00:00:00+00:00,30.991163
2060-07-31 00:00:00+00:00,30.862154
2060-08-31 00:00:00+00:00,32.00975
2060-09-30 00:00:00+00:00,25.423504
2060-10-31 00:00:00+00:00,22.260988
2060-11-30 00:00:00+00:00,14.332577
2060-12-31 00:00:00+00:00,9.52533
2061-01-31 00:00:00+00:00,11.566022
2061-02-28 00:00:00+00:00,14.390927
2061-03-31 00:00:00+00:00,13.960967
2061-04-30 00:00:00+00:00,16.846403
2061-05-31 00:00:00+00:00,26.167252
2061-06-30 00:00:00+00:00,27.734215
2061-07-31 00:00:00+00:00,31.980043
2061-08-31 00:00:00+00:00,30.01007
2061-09-30 00:00:00+00:00,27.368996
2061-10-31 00:00:00+00:00,23.260609
2061-11-30 00:00:00+00:00,17.46429
2061-12-31 00:00:00+00:00,7.923463
2062-01-31 00:00:00+00:00,11.404399
2062-02-28 00:00:00+00:00,15.083692
2062-03-31 00:00:00+00:00,14.579607
2062-04-30 00:00:00+00:00,20.332329
2062-05-31 00:00:00+00:00,22.238867
2062-06-30 00:00:00+00:00,29.34181
2062-07-31 00:00:00+00:00,32.348995
2062-08-31 00:00:00+00:00,31.751125
2062-09-30 00:00:00+00:00,28.112019
2062-10-31 00:00:00+00:00,23.46522
2062-11-30 00:00:00+00:00,16.357246
2062-12-31 00:00:00+00:00,9.785265
2063-01-31 00:00:00+00:00,10.397893
2063-02-28 00:00:00+00:00,11.654014
2063-03-31 00:00:00+00:00,13.956321
2063-04-30 00:00:00+00:00,20.790792
2063-05-31 00:00:00+00:00,24.957407
2063-06-30 00:00:00+00:00,29.645824
2063-07-31 00:00:00+00:00,33.66864
2063-08-31 00:00:00+00:00,31.607948
2063-09-30 00:00:00+00:00,28.05016
2063-10-31 00:00:00+00:00,24.857092
2063-11-30 00:00:00+00:00,15.537308
2063-12-31 00:00:00+00:00,11.167289
2064-01-31 00:00:00+00:00,9.554912
2064-02-29 00:00:00+00:00,13.988551
2064-03-31 00:00:00+00:00,14.210179
2064-04-30 00:00:00+00:00,21.163357
2064-05-31 00:00:00+00:00,25.213808
2064-06-30 00:00:00+00:00,30.309828
2064-07-31 00:00:00+00:00,33.380154
2064-08-31 00:00:00+00:00,31.285604
2064-09-30 00:00:00+00:00,30.643122
2064-10-31 00:00:00+00:00,23.273436
2064-11-30 00:00:00+00:00,18.960405
2064-12-31 00:00:00+00:00,13.998895
2065-01-31 00:00:00+00:00,9.6882105
2065-02-28 00:00:00+00:00,10.621414
2065-03-31 00:00:00+00:00,13.135541
2065-04-30 00:00:00+00:00,21.437132
2065-05-31 00:00:00+00:00,26.057539
2065-06-30 00:00:00+00:00,31.078909
2065-07-31 00:00:00+00:00,31.598032
2065-08-31 00:00:00+00:00,33.23635
2065-09-30 00:00:00+00:00,28.542974
2065-10-31 00:00:00+00:00,24.02807
2065-11-30 00:00:00+00:00,14.37225
2065-12-31 00:00:00+00:00,9.43286
2066-01-31 00:00:00+00:00,10.056624
2066-02-28 00:00:00+00:00,11.930762
2066-03-31 00:00:00+00:00,16.095411
2066-04-30 00:00:00+00:00,20.550335
2066-05-31 00:00:00+00:00,24.724716
2066-06-30 00:00:00+00:00,30.991594
2066-07-31 00:00:00+00:00,32.57863
2066-08-31 00:00:00+00:00,30.459774
2066-09-30 00:00:00+00:00,30.785622
2066-10-31 00:00:00+00:00,24.827488
2066-11-30 00:00:00+00:00,18.290678
2066-12-31 00:00:00+00:00,11.620585
2067-01-31 00:00:00+00:00,11.630869
2067-02-28 00:00:00+00:00,11.240948
2067-03-31 00:00:00+00:00,15.158276
2067-04-30 00:00:00+00:00,18.010899
2067-05-31 00:00:00+00:00,26.388554
2067-06-30 00:00:00+00:00,30.459297
2067-07-31 00:00:00+00:00,32.257908
2067-08-31 00:00:00+00:00,32.334137
2067-09-30 00:00:00+00:00,27.954897
2067-10-31 00:00:00+00:00,23.203075
2067-11-30 00:00:00+00:00,15.651731
2067-12-31 00:00:00+00:00,10.097077
2068-01-31 00:00:00+00:00,10.181874
2068-02-29 00:00:00+00:00,13.070589
2068-03-31 00:00:00+00:00,14.467656
2068-04-30 00:00:00+00:00,20.358355
2068-05-31 00:00:00+00:00,27.249922
2068-06-30 00:00:00+00:00,29.465792
2068-07-31 00:00:00+00:00,32.63981
2068-08-31 00:00:00+00:00,31.60357
2068-09-30 00:00:00+00:00,28.567406
2068-10-31 00:00:00+00:00,22.67003
2068-11-30 00:00:00+00:00,15.70594
2068-12-31 00:00:00+00:00,11.002609
2069-01-31 00:00:00+00:00,8.558515
2069-02-28 00:00:00+00:00,13.05714
2069-03-31 00:00:00+00:00,16.637352
2069-04-30 00:00:00+00:00,17.172176
2069-05-31 00:00:00+00:00,22.700193
2069-06-30 00:00:00+00:00,31.364138
2069-07-31 00:00:00+00:00,32.44251
2069-08-31 00:00:00+00:00,31.616499
2069-09-30 00:00:00+00:00,30.251707
2069-10-31 00:00:00+00:00,23.400269
2069-11-30 00:00:00+00:00,15.153889
2069-12-31 00:00:00+00:00,9.975355
2070-01-31 00:00:00+00:00,11.872501
2070-02-28 00:00:00+00:00,12.057054
2070-03-31 00:00:00+00:00,15.304675
2070-04-30 00:00:00+00:00,16.880919
2070-05-31 00:00:00+00:00,26.97301
2070-06-30 00:00:00+00:00,30.459902
2070-07-31 00:00:00+00:00,32.723797
2070-08-31 00:00:00+00:00,33.722263
2070-09-30 00:00:00+00:00,27.628479
2070-10-31 00:00:00+00:00,26.104204
2070-11-30 00:00:00+00:00,13.95311
2070-12-31 00:00:00+00:00,9.514547
2071-01-31 00:00:00+00:00,9.961471
2071-02-28 00:00:00+00:00,13.358639
2071-03-31 00:00:00+00:00,14.971482
2071-04-30 00:00:00+00:00,22.12277
2071-05-31 00:00:00+00:00,25.669678
2071-06-30 00:00:00+00:00,30.394022
2071-07-31 00:00:00+00:00,32.501846
2071-08-31 00:00:00+00:00,32.765114
2071-09-30 00:00:00+00:00,27.55732
2071-10-31 00:00:00+00:00,21.99516
2071-11-30 00:00:00+00:00,14.939271
2071-12-31 00:00:00+00:00,10.850525
2072-01-31 00:00:00+00:00,8.384727
2072-02-29 00:00:00+00:00,17.043695
2072-03-31 00:00:00+00:00,13.943152
2072-04-30 00:00:00+00:00,20.338177
2072-05-31 00:00:00+00:00,26.738657
2072-06-30 00:00:00+00:00,27.523785
2072-07-31 00:00:00+00:00,33.32574
2072-08-31 00:00:00+00:00,32.09986
2072-09-30 00:00:00+00:00,28.138617
2072-10-31 00:00:00+00:00,25.921825
2072-11-30 00:00:00+00:00,17.407387
2072-12-31 00:00:00+00:00,12.192935
2073-01-31 00:00:00+00:00,10.225146
2073-02-28 00:00:00+00:00,11.805445
2073-03-31 00:00:00+00:00,14.754298
2073-04-30 00:00:00+00:00,17.453806
2073-05-31 00:00:00+00:00,22.614895
2073-06-30 00:00:00+00:00,30.925165
2073-07-31 00:00:00+00:00,30.945917
2073-08-31 00:00:00+00:00,33.16392
2073-09-30 00:00:00+00:00,28.378725
2073-10-31 00:00:00+00:00,25.437208
2073-11-30 00:00:00+00:00,17.526545
2073-12-31 00:00:00+00:00,10.859105
2074-01-31 00:00:00+00:00,13.653432
2074-02-28 00:00:00+00:00,12.913022
2074-03-31 00:00:00+00:00,15.441001
2074-04-30 00:00:00+00:00,20.32051
2074-05-31 00:00:00+00:00,27.17873
2074-06-30 00:00:00+00:00,29.092691
2074-07-31 00:00:00+00:00,33.857998
2074-08-31 00:00:00+00:00,33.307384
2074-09-30 00:00:00+00:00,29.397509
2074-10-31 00:00:00+00:00,25.128778
2074-11-30 00:00:00+00:00,12.797222
2074-12-31 00:00:00+00:00,9.303466
2075-01-31 00:00:00+00:00,10.175312
2075-02-28 00:00:00+00:00,10.97612
2075-03-31 00:00:00+00:00,16.043297
2075-04-30 00:00:00+00:00,14.490019
2075-05-31 00:00:00+00:00,25.040321
2075-06-30 00:00:00+00:00,31.28711
2075-07-31 00:00:00+00:00,32.372707
2075-08-31 00:00:00+00:00,34.0976
2075-09-30 00:00:00+00:00,28.768473
2075-10-31 00:00:00+00:00,23.123558
2075-11-30 00:00:00+00:00,17.373438
2075-12-31 00:00:00+00:00,9.150402
2076-01-31 00:00:00+00:00,13.883504
2076-02-29 00:00:00+00:00,13.897173
2076-03-31 00:00:00+00:00,14.492278
2076-04-30 00:00:00+00:00,19.81586
2076-05-31 00:00:00+00:00,26.443502
2076-06-30 00:00:00+00:00,29.624636
2076-07-31 00:00:00+00:00,33.159367
2076-08-31 00:00:00+00:00,32.60652
2076-09-30 00:00:00+00:00,29.903816
2076-10-31 00:00:00+00:00,25.228964
2076-11-30 00:00:00+00:00,16.50034
2076-12-31 00:00:00+00:00,10.379866
2077-01-31 00:00:00+00:00,11.015446
2077-02-28 00:00:00+00:00,13.040434
2077-03-31 00:00:00+00:00,15.099414
2077-04-30 00:00:00+00:00,19.003094
2077-05-31 00:00:00+00:00,25.133299
2077-06-30 00:00:00+00:00,28.811096
2077-07-31 00:00:00+00:00,32.95826
2077-08-31 00:00:00+00:00,30.546013
2077-09-30 00:00:00+00:00,28.746883
2077-10-31 00:00:00+00:00,25.88912
2077-11-30 00:00:00+00:00,16.601149
2077-12-31 00:00:00+00:00,12.59818
2078-01-31 00:00:00+00:00,11.161588
2078-02-28 00:00:00+00:00,12.494633
2078-03-31 00:00:00+00:00,13.676827
2078-04-30 00:00:00+00:00,18.829477
2078-05-31 00:00:00+00:00,24.237268
2078-06-30 00:00:00+00:00,30.416859
2078-07-31 00:00:00+00:00,32.787605
2078-08-31 00:00:00+00:00,31.955376
2078-09-30 00:00:00+00:00,25.740278
2078-10-31 00:00:00+00:00,26.957642
2078-11-30 00:00:00+00:00,17.923864
2078-12-31 00:00:00+00:00,12.112731
2079-01-31 00:00:00+00:00,15.109758
2079-02-28 00:00:00+00:00,13.913671
2079-03-31 00:00:00+00:00,14.189282
2079-04-30 00:00:00+00:00,20.628044
2079-05-31 00:00:00+00:00,23.761114
2079-06-30 00:00:00+00:00,29.886131
2079-07-31 00:00:00+00:00,32.2883
2079-08-31 00:00:00+00:00,31.177208
2079-09-30 00:00:00+00:00,29.805174
2079-10-31 00:00:00+00:00,26.058756
2079-11-30 00:00:00+00:00,15.898854
2079-12-31 00:00:00+00:00,14.413668
2080-01-31 00:00:00+00:00,9.81448
2080-02-29 00:00:00+00:00,16.414324
2080-03-31 00:00:00+00:00,15.180085
2080-04-30 00:00:00+00:00,18.639816
2080-05-31 00:00:00+00:00,27.115023
2080-06-30 00:00:00+00:00,29.690088
2080-07-31 00:00:00+00:00,32.559742
2080-08-31 00:00:00+00:00,33.676815
2080-09-30 00:00:00+00:00,27.02085
2080-10-31 00:00:00+00:00,26.78418
2080-11-30 00:00:00+00:00,13.157845
2080-12-31 00:00:00+00:00,7.2650204
2081-01-31 00:00:00+00:00,9.492386
2081-02-28 00:00:00+00:00,10.987867
2081-03-31 00:00:00+00:00,14.611409
2081-04-30 00:00:00+00:00,21.227423
2081-05-31 00:00:00+00:00,27.936476
2081-06-30 00:00:00+00:00,32.298157
2081-07-31 00:00:00+00:00,32.726776
2081-08-31 00:00:00+00:00,33.756832
2081-09-30 00:00:00+00:00,29.294233
2081-10-31 00:00:00+00:00,26.08363
2081-11-30 00:00:00+00:00,18.011917
2081-12-31 00:00:00+00:00,12.741955
2082-01-31 00:00:00+00:00,13.210149
2082-02-28 00:00:00+00:00,14.287397
2082-03-31 00:00:00+00:00,16.248842
2082-04-30 00:00:00+00:00,20.255741
2082-05-31 00:00:00+00:00,24.042719
2082-06-30 00:00:00+00:00,28.699476
2082-07-31 00:00:00+00:00,32.134212
2082-08-31 00:00:00+00:00,30.389763
2082-09-30 00:00:00+00:00,29.886778
2082-10-31 00:00:00+00:00,25.189867
2082-11-30 00:00:00+00:00,17.27657
2082-12-31 00:00:00+00:00,11.292621
2083-01-31 00:00:00+00:00,10.800885
2083-02-28 00:00:00+00:00,15.325405
2083-03-31 00:00:00+00:00,17.744436
2083-04-30 00:00:00+00:00,23.150164
2083-05-31 00:00:00+00:00,23.648645
2083-06-30 00:00:00+00:00,30.706263
2083-07-31 00:00:00+00:00,31.516224
2083-08-31 00:00:00+00:00,32.72354
2083-09-30 00:00:00+00:00,30.893003
2083-10-31 00:00:00+00:00,23.626488
2083-11-30 00:00:00+00:00,16.869282
2083-12-31 00:00:00+00:00,10.291813
2084-01-31 00:00:00+00:00,12.090036
2084-02-29 00:00:00+00:00,13.873942
2084-03-31 00:00:00+00:00,14.798666
2084-04-30 00:00:00+00:00,17.581264
2084-05-31 00:00:00+00:00,24.328983
2084-06-30 00:00:00+00:00,27.87675
2084-07-31 00:00:00+00:00,32.907642
2084-08-31 00:00:00+00:00,33.152714
2084-09-30 00:00:00+00:00,30.592445
2084-10-31 00:00:00+00:00,24.799948
2084-11-30 00:00:00+00:00,18.645643
2084-12-31 00:00:00+00:00,12.295739
2085-01-31 00:00:00+00:00,14.300205
2085-02-28 00:00:00+00:00,13.97804
2085-03-31 00:00:00+00:00,16.52301
2085-04-30 00:00:00+00:00,22.186218
2085-05-31 00:00:00+00:00,25.261618
2085-06-30 00:00:00+00:00,30.847668
2085-07-31 00:00:00+00:00,33.160324
2085-08-31 00:00:00+00:00,30.638918
2085-09-30 00:00:00+00:00,31.40109
2085-10-31 00:00:00+00:00,23.480972
2085-11-30 00:00:00+00:00,15.7973175
2085-12-31 00:00:00+00:00,14.898797
2086-01-31 00:00:00+00:00,9.267496
2086-02-28 00:00:00+00:00,14.070094
2086-03-31 00:00:00+00:00,15.112915
2086-04-30 00:00:00+00:00,18.050734
2086-05-31 00:00:00+00:00,25.546455
2086-06-30 00:00:00+00:00,29.446415
2086-07-31 00:00:00+00:00,30.76028
2086-08-31 00:00:00+00:00,32.524723
2086-09-30 00:00:00+00:00,27.829222
2086-10-31 00:00:00+00:00,24.663822
2086-11-30 00:00:00+00:00,20.275955
2086-12-31 00:00:00+00:00,11.772402
2087-01-31 00:00:00+00:00,11.276218
2087-02-28 00:00:00+00:00,13.290281
2087-03-31 00:00:00+00:00,14.954353
2087-04-30 00:00:00+00:00,19.63497
2087-05-31 00:00:00+00:00,25.86774
2087-06-30 00:00:00+00:00,29.548912
2087-07-31 00:00:00+00:00,33.588364
2087-08-31 00:00:00+00:00,33.498062
2087-09-30 00:00:00+00:00,30.159529
2087-10-31 00:00:00+00:00,25.745441
2087-11-30 00:00:00+00:00,15.522665
2087-12-31 00:00:00+00:00,13.033155
2088-01-31 00:00:00+00:00,10.461078
2088-02-29 00:00:00+00:00,10.789155
2088-03-31 00:00:00+00:00,14.941728
2088-04-30 00:00:00+00:00,17.08359
2088-05-31 00:00:00+00:00,23.049532
2088-06-30 00:00:00+00:00,30.004211
2088-07-31 00:00:00+00:00,32.489147
2088-08-31 00:00:00+00:00,34.217422
2088-09-30 00:00:00+00:00,29.698412
2088-10-31 00:00:00+00:00,24.567558
2088-11-30 00:00:00+00:00,14.706863
2088-12-31 00:00:00+00:00,9.237058
2089-01-31 00:00:00+00:00,10.745713
2089-02-28 00:00:00+00:00,11.372
2089-03-31 00:00:00+00:00,14.084301
2089-04-30 00:00:00+00:00,20.200453
2089-05-31 00:00:00+00:00,24.840906
2089-06-30 00:00:00+00:00,30.10991
2089-07-31 00:00:00+00:00,33.306896
2089-08-31 00:00:00+00:00,32.796703
2089-09-30 00:00:00+00:00,30.182425
2089-10-31 00:00:00+00:00,24.360962
2089-11-30 00:00:00+00:00,16.161077
2089-12-31 00:00:00+00:00,11.139745
2090-01-31 00:00:00+00:00,10.750228
2090-02-28 00:00:00+00:00,15.225723
2090-03-31 00:00:00+00:00,16.495934
2090-04-30 00:00:00+00:00,16.730743
2090-05-31 00:00:00+00:00,28.491297
2090-06-30 00:00:00+00:00,30.710752
2090-07-31 00:00:00+00:00,32.604187
2090-08-31 00:00:00+00:00,32.332634
2090-09-30 00:00:00+00:00,26.90577
2090-10-31 00:00:00+00:00,25.46123
2090-11-30 00:00:00+00:00,15.537648
2090-12-31 00:00:00+00:00,11.114249
2091-01-31 00:00:00+00:00,11.849486
2091-02-28 00:00:00+00:00,12.156679
2091-03-31 00:00:00+00:00,16.646393
2091-04-30 00:00:00+00:00,18.259575
2091-05-31 00:00:00+00:00,26.657953
2091-06-30 00:00:00+00:00,30.746916
2091-07-31 00:00:00+00:00,32.64586
2091-08-31 00:00:00+00:00,32.09684
2091-09-30 00:00:00+00:00,28.858004
2091-10-31 00:00:00+00:00,26.577711
2091-11-30 00:00:00+00:00,16.083788
2091-12-31 00:00:00+00:00,11.099075
2092-01-31 00:00:00+00:00,15.375179
2092-02-29 00:00:00+00:00,12.306621
2092-03-31 00:00:00+00:00,14.945376
2092-04-30 00:00:00+00:00,19.141674
2092-05-31 00:00:00+00:00,23.870184
2092-06-30 00:00:00+00:00,31.178993
2092-07-31 00:00:00+00:00,32.056602
2092-08-31 00:00:00+00:00,32.76014
2092-09-30 00:00:00+00:00,28.422087
2092-10-31 00:00:00+00:00,22.507137
2092-11-30 00:00:00+00:00,16.088545
2092-12-31 00:00:00+00:00,10.336513
2093-01-31 00:00:00+00:00,8.847879
2093-02-28 00:00:00+00:00,12.196412
2093-03-31 00:00:00+00:00,12.828433
2093-04-30 00:00:00+00:00,19.096615
2093-05-31 00:00:00+00:00,24.285011
2093-06-30 00:00:00+00:00,29.947697
2093-07-31 00:00:00+00:00,32.838642
2093-08-31 00:00:00+00:00,33.691174
2093-09-30 00:00:00+00:00,28.014158
2093-10-31 00:00:00+00:00,24.169731
2093-11-30 00:00:00+00:00,17.168707
2093-12-31 00:00:00+00:00,13.2117195
2094-01-31 00:00:00+00:00,13.217076
2094-02-28 00:00:00+00:00,15.029261
2094-03-31 00:00:00+00:00,20.04416
2094-04-30 00:00:00+00:00,20.423187
2094-05-31 00:00:00+00:00,24.94318
2094-06-30 00:00:00+00:00,31.693178
2094-07-31 00:00:00+00:00,31.681938
2094-08-31 00:00:00+00:00,31.322468
2094-09-30 00:00:00+00:00,29.276258
2094-10-31 00:00:00+00:00,24.869034
2094-11-30 00:00:00+00:00,17.814123
2094-12-31 00:00:00+00:00,12.2879715
2095-01-31 00:00:00+00:00,12.386649
2095-02-28 00:00:00+00:00,14.899822
2095-03-31 00:00:00+00:00,14.766275
2095-04-30 00:00:00+00:00,20.062878
2095-05-31 00:00:00+00:00,27.691454
2095-06-30 00:00:00+00:00,29.622095
2095-07-31 00:00:00+00:00,32.742485
2095-08-31 00:00:00+00:00,31.472574
2095-09-30 00:00:00+00:00,30.382364
2095-10-31 00:00:00+00:00,22.898697
2095-11-30 00:00:00+00:00,17.170307
2095-12-31 00:00:00+00:00,10.472423
2096-01-31 00:00:00+00:00,11.137524
2096-02-29 00:00:00+00:00,13.266884
2096-03-31 00:00:00+00:00,14.562273
2096-04-30 00:00:00+00:00,21.562517
2096-05-31 00:00:00+00:00,25.641857
2096-06-30 00:00:00+00:00,30.27209
2096-07-31 00:00:00+00:00,33.440067
2096-08-31 00:00:00+00:00,30.135994
2096-09-30 00:00:00+00:00,28.314693
2096-10-31 00:00:00+00:00,24.522442
2096-11-30 00:00:00+00:00,16.608578
2096-12-31 00:00:00+00:00,12.199717
2097-01-31 00:00:00+00:00,13.138729
2097-02-28 00:00:00+00:00,12.485637
2097-03-31 00:00:00+00:00,16.849842
2097-04-30 00:00:00+00:00,20.403898
2097-05-31 00:00:00+00:00,26.792309
2097-06-30 00:00:00+00:00,31.23391
2097-07-31 00:00:00+00:00,31.644634
2097-08-31 00:00:00+00:00,31.921719
2097-09-30 00:00:00+00:00,30.177124
2097-10-31 00:00:00+00:00,24.266134
2097-11-30 00:00:00+00:00,13.587857
2097-12-31 00:00:00+00:00,9.015592
2098-01-31 00:00:00+00:00,11.035328
2098-02-28 00:00:00+00:00,14.999429
2098-03-31 00:00:00+00:00,14.088288
2098-04-30 00:00:00+00:00,19.552555
2098-05-31 00:00:00+00:00,23.7397
2098-06-30 00:00:00+00:00,31.786629
2098-07-31 00:00:00+00:00,34.74545
2098-08-31 00:00:00+00:00,32.573418
2098-09-30 00:00:00+00:00,30.413828
2098-10-31 00:00:00+00:00,23.947498
2098-11-30 00:00:00+00:00,18.211483
2098-12-31 00:00:00+00:00,12.804361
2099-01-31 00:00:00+00:00,7.0563784
2099-02-28 00:00:00+00:00,12.788452
2099-03-31 00:00:00+00:00,13.220946
2099-04-30 00:00:00+00:00,18.00813
2099-05-31 00:00:00+00:00,25.186504
2099-06-30 00:00:00+00:00,28.295341
2099-07-31 00:00:00+00:00,33.075108
2099-08-31 00:00:00+00:00,29.713646
2099-09-30 00:00:00+00:00,27.577723
2099-10-31 00:00:00+00:00,23.679895
2099-11-30 00:00:00+00:00,18.096601
2099-12-31 00:00:00+00:00,10.102968
