time,baseflow_month_CanESM2_rcp45
2006-01-31 00:00:00+00:00,0.059349775
2006-02-28 00:00:00+00:00,0.1424651
2006-03-31 00:00:00+00:00,0.106008336
2006-04-30 00:00:00+00:00,0.0781225
2006-05-31 00:00:00+00:00,0.044531338
2006-06-30 00:00:00+00:00,0.031417996
2006-07-31 00:00:00+00:00,0.026768807
2006-08-31 00:00:00+00:00,0.02584146
2006-09-30 00:00:00+00:00,0.025555007
2006-10-31 00:00:00+00:00,0.025316117
2006-11-30 00:00:00+00:00,0.025089322
2006-12-31 00:00:00+00:00,0.024884757
2007-01-31 00:00:00+00:00,0.026106812
2007-02-28 00:00:00+00:00,0.02852255
2007-03-31 00:00:00+00:00,0.026364401
2007-04-30 00:00:00+00:00,0.025258679
2007-05-31 00:00:00+00:00,0.024462255
2007-06-30 00:00:00+00:00,0.024007775
2007-07-31 00:00:00+00:00,0.023718815
2007-08-31 00:00:00+00:00,0.023508588
2007-09-30 00:00:00+00:00,0.023313755
2007-10-31 00:00:00+00:00,0.02312015
2007-11-30 00:00:00+00:00,0.02292762
2007-12-31 00:00:00+00:00,0.02273625
2008-01-31 00:00:00+00:00,0.022574017
2008-02-29 00:00:00+00:00,0.053700816
2008-03-31 00:00:00+00:00,0.04334442
2008-04-30 00:00:00+00:00,0.030277666
2008-05-31 00:00:00+00:00,0.024007272
2008-06-30 00:00:00+00:00,0.022615917
2008-07-31 00:00:00+00:00,0.022202948
2008-08-31 00:00:00+00:00,0.022036746
2008-09-30 00:00:00+00:00,0.021820666
2008-10-31 00:00:00+00:00,0.021619948
2008-11-30 00:00:00+00:00,0.021574855
2008-12-31 00:00:00+00:00,0.02425831
2009-01-31 00:00:00+00:00,0.024898347
2009-02-28 00:00:00+00:00,0.06183775
2009-03-31 00:00:00+00:00,0.06452522
2009-04-30 00:00:00+00:00,0.044550974
2009-05-31 00:00:00+00:00,0.026433975
2009-06-30 00:00:00+00:00,0.021746801
2009-07-31 00:00:00+00:00,0.020938328
2009-08-31 00:00:00+00:00,0.0205817
2009-09-30 00:00:00+00:00,0.020351091
2009-10-31 00:00:00+00:00,0.020181585
2009-11-30 00:00:00+00:00,0.021354863
2009-12-31 00:00:00+00:00,0.021235632
2010-01-31 00:00:00+00:00,0.021363309
2010-02-28 00:00:00+00:00,0.021637315
2010-03-31 00:00:00+00:00,0.046226714
2010-04-30 00:00:00+00:00,0.04555556
2010-05-31 00:00:00+00:00,0.02896347
2010-06-30 00:00:00+00:00,0.022403356
2010-07-31 00:00:00+00:00,0.020178672
2010-08-31 00:00:00+00:00,0.019686671
2010-09-30 00:00:00+00:00,0.019402822
2010-10-31 00:00:00+00:00,0.019204399
2010-11-30 00:00:00+00:00,0.01909171
2010-12-31 00:00:00+00:00,0.01906983
2011-01-31 00:00:00+00:00,0.12721787
2011-02-28 00:00:00+00:00,0.19187745
2011-03-31 00:00:00+00:00,0.1698032
2011-04-30 00:00:00+00:00,0.062085915
2011-05-31 00:00:00+00:00,0.033527844
2011-06-30 00:00:00+00:00,0.024933474
2011-07-31 00:00:00+00:00,0.022865916
2011-08-31 00:00:00+00:00,0.022437511
2011-09-30 00:00:00+00:00,0.02221617
2011-10-31 00:00:00+00:00,0.022031153
2011-11-30 00:00:00+00:00,0.021921244
2011-12-31 00:00:00+00:00,0.02320334
2012-01-31 00:00:00+00:00,0.024237083
2012-02-29 00:00:00+00:00,0.0231467
2012-03-31 00:00:00+00:00,0.026305338
2012-04-30 00:00:00+00:00,0.024159314
2012-05-31 00:00:00+00:00,0.02269847
2012-06-30 00:00:00+00:00,0.021459207
2012-07-31 00:00:00+00:00,0.02094387
2012-08-31 00:00:00+00:00,0.020665549
2012-09-30 00:00:00+00:00,0.020466436
2012-10-31 00:00:00+00:00,0.020290915
2012-11-30 00:00:00+00:00,0.020119604
2012-12-31 00:00:00+00:00,0.019995939
2013-01-31 00:00:00+00:00,0.021311669
2013-02-28 00:00:00+00:00,0.02360963
2013-03-31 00:00:00+00:00,0.06370351
2013-04-30 00:00:00+00:00,0.031714045
2013-05-31 00:00:00+00:00,0.023071518
2013-06-30 00:00:00+00:00,0.0201158
2013-07-31 00:00:00+00:00,0.01942772
2013-08-31 00:00:00+00:00,0.019117292
2013-09-30 00:00:00+00:00,0.018911302
2013-10-31 00:00:00+00:00,0.018751035
2013-11-30 00:00:00+00:00,0.01859641
2013-12-31 00:00:00+00:00,0.018451536
2014-01-31 00:00:00+00:00,0.01831153
2014-02-28 00:00:00+00:00,0.019050984
2014-03-31 00:00:00+00:00,0.027578797
2014-04-30 00:00:00+00:00,0.027596092
2014-05-31 00:00:00+00:00,0.020265913
2014-06-30 00:00:00+00:00,0.0184684
2014-07-31 00:00:00+00:00,0.017923763
2014-08-31 00:00:00+00:00,0.017657725
2014-09-30 00:00:00+00:00,0.01746842
2014-10-31 00:00:00+00:00,0.017309988
2014-11-30 00:00:00+00:00,0.017163659
2014-12-31 00:00:00+00:00,0.017311282
2015-01-31 00:00:00+00:00,0.04494286
2015-02-28 00:00:00+00:00,0.08080282
2015-03-31 00:00:00+00:00,0.23884757
2015-04-30 00:00:00+00:00,0.102322675
2015-05-31 00:00:00+00:00,0.06726816
2015-06-30 00:00:00+00:00,0.035038583
2015-07-31 00:00:00+00:00,0.025610702
2015-08-31 00:00:00+00:00,0.023043105
2015-09-30 00:00:00+00:00,0.022641037
2015-10-31 00:00:00+00:00,0.022370983
2015-11-30 00:00:00+00:00,0.022170238
2015-12-31 00:00:00+00:00,0.022065667
2016-01-31 00:00:00+00:00,0.05181176
2016-02-29 00:00:00+00:00,0.21435547
2016-03-31 00:00:00+00:00,0.39194533
2016-04-30 00:00:00+00:00,0.12510383
2016-05-31 00:00:00+00:00,0.06432934
2016-06-30 00:00:00+00:00,0.03591708
2016-07-31 00:00:00+00:00,0.026252571
2016-08-31 00:00:00+00:00,0.02349905
2016-09-30 00:00:00+00:00,0.02291464
2016-10-31 00:00:00+00:00,0.022684187
2016-11-30 00:00:00+00:00,0.041594476
2016-12-31 00:00:00+00:00,0.067156255
2017-01-31 00:00:00+00:00,0.07068466
2017-02-28 00:00:00+00:00,0.1724713
2017-03-31 00:00:00+00:00,0.069671
2017-04-30 00:00:00+00:00,0.058816947
2017-05-31 00:00:00+00:00,0.037041634
2017-06-30 00:00:00+00:00,0.027277058
2017-07-31 00:00:00+00:00,0.024099316
2017-08-31 00:00:00+00:00,0.023271574
2017-09-30 00:00:00+00:00,0.022928484
2017-10-31 00:00:00+00:00,0.023446167
2017-11-30 00:00:00+00:00,0.02357296
2017-12-31 00:00:00+00:00,0.023167003
2018-01-31 00:00:00+00:00,0.022711873
2018-02-28 00:00:00+00:00,0.023284081
2018-03-31 00:00:00+00:00,0.025927162
2018-04-30 00:00:00+00:00,0.024186263
2018-05-31 00:00:00+00:00,0.022259098
2018-06-30 00:00:00+00:00,0.02166348
2018-07-31 00:00:00+00:00,0.021312376
2018-08-31 00:00:00+00:00,0.021062067
2018-09-30 00:00:00+00:00,0.020863773
2018-10-31 00:00:00+00:00,0.020677587
2018-11-30 00:00:00+00:00,0.020495357
2018-12-31 00:00:00+00:00,0.020830309
2019-01-31 00:00:00+00:00,0.020587811
2019-02-28 00:00:00+00:00,0.027188161
2019-03-31 00:00:00+00:00,0.041209627
2019-04-30 00:00:00+00:00,0.035979852
2019-05-31 00:00:00+00:00,0.030197425
2019-06-30 00:00:00+00:00,0.02141638
2019-07-31 00:00:00+00:00,0.020123981
2019-08-31 00:00:00+00:00,0.019642286
2019-09-30 00:00:00+00:00,0.019815931
2019-10-31 00:00:00+00:00,0.019878931
2019-11-30 00:00:00+00:00,0.019774614
2019-12-31 00:00:00+00:00,0.01961619
2020-01-31 00:00:00+00:00,0.020766819
2020-02-29 00:00:00+00:00,0.04050316
2020-03-31 00:00:00+00:00,0.08000332
2020-04-30 00:00:00+00:00,0.033172
2020-05-31 00:00:00+00:00,0.022441711
2020-06-30 00:00:00+00:00,0.019730462
2020-07-31 00:00:00+00:00,0.019154694
2020-08-31 00:00:00+00:00,0.018956775
2020-09-30 00:00:00+00:00,0.019225605
2020-10-31 00:00:00+00:00,0.019175034
2020-11-30 00:00:00+00:00,0.019073242
2020-12-31 00:00:00+00:00,0.02245089
2021-01-31 00:00:00+00:00,0.030015938
2021-02-28 00:00:00+00:00,0.0782235
2021-03-31 00:00:00+00:00,0.05680351
2021-04-30 00:00:00+00:00,0.029913714
2021-05-31 00:00:00+00:00,0.021335252
2021-06-30 00:00:00+00:00,0.019363062
2021-07-31 00:00:00+00:00,0.018961458
2021-08-31 00:00:00+00:00,0.018745536
2021-09-30 00:00:00+00:00,0.02258726
2021-10-31 00:00:00+00:00,0.020557433
2021-11-30 00:00:00+00:00,0.019567462
2021-12-31 00:00:00+00:00,0.031134067
2022-01-31 00:00:00+00:00,0.21670353
2022-02-28 00:00:00+00:00,0.31048512
2022-03-31 00:00:00+00:00,0.52265483
2022-04-30 00:00:00+00:00,0.26956663
2022-05-31 00:00:00+00:00,0.11912439
2022-06-30 00:00:00+00:00,0.062603824
2022-07-31 00:00:00+00:00,0.036250543
2022-08-31 00:00:00+00:00,0.029270582
2022-09-30 00:00:00+00:00,0.026652124
2022-10-31 00:00:00+00:00,0.026020782
2022-11-30 00:00:00+00:00,0.025634103
2022-12-31 00:00:00+00:00,0.025437295
2023-01-31 00:00:00+00:00,0.035324696
2023-02-28 00:00:00+00:00,0.12910174
2023-03-31 00:00:00+00:00,0.18478422
2023-04-30 00:00:00+00:00,0.17863397
2023-05-31 00:00:00+00:00,0.061340358
2023-06-30 00:00:00+00:00,0.037193216
2023-07-31 00:00:00+00:00,0.029911773
2023-08-31 00:00:00+00:00,0.027998151
2023-09-30 00:00:00+00:00,0.027037539
2023-10-31 00:00:00+00:00,0.026403882
2023-11-30 00:00:00+00:00,0.02594426
2023-12-31 00:00:00+00:00,0.037174333
2024-01-31 00:00:00+00:00,0.07366022
2024-02-29 00:00:00+00:00,0.25889426
2024-03-31 00:00:00+00:00,0.18532388
2024-04-30 00:00:00+00:00,0.11423085
2024-05-31 00:00:00+00:00,0.05494998
2024-06-30 00:00:00+00:00,0.036065303
2024-07-31 00:00:00+00:00,0.028548462
2024-08-31 00:00:00+00:00,0.027243653
2024-09-30 00:00:00+00:00,0.026683146
2024-10-31 00:00:00+00:00,0.026275348
2024-11-30 00:00:00+00:00,0.025933422
2024-12-31 00:00:00+00:00,0.025624663
2025-01-31 00:00:00+00:00,0.02550571
2025-02-28 00:00:00+00:00,0.02932231
2025-03-31 00:00:00+00:00,0.028187886
2025-04-30 00:00:00+00:00,0.026402883
2025-05-31 00:00:00+00:00,0.025395634
2025-06-30 00:00:00+00:00,0.024850195
2025-07-31 00:00:00+00:00,0.024501111
2025-08-31 00:00:00+00:00,0.024223069
2025-09-30 00:00:00+00:00,0.023983067
2025-10-31 00:00:00+00:00,0.02375284
2025-11-30 00:00:00+00:00,0.023527807
2025-12-31 00:00:00+00:00,0.026134975
2026-01-31 00:00:00+00:00,0.0491447
2026-02-28 00:00:00+00:00,0.11668239
2026-03-31 00:00:00+00:00,0.3199039
2026-04-30 00:00:00+00:00,0.09994528
2026-05-31 00:00:00+00:00,0.052384514
2026-06-30 00:00:00+00:00,0.030834356
2026-07-31 00:00:00+00:00,0.02587748
2026-08-31 00:00:00+00:00,0.024562344
2026-09-30 00:00:00+00:00,0.024113527
2026-10-31 00:00:00+00:00,0.023785954
2026-11-30 00:00:00+00:00,0.023515584
2026-12-31 00:00:00+00:00,0.023266293
2027-01-31 00:00:00+00:00,0.025688289
2027-02-28 00:00:00+00:00,0.05695789
2027-03-31 00:00:00+00:00,0.098312356
2027-04-30 00:00:00+00:00,0.07294438
2027-05-31 00:00:00+00:00,0.053630486
2027-06-30 00:00:00+00:00,0.029815892
2027-07-31 00:00:00+00:00,0.024521235
2027-08-31 00:00:00+00:00,0.023368256
2027-09-30 00:00:00+00:00,0.022846686
2027-10-31 00:00:00+00:00,0.022463277
2027-11-30 00:00:00+00:00,0.022167211
2027-12-31 00:00:00+00:00,0.028906647
2028-01-31 00:00:00+00:00,0.06576045
2028-02-29 00:00:00+00:00,0.0730913
2028-03-31 00:00:00+00:00,0.056496873
2028-04-30 00:00:00+00:00,0.065824635
2028-05-31 00:00:00+00:00,0.03173174
2028-06-30 00:00:00+00:00,0.024307245
2028-07-31 00:00:00+00:00,0.022173526
2028-08-31 00:00:00+00:00,0.02167645
2028-09-30 00:00:00+00:00,0.021386964
2028-10-31 00:00:00+00:00,0.0211737
2028-11-30 00:00:00+00:00,0.023204476
2028-12-31 00:00:00+00:00,0.030577436
2029-01-31 00:00:00+00:00,0.16283828
2029-02-28 00:00:00+00:00,0.22689055
2029-03-31 00:00:00+00:00,0.23954576
2029-04-30 00:00:00+00:00,0.12474028
2029-05-31 00:00:00+00:00,0.06833578
2029-06-30 00:00:00+00:00,0.040212095
2029-07-31 00:00:00+00:00,0.030247599
2029-08-31 00:00:00+00:00,0.02673723
2029-09-30 00:00:00+00:00,0.025656871
2029-10-31 00:00:00+00:00,0.025060752
2029-11-30 00:00:00+00:00,0.025416952
2029-12-31 00:00:00+00:00,0.025888555
2030-01-31 00:00:00+00:00,0.026315005
2030-02-28 00:00:00+00:00,0.029009718
2030-03-31 00:00:00+00:00,0.1536025
2030-04-30 00:00:00+00:00,0.09828335
2030-05-31 00:00:00+00:00,0.039828096
2030-06-30 00:00:00+00:00,0.02883415
2030-07-31 00:00:00+00:00,0.026611619
2030-08-31 00:00:00+00:00,0.02582502
2030-09-30 00:00:00+00:00,0.025523363
2030-10-31 00:00:00+00:00,0.025247535
2030-11-30 00:00:00+00:00,0.02483909
2030-12-31 00:00:00+00:00,0.024516042
2031-01-31 00:00:00+00:00,0.025095308
2031-02-28 00:00:00+00:00,0.025233513
2031-03-31 00:00:00+00:00,0.02445391
2031-04-30 00:00:00+00:00,0.024594763
2031-05-31 00:00:00+00:00,0.024287194
2031-06-30 00:00:00+00:00,0.023464307
2031-07-31 00:00:00+00:00,0.023114437
2031-08-31 00:00:00+00:00,0.022853313
2031-09-30 00:00:00+00:00,0.022832647
2031-10-31 00:00:00+00:00,0.023079667
2031-11-30 00:00:00+00:00,0.029790146
2031-12-31 00:00:00+00:00,0.029666847
2032-01-31 00:00:00+00:00,0.066473596
2032-02-29 00:00:00+00:00,0.19351235
2032-03-31 00:00:00+00:00,0.10983048
2032-04-30 00:00:00+00:00,0.055302743
2032-05-31 00:00:00+00:00,0.034263477
2032-06-30 00:00:00+00:00,0.028133268
2032-07-31 00:00:00+00:00,0.025512712
2032-08-31 00:00:00+00:00,0.024760514
2032-09-30 00:00:00+00:00,0.024349215
2032-10-31 00:00:00+00:00,0.024011448
2032-11-30 00:00:00+00:00,0.024229733
2032-12-31 00:00:00+00:00,0.029712552
2033-01-31 00:00:00+00:00,0.03927745
2033-02-28 00:00:00+00:00,0.0693704
2033-03-31 00:00:00+00:00,0.044608533
2033-04-30 00:00:00+00:00,0.09834245
2033-05-31 00:00:00+00:00,0.107698806
2033-06-30 00:00:00+00:00,0.029969951
2033-07-31 00:00:00+00:00,0.02375318
2033-08-31 00:00:00+00:00,0.022789175
2033-09-30 00:00:00+00:00,0.02234716
2033-10-31 00:00:00+00:00,0.022047259
2033-11-30 00:00:00+00:00,0.021829257
2033-12-31 00:00:00+00:00,0.021729423
2034-01-31 00:00:00+00:00,0.028947376
2034-02-28 00:00:00+00:00,0.027370306
2034-03-31 00:00:00+00:00,0.024782665
2034-04-30 00:00:00+00:00,0.022518704
2034-05-31 00:00:00+00:00,0.021588067
2034-06-30 00:00:00+00:00,0.021084316
2034-07-31 00:00:00+00:00,0.02081897
2034-08-31 00:00:00+00:00,0.020633012
2034-09-30 00:00:00+00:00,0.020465493
2034-10-31 00:00:00+00:00,0.020447584
2034-11-30 00:00:00+00:00,0.02069365
2034-12-31 00:00:00+00:00,0.02069612
2035-01-31 00:00:00+00:00,0.030886095
2035-02-28 00:00:00+00:00,0.05749504
2035-03-31 00:00:00+00:00,0.2864033
2035-04-30 00:00:00+00:00,0.0638156
2035-05-31 00:00:00+00:00,0.036930412
2035-06-30 00:00:00+00:00,0.02585204
2035-07-31 00:00:00+00:00,0.022824163
2035-08-31 00:00:00+00:00,0.022216998
2035-09-30 00:00:00+00:00,0.021873958
2035-10-31 00:00:00+00:00,0.021630883
2035-11-30 00:00:00+00:00,0.021430505
2035-12-31 00:00:00+00:00,0.022107454
2036-01-31 00:00:00+00:00,0.023132265
2036-02-29 00:00:00+00:00,0.024758168
2036-03-31 00:00:00+00:00,0.024507422
2036-04-30 00:00:00+00:00,0.02363494
2036-05-31 00:00:00+00:00,0.021672484
2036-06-30 00:00:00+00:00,0.020911613
2036-07-31 00:00:00+00:00,0.020538267
2036-08-31 00:00:00+00:00,0.020308921
2036-09-30 00:00:00+00:00,0.022837128
2036-10-31 00:00:00+00:00,0.024289621
2036-11-30 00:00:00+00:00,0.021916883
2036-12-31 00:00:00+00:00,0.028395163
2037-01-31 00:00:00+00:00,0.34424356
2037-02-28 00:00:00+00:00,0.38027605
2037-03-31 00:00:00+00:00,0.1424667
2037-04-30 00:00:00+00:00,0.07115033
2037-05-31 00:00:00+00:00,0.050452717
2037-06-30 00:00:00+00:00,0.03802963
2037-07-31 00:00:00+00:00,0.031075306
2037-08-31 00:00:00+00:00,0.028430393
2037-09-30 00:00:00+00:00,0.031550806
2037-10-31 00:00:00+00:00,0.030678825
2037-11-30 00:00:00+00:00,0.029291492
2037-12-31 00:00:00+00:00,0.029515237
2038-01-31 00:00:00+00:00,0.029375492
2038-02-28 00:00:00+00:00,0.029815363
2038-03-31 00:00:00+00:00,0.034583118
2038-04-30 00:00:00+00:00,0.030347904
2038-05-31 00:00:00+00:00,0.027732866
2038-06-30 00:00:00+00:00,0.026711697
2038-07-31 00:00:00+00:00,0.026246205
2038-08-31 00:00:00+00:00,0.025922552
2038-09-30 00:00:00+00:00,0.025671186
2038-10-31 00:00:00+00:00,0.025439566
2038-11-30 00:00:00+00:00,0.025213696
2038-12-31 00:00:00+00:00,0.025007898
2039-01-31 00:00:00+00:00,0.025178008
2039-02-28 00:00:00+00:00,0.025297137
2039-03-31 00:00:00+00:00,0.045126412
2039-04-30 00:00:00+00:00,0.043175686
2039-05-31 00:00:00+00:00,0.027306726
2039-06-30 00:00:00+00:00,0.025103249
2039-07-31 00:00:00+00:00,0.024451824
2039-08-31 00:00:00+00:00,0.024079254
2039-09-30 00:00:00+00:00,0.023828955
2039-10-31 00:00:00+00:00,0.023633318
2039-11-30 00:00:00+00:00,0.023585
2039-12-31 00:00:00+00:00,0.024095891
2040-01-31 00:00:00+00:00,0.07648919
2040-02-29 00:00:00+00:00,0.07347711
2040-03-31 00:00:00+00:00,0.27842826
2040-04-30 00:00:00+00:00,0.10028563
2040-05-31 00:00:00+00:00,0.03867883
2040-06-30 00:00:00+00:00,0.028129479
2040-07-31 00:00:00+00:00,0.024538344
2040-08-31 00:00:00+00:00,0.023504563
2040-09-30 00:00:00+00:00,0.024235824
2040-10-31 00:00:00+00:00,0.024056435
2040-11-30 00:00:00+00:00,0.023921108
2040-12-31 00:00:00+00:00,0.023792874
2041-01-31 00:00:00+00:00,0.023987532
2041-02-28 00:00:00+00:00,0.023748059
2041-03-31 00:00:00+00:00,0.025377085
2041-04-30 00:00:00+00:00,0.030893134
2041-05-31 00:00:00+00:00,0.02447997
2041-06-30 00:00:00+00:00,0.023075178
2041-07-31 00:00:00+00:00,0.022594618
2041-08-31 00:00:00+00:00,0.022306712
2041-09-30 00:00:00+00:00,0.02212476
2041-10-31 00:00:00+00:00,0.022045981
2041-11-30 00:00:00+00:00,0.022270622
2041-12-31 00:00:00+00:00,0.022113016
2042-01-31 00:00:00+00:00,0.022003982
2042-02-28 00:00:00+00:00,0.023371587
2042-03-31 00:00:00+00:00,0.06563721
2042-04-30 00:00:00+00:00,0.0451963
2042-05-31 00:00:00+00:00,0.030242205
2042-06-30 00:00:00+00:00,0.02401544
2042-07-31 00:00:00+00:00,0.021579303
2042-08-31 00:00:00+00:00,0.021032937
2042-09-30 00:00:00+00:00,0.020757528
2042-10-31 00:00:00+00:00,0.020540344
2042-11-30 00:00:00+00:00,0.020368593
2042-12-31 00:00:00+00:00,0.020215232
2043-01-31 00:00:00+00:00,0.034951217
2043-02-28 00:00:00+00:00,0.031052988
2043-03-31 00:00:00+00:00,0.05111796
2043-04-30 00:00:00+00:00,0.028353514
2043-05-31 00:00:00+00:00,0.023154918
2043-06-30 00:00:00+00:00,0.021114329
2043-07-31 00:00:00+00:00,0.020444248
2043-08-31 00:00:00+00:00,0.020218592
2043-09-30 00:00:00+00:00,0.020108903
2043-10-31 00:00:00+00:00,0.020156667
2043-11-30 00:00:00+00:00,0.020081906
2043-12-31 00:00:00+00:00,0.020159604
2044-01-31 00:00:00+00:00,0.020899365
2044-02-29 00:00:00+00:00,0.021598533
2044-03-31 00:00:00+00:00,0.021259582
2044-04-30 00:00:00+00:00,0.020545872
2044-05-31 00:00:00+00:00,0.019765101
2044-06-30 00:00:00+00:00,0.019375455
2044-07-31 00:00:00+00:00,0.019155407
2044-08-31 00:00:00+00:00,0.018995928
2044-09-30 00:00:00+00:00,0.018916765
2044-10-31 00:00:00+00:00,0.018828332
2044-11-30 00:00:00+00:00,0.018696321
2044-12-31 00:00:00+00:00,0.03952373
2045-01-31 00:00:00+00:00,0.31801116
2045-02-28 00:00:00+00:00,0.12091865
2045-03-31 00:00:00+00:00,0.23726787
2045-04-30 00:00:00+00:00,0.09071821
2045-05-31 00:00:00+00:00,0.04765286
2045-06-30 00:00:00+00:00,0.030637648
2045-07-31 00:00:00+00:00,0.02638051
2045-08-31 00:00:00+00:00,0.02541366
2045-09-30 00:00:00+00:00,0.025417585
2045-10-31 00:00:00+00:00,0.025356088
2045-11-30 00:00:00+00:00,0.025077924
2045-12-31 00:00:00+00:00,0.024785746
2046-01-31 00:00:00+00:00,0.03141212
2046-02-28 00:00:00+00:00,0.16288823
2046-03-31 00:00:00+00:00,0.24538444
2046-04-30 00:00:00+00:00,0.095600195
2046-05-31 00:00:00+00:00,0.050863188
2046-06-30 00:00:00+00:00,0.032446582
2046-07-31 00:00:00+00:00,0.027407195
2046-08-31 00:00:00+00:00,0.026411794
2046-09-30 00:00:00+00:00,0.025969211
2046-10-31 00:00:00+00:00,0.02569235
2046-11-30 00:00:00+00:00,0.02672566
2046-12-31 00:00:00+00:00,0.026865147
2047-01-31 00:00:00+00:00,0.037888
2047-02-28 00:00:00+00:00,0.17339005
2047-03-31 00:00:00+00:00,0.12491793
2047-04-30 00:00:00+00:00,0.05974272
2047-05-31 00:00:00+00:00,0.036905736
2047-06-30 00:00:00+00:00,0.029944899
2047-07-31 00:00:00+00:00,0.027519941
2047-08-31 00:00:00+00:00,0.026863798
2047-09-30 00:00:00+00:00,0.0264689
2047-10-31 00:00:00+00:00,0.026161825
2047-11-30 00:00:00+00:00,0.02646473
2047-12-31 00:00:00+00:00,0.040308543
2048-01-31 00:00:00+00:00,0.18419974
2048-02-29 00:00:00+00:00,0.25578773
2048-03-31 00:00:00+00:00,0.33104306
2048-04-30 00:00:00+00:00,0.15679848
2048-05-31 00:00:00+00:00,0.062626734
2048-06-30 00:00:00+00:00,0.04080944
2048-07-31 00:00:00+00:00,0.033798918
2048-08-31 00:00:00+00:00,0.031492565
2048-09-30 00:00:00+00:00,0.030783588
2048-10-31 00:00:00+00:00,0.03027222
2048-11-30 00:00:00+00:00,0.029814655
2048-12-31 00:00:00+00:00,0.029406851
2049-01-31 00:00:00+00:00,0.030140772
2049-02-28 00:00:00+00:00,0.030401891
2049-03-31 00:00:00+00:00,0.033431377
2049-04-30 00:00:00+00:00,0.03063086
2049-05-31 00:00:00+00:00,0.02900233
2049-06-30 00:00:00+00:00,0.02808613
2049-07-31 00:00:00+00:00,0.027597515
2049-08-31 00:00:00+00:00,0.027248118
2049-09-30 00:00:00+00:00,0.027016312
2049-10-31 00:00:00+00:00,0.026780024
2049-11-30 00:00:00+00:00,0.026544446
2049-12-31 00:00:00+00:00,0.028188923
2050-01-31 00:00:00+00:00,0.028566938
2050-02-28 00:00:00+00:00,0.030866992
2050-03-31 00:00:00+00:00,0.060407907
2050-04-30 00:00:00+00:00,0.055689678
2050-05-31 00:00:00+00:00,0.03438058
2050-06-30 00:00:00+00:00,0.028830515
2050-07-31 00:00:00+00:00,0.027690483
2050-08-31 00:00:00+00:00,0.027303914
2050-09-30 00:00:00+00:00,0.026848221
2050-10-31 00:00:00+00:00,0.026523
2050-11-30 00:00:00+00:00,0.02624727
2050-12-31 00:00:00+00:00,0.026048075
2051-01-31 00:00:00+00:00,0.025815532
2051-02-28 00:00:00+00:00,0.025678758
2051-03-31 00:00:00+00:00,0.03644748
2051-04-30 00:00:00+00:00,0.035253573
2051-05-31 00:00:00+00:00,0.028718844
2051-06-30 00:00:00+00:00,0.025922084
2051-07-31 00:00:00+00:00,0.025155237
2051-08-31 00:00:00+00:00,0.02478499
2051-09-30 00:00:00+00:00,0.024529181
2051-10-31 00:00:00+00:00,0.02432398
2051-11-30 00:00:00+00:00,0.024128042
2051-12-31 00:00:00+00:00,0.02393472
2052-01-31 00:00:00+00:00,0.023884278
2052-02-29 00:00:00+00:00,0.040146787
2052-03-31 00:00:00+00:00,0.2650398
2052-04-30 00:00:00+00:00,0.10158759
2052-05-31 00:00:00+00:00,0.0407707
2052-06-30 00:00:00+00:00,0.031063827
2052-07-31 00:00:00+00:00,0.028775202
2052-08-31 00:00:00+00:00,0.028238421
2052-09-30 00:00:00+00:00,0.027874064
2052-10-31 00:00:00+00:00,0.027534846
2052-11-30 00:00:00+00:00,0.027467072
2052-12-31 00:00:00+00:00,0.035109643
2053-01-31 00:00:00+00:00,0.045146964
2053-02-28 00:00:00+00:00,0.08668191
2053-03-31 00:00:00+00:00,0.066043705
2053-04-30 00:00:00+00:00,0.05111621
2053-05-31 00:00:00+00:00,0.03275516
2053-06-30 00:00:00+00:00,0.028033823
2053-07-31 00:00:00+00:00,0.026626112
2053-08-31 00:00:00+00:00,0.026187858
2053-09-30 00:00:00+00:00,0.025907626
2053-10-31 00:00:00+00:00,0.025672367
2053-11-30 00:00:00+00:00,0.025456196
2053-12-31 00:00:00+00:00,0.026842205
2054-01-31 00:00:00+00:00,0.026551351
2054-02-28 00:00:00+00:00,0.02984797
2054-03-31 00:00:00+00:00,0.11334823
2054-04-30 00:00:00+00:00,0.06781847
2054-05-31 00:00:00+00:00,0.032590203
2054-06-30 00:00:00+00:00,0.027401742
2054-07-31 00:00:00+00:00,0.02587745
2054-08-31 00:00:00+00:00,0.025756273
2054-09-30 00:00:00+00:00,0.025371375
2054-10-31 00:00:00+00:00,0.024991902
2054-11-30 00:00:00+00:00,0.024690866
2054-12-31 00:00:00+00:00,0.02443382
2055-01-31 00:00:00+00:00,0.024816753
2055-02-28 00:00:00+00:00,0.026484719
2055-03-31 00:00:00+00:00,0.026023319
2055-04-30 00:00:00+00:00,0.03866834
2055-05-31 00:00:00+00:00,0.034888577
2055-06-30 00:00:00+00:00,0.025110409
2055-07-31 00:00:00+00:00,0.023830371
2055-08-31 00:00:00+00:00,0.023304481
2055-09-30 00:00:00+00:00,0.022968357
2055-10-31 00:00:00+00:00,0.022722535
2055-11-30 00:00:00+00:00,0.022524832
2055-12-31 00:00:00+00:00,0.022334618
2056-01-31 00:00:00+00:00,0.022579636
2056-02-29 00:00:00+00:00,0.022792986
2056-03-31 00:00:00+00:00,0.030249419
2056-04-30 00:00:00+00:00,0.048626732
2056-05-31 00:00:00+00:00,0.031329956
2056-06-30 00:00:00+00:00,0.023330973
2056-07-31 00:00:00+00:00,0.021876091
2056-08-31 00:00:00+00:00,0.021424763
2056-09-30 00:00:00+00:00,0.021321496
2056-10-31 00:00:00+00:00,0.02113135
2056-11-30 00:00:00+00:00,0.023359064
2056-12-31 00:00:00+00:00,0.03181433
2057-01-31 00:00:00+00:00,0.028797593
2057-02-28 00:00:00+00:00,0.025053574
2057-03-31 00:00:00+00:00,0.09595445
2057-04-30 00:00:00+00:00,0.043320127
2057-05-31 00:00:00+00:00,0.02510279
2057-06-30 00:00:00+00:00,0.021786112
2057-07-31 00:00:00+00:00,0.02048928
2057-08-31 00:00:00+00:00,0.020156402
2057-09-30 00:00:00+00:00,0.020142391
2057-10-31 00:00:00+00:00,0.020130426
2057-11-30 00:00:00+00:00,0.048353583
2057-12-31 00:00:00+00:00,0.038241073
2058-01-31 00:00:00+00:00,0.033642694
2058-02-28 00:00:00+00:00,0.03144195
2058-03-31 00:00:00+00:00,0.040430587
2058-04-30 00:00:00+00:00,0.02974141
2058-05-31 00:00:00+00:00,0.02523644
2058-06-30 00:00:00+00:00,0.023792941
2058-07-31 00:00:00+00:00,0.023138467
2058-08-31 00:00:00+00:00,0.02335095
2058-09-30 00:00:00+00:00,0.0245284
2058-10-31 00:00:00+00:00,0.023890441
2058-11-30 00:00:00+00:00,0.023684554
2058-12-31 00:00:00+00:00,0.023674585
2059-01-31 00:00:00+00:00,0.2039124
2059-02-28 00:00:00+00:00,0.19220804
2059-03-31 00:00:00+00:00,0.09015958
2059-04-30 00:00:00+00:00,0.046792332
2059-05-31 00:00:00+00:00,0.03739862
2059-06-30 00:00:00+00:00,0.031630665
2059-07-31 00:00:00+00:00,0.029137542
2059-08-31 00:00:00+00:00,0.028324144
2059-09-30 00:00:00+00:00,0.027990928
2059-10-31 00:00:00+00:00,0.02756932
2059-11-30 00:00:00+00:00,0.027164124
2059-12-31 00:00:00+00:00,0.034773856
2060-01-31 00:00:00+00:00,0.19442362
2060-02-29 00:00:00+00:00,0.39570802
2060-03-31 00:00:00+00:00,0.31295612
2060-04-30 00:00:00+00:00,0.19971658
2060-05-31 00:00:00+00:00,0.058276676
2060-06-30 00:00:00+00:00,0.037131026
2060-07-31 00:00:00+00:00,0.031023301
2060-08-31 00:00:00+00:00,0.02901612
2060-09-30 00:00:00+00:00,0.02835183
2060-10-31 00:00:00+00:00,0.028808154
2060-11-30 00:00:00+00:00,0.028361103
2060-12-31 00:00:00+00:00,0.029309466
2061-01-31 00:00:00+00:00,0.029338712
2061-02-28 00:00:00+00:00,0.028125407
2061-03-31 00:00:00+00:00,0.03297317
2061-04-30 00:00:00+00:00,0.035838254
2061-05-31 00:00:00+00:00,0.028123492
2061-06-30 00:00:00+00:00,0.026432756
2061-07-31 00:00:00+00:00,0.025867172
2061-08-31 00:00:00+00:00,0.02569762
2061-09-30 00:00:00+00:00,0.036130443
2061-10-31 00:00:00+00:00,0.031804208
2061-11-30 00:00:00+00:00,0.029206634
2061-12-31 00:00:00+00:00,0.02802761
2062-01-31 00:00:00+00:00,0.02883704
2062-02-28 00:00:00+00:00,0.040587176
2062-03-31 00:00:00+00:00,0.09456392
2062-04-30 00:00:00+00:00,0.043974157
2062-05-31 00:00:00+00:00,0.030561266
2062-06-30 00:00:00+00:00,0.02706966
2062-07-31 00:00:00+00:00,0.026297038
2062-08-31 00:00:00+00:00,0.02591919
2062-09-30 00:00:00+00:00,0.025648227
2062-10-31 00:00:00+00:00,0.025431937
2062-11-30 00:00:00+00:00,0.025224602
2062-12-31 00:00:00+00:00,0.025732767
2063-01-31 00:00:00+00:00,0.025974585
2063-02-28 00:00:00+00:00,0.026112411
2063-03-31 00:00:00+00:00,0.026393404
2063-04-30 00:00:00+00:00,0.025283556
2063-05-31 00:00:00+00:00,0.024551189
2063-06-30 00:00:00+00:00,0.02410787
2063-07-31 00:00:00+00:00,0.023816025
2063-08-31 00:00:00+00:00,0.023881808
2063-09-30 00:00:00+00:00,0.024618285
2063-10-31 00:00:00+00:00,0.024151761
2063-11-30 00:00:00+00:00,0.023936067
2063-12-31 00:00:00+00:00,0.023749135
2064-01-31 00:00:00+00:00,0.023593038
2064-02-29 00:00:00+00:00,0.026848882
2064-03-31 00:00:00+00:00,0.032596536
2064-04-30 00:00:00+00:00,0.027621873
2064-05-31 00:00:00+00:00,0.02441025
2064-06-30 00:00:00+00:00,0.023322396
2064-07-31 00:00:00+00:00,0.022916023
2064-08-31 00:00:00+00:00,0.02265111
2064-09-30 00:00:00+00:00,0.022455227
2064-10-31 00:00:00+00:00,0.022278434
2064-11-30 00:00:00+00:00,0.022099985
2064-12-31 00:00:00+00:00,0.023508623
2065-01-31 00:00:00+00:00,0.07808397
2065-02-28 00:00:00+00:00,0.1277801
2065-03-31 00:00:00+00:00,0.07020412
2065-04-30 00:00:00+00:00,0.040662445
2065-05-31 00:00:00+00:00,0.03119302
2065-06-30 00:00:00+00:00,0.024020987
2065-07-31 00:00:00+00:00,0.02245888
2065-08-31 00:00:00+00:00,0.022171417
2065-09-30 00:00:00+00:00,0.021975452
2065-10-31 00:00:00+00:00,0.02180458
2065-11-30 00:00:00+00:00,0.023731254
2065-12-31 00:00:00+00:00,0.023840163
2066-01-31 00:00:00+00:00,0.024752704
2066-02-28 00:00:00+00:00,0.026616838
2066-03-31 00:00:00+00:00,0.10538469
2066-04-30 00:00:00+00:00,0.089967676
2066-05-31 00:00:00+00:00,0.029565768
2066-06-30 00:00:00+00:00,0.023109546
2066-07-31 00:00:00+00:00,0.02130684
2066-08-31 00:00:00+00:00,0.020904003
2066-09-30 00:00:00+00:00,0.020657636
2066-10-31 00:00:00+00:00,0.02048139
2066-11-30 00:00:00+00:00,0.020324426
2066-12-31 00:00:00+00:00,0.020323275
2067-01-31 00:00:00+00:00,0.05965935
2067-02-28 00:00:00+00:00,0.14740779
2067-03-31 00:00:00+00:00,0.18474737
2067-04-30 00:00:00+00:00,0.14138038
2067-05-31 00:00:00+00:00,0.03740834
2067-06-30 00:00:00+00:00,0.026249735
2067-07-31 00:00:00+00:00,0.022138238
2067-08-31 00:00:00+00:00,0.021379808
2067-09-30 00:00:00+00:00,0.021096358
2067-10-31 00:00:00+00:00,0.02090255
2067-11-30 00:00:00+00:00,0.020743066
2067-12-31 00:00:00+00:00,0.021701539
2068-01-31 00:00:00+00:00,0.0237683
2068-02-29 00:00:00+00:00,0.16951671
2068-03-31 00:00:00+00:00,0.16291605
2068-04-30 00:00:00+00:00,0.063732356
2068-05-31 00:00:00+00:00,0.031579547
2068-06-30 00:00:00+00:00,0.023430292
2068-07-31 00:00:00+00:00,0.020651741
2068-08-31 00:00:00+00:00,0.02023275
2068-09-30 00:00:00+00:00,0.020015014
2068-10-31 00:00:00+00:00,0.019922478
2068-11-30 00:00:00+00:00,0.019795628
2068-12-31 00:00:00+00:00,0.019906336
2069-01-31 00:00:00+00:00,0.11999451
2069-02-28 00:00:00+00:00,0.26934564
2069-03-31 00:00:00+00:00,0.32085255
2069-04-30 00:00:00+00:00,0.058538094
2069-05-31 00:00:00+00:00,0.03609319
2069-06-30 00:00:00+00:00,0.028376052
2069-07-31 00:00:00+00:00,0.025924752
2069-08-31 00:00:00+00:00,0.025297394
2069-09-30 00:00:00+00:00,0.02501879
2069-10-31 00:00:00+00:00,0.024796205
2069-11-30 00:00:00+00:00,0.02461763
2069-12-31 00:00:00+00:00,0.024661414
2070-01-31 00:00:00+00:00,0.028125968
2070-02-28 00:00:00+00:00,0.11115303
2070-03-31 00:00:00+00:00,0.15802987
2070-04-30 00:00:00+00:00,0.17349131
2070-05-31 00:00:00+00:00,0.054806583
2070-06-30 00:00:00+00:00,0.032698575
2070-07-31 00:00:00+00:00,0.027293023
2070-08-31 00:00:00+00:00,0.026079407
2070-09-30 00:00:00+00:00,0.025536316
2070-10-31 00:00:00+00:00,0.025192054
2070-11-30 00:00:00+00:00,0.024945308
2070-12-31 00:00:00+00:00,0.024735427
2071-01-31 00:00:00+00:00,0.024554912
2071-02-28 00:00:00+00:00,0.10956993
2071-03-31 00:00:00+00:00,0.25687486
2071-04-30 00:00:00+00:00,0.14573118
2071-05-31 00:00:00+00:00,0.046410564
2071-06-30 00:00:00+00:00,0.032250483
2071-07-31 00:00:00+00:00,0.02731122
2071-08-31 00:00:00+00:00,0.026204301
2071-09-30 00:00:00+00:00,0.025790436
2071-10-31 00:00:00+00:00,0.025537191
2071-11-30 00:00:00+00:00,0.025351582
2071-12-31 00:00:00+00:00,0.027315369
2072-01-31 00:00:00+00:00,0.026399154
2072-02-29 00:00:00+00:00,0.025597302
2072-03-31 00:00:00+00:00,0.027295377
2072-04-30 00:00:00+00:00,0.034602817
2072-05-31 00:00:00+00:00,0.028992513
2072-06-30 00:00:00+00:00,0.025829323
2072-07-31 00:00:00+00:00,0.02486171
2072-08-31 00:00:00+00:00,0.024337469
2072-09-30 00:00:00+00:00,0.023976447
2072-10-31 00:00:00+00:00,0.023698794
2072-11-30 00:00:00+00:00,0.023462202
2072-12-31 00:00:00+00:00,0.02323752
2073-01-31 00:00:00+00:00,0.17277867
2073-02-28 00:00:00+00:00,0.22396
2073-03-31 00:00:00+00:00,0.16361457
2073-04-30 00:00:00+00:00,0.097559035
2073-05-31 00:00:00+00:00,0.061005976
2073-06-30 00:00:00+00:00,0.042950444
2073-07-31 00:00:00+00:00,0.03476748
2073-08-31 00:00:00+00:00,0.033130195
2073-09-30 00:00:00+00:00,0.032618478
2073-10-31 00:00:00+00:00,0.03207332
2073-11-30 00:00:00+00:00,0.031629104
2073-12-31 00:00:00+00:00,0.031481627
2074-01-31 00:00:00+00:00,0.031506743
2074-02-28 00:00:00+00:00,0.039895937
2074-03-31 00:00:00+00:00,0.05239636
2074-04-30 00:00:00+00:00,0.035541177
2074-05-31 00:00:00+00:00,0.031794507
2074-06-30 00:00:00+00:00,0.03159135
2074-07-31 00:00:00+00:00,0.030214025
2074-08-31 00:00:00+00:00,0.029896192
2074-09-30 00:00:00+00:00,0.03343992
2074-10-31 00:00:00+00:00,0.031903584
2074-11-30 00:00:00+00:00,0.030337391
2074-12-31 00:00:00+00:00,0.03750861
2075-01-31 00:00:00+00:00,0.03530918
2075-02-28 00:00:00+00:00,0.23146585
2075-03-31 00:00:00+00:00,0.29045683
2075-04-30 00:00:00+00:00,0.080557905
2075-05-31 00:00:00+00:00,0.048084326
2075-06-30 00:00:00+00:00,0.036963273
2075-07-31 00:00:00+00:00,0.03358017
2075-08-31 00:00:00+00:00,0.03244692
2075-09-30 00:00:00+00:00,0.03234435
2075-10-31 00:00:00+00:00,0.03197156
2075-11-30 00:00:00+00:00,0.031424917
2075-12-31 00:00:00+00:00,0.03190024
2076-01-31 00:00:00+00:00,0.032911725
2076-02-29 00:00:00+00:00,0.038448006
2076-03-31 00:00:00+00:00,0.041098006
2076-04-30 00:00:00+00:00,0.034616098
2076-05-31 00:00:00+00:00,0.031529605
2076-06-30 00:00:00+00:00,0.030022556
2076-07-31 00:00:00+00:00,0.029411228
2076-08-31 00:00:00+00:00,0.0290071
2076-09-30 00:00:00+00:00,0.028974246
2076-10-31 00:00:00+00:00,0.028659444
2076-11-30 00:00:00+00:00,0.028356612
2076-12-31 00:00:00+00:00,0.03458046
2077-01-31 00:00:00+00:00,0.08962758
2077-02-28 00:00:00+00:00,0.43656728
2077-03-31 00:00:00+00:00,0.21891251
2077-04-30 00:00:00+00:00,0.08523672
2077-05-31 00:00:00+00:00,0.054492448
2077-06-30 00:00:00+00:00,0.04001394
2077-07-31 00:00:00+00:00,0.034898575
2077-08-31 00:00:00+00:00,0.03334677
2077-09-30 00:00:00+00:00,0.03270643
2077-10-31 00:00:00+00:00,0.032243323
2077-11-30 00:00:00+00:00,0.031791385
2077-12-31 00:00:00+00:00,0.031389654
2078-01-31 00:00:00+00:00,0.03320796
2078-02-28 00:00:00+00:00,0.15700963
2078-03-31 00:00:00+00:00,0.16250661
2078-04-30 00:00:00+00:00,0.15396854
2078-05-31 00:00:00+00:00,0.064104296
2078-06-30 00:00:00+00:00,0.04207273
2078-07-31 00:00:00+00:00,0.03658275
2078-08-31 00:00:00+00:00,0.03500662
2078-09-30 00:00:00+00:00,0.034059167
2078-10-31 00:00:00+00:00,0.033263046
2078-11-30 00:00:00+00:00,0.032707814
2078-12-31 00:00:00+00:00,0.032506846
2079-01-31 00:00:00+00:00,0.04765052
2079-02-28 00:00:00+00:00,0.09838113
2079-03-31 00:00:00+00:00,0.1055491
2079-04-30 00:00:00+00:00,0.1125786
2079-05-31 00:00:00+00:00,0.04177699
2079-06-30 00:00:00+00:00,0.03485315
2079-07-31 00:00:00+00:00,0.032525018
2079-08-31 00:00:00+00:00,0.032040704
2079-09-30 00:00:00+00:00,0.032010827
2079-10-31 00:00:00+00:00,0.03218348
2079-11-30 00:00:00+00:00,0.03340821
2079-12-31 00:00:00+00:00,0.040391292
2080-01-31 00:00:00+00:00,0.119107835
2080-02-29 00:00:00+00:00,0.90749204
2080-03-31 00:00:00+00:00,0.66914815
2080-04-30 00:00:00+00:00,0.15877868
2080-05-31 00:00:00+00:00,0.08131091
2080-06-30 00:00:00+00:00,0.058157552
2080-07-31 00:00:00+00:00,0.047724213
2080-08-31 00:00:00+00:00,0.042422496
2080-09-30 00:00:00+00:00,0.039886914
2080-10-31 00:00:00+00:00,0.038896095
2080-11-30 00:00:00+00:00,0.043109957
2080-12-31 00:00:00+00:00,0.053448237
2081-01-31 00:00:00+00:00,0.10019427
2081-02-28 00:00:00+00:00,0.20164724
2081-03-31 00:00:00+00:00,0.12987441
2081-04-30 00:00:00+00:00,0.17801428
2081-05-31 00:00:00+00:00,0.06050182
2081-06-30 00:00:00+00:00,0.046300832
2081-07-31 00:00:00+00:00,0.040901426
2081-08-31 00:00:00+00:00,0.039006006
2081-09-30 00:00:00+00:00,0.037919737
2081-10-31 00:00:00+00:00,0.037207443
2081-11-30 00:00:00+00:00,0.03665058
2081-12-31 00:00:00+00:00,0.036157265
2082-01-31 00:00:00+00:00,0.1087814
2082-02-28 00:00:00+00:00,0.08706717
2082-03-31 00:00:00+00:00,0.08827133
2082-04-30 00:00:00+00:00,0.05350031
2082-05-31 00:00:00+00:00,0.04290585
2082-06-30 00:00:00+00:00,0.038900085
2082-07-31 00:00:00+00:00,0.03751215
2082-08-31 00:00:00+00:00,0.036786735
2082-09-30 00:00:00+00:00,0.036294974
2082-10-31 00:00:00+00:00,0.03582348
2082-11-30 00:00:00+00:00,0.03539487
2082-12-31 00:00:00+00:00,0.035322648
2083-01-31 00:00:00+00:00,0.039881967
2083-02-28 00:00:00+00:00,0.109451205
2083-03-31 00:00:00+00:00,0.096620224
2083-04-30 00:00:00+00:00,0.13807328
2083-05-31 00:00:00+00:00,0.08719809
2083-06-30 00:00:00+00:00,0.039859585
2083-07-31 00:00:00+00:00,0.03497352
2083-08-31 00:00:00+00:00,0.034207452
2083-09-30 00:00:00+00:00,0.033633593
2083-10-31 00:00:00+00:00,0.033193085
2083-11-30 00:00:00+00:00,0.032846414
2083-12-31 00:00:00+00:00,0.03258813
2084-01-31 00:00:00+00:00,0.036102597
2084-02-29 00:00:00+00:00,0.10802919
2084-03-31 00:00:00+00:00,0.2230144
2084-04-30 00:00:00+00:00,0.16210935
2084-05-31 00:00:00+00:00,0.06839809
2084-06-30 00:00:00+00:00,0.038193833
2084-07-31 00:00:00+00:00,0.032840446
2084-08-31 00:00:00+00:00,0.03466474
2084-09-30 00:00:00+00:00,0.048618775
2084-10-31 00:00:00+00:00,0.039891183
2084-11-30 00:00:00+00:00,0.036437526
2084-12-31 00:00:00+00:00,0.03490876
2085-01-31 00:00:00+00:00,0.03565085
2085-02-28 00:00:00+00:00,0.035978824
2085-03-31 00:00:00+00:00,0.035791084
2085-04-30 00:00:00+00:00,0.034702603
2085-05-31 00:00:00+00:00,0.033150643
2085-06-30 00:00:00+00:00,0.032477386
2085-07-31 00:00:00+00:00,0.03208204
2085-08-31 00:00:00+00:00,0.031816892
2085-09-30 00:00:00+00:00,0.031781036
2085-10-31 00:00:00+00:00,0.031550623
2085-11-30 00:00:00+00:00,0.03250865
2085-12-31 00:00:00+00:00,0.033133127
2086-01-31 00:00:00+00:00,0.08917522
2086-02-28 00:00:00+00:00,0.22314079
2086-03-31 00:00:00+00:00,0.13413319
2086-04-30 00:00:00+00:00,0.06846098
2086-05-31 00:00:00+00:00,0.090079814
2086-06-30 00:00:00+00:00,0.044012804
2086-07-31 00:00:00+00:00,0.034108452
2086-08-31 00:00:00+00:00,0.03203448
2086-09-30 00:00:00+00:00,0.032297835
2086-10-31 00:00:00+00:00,0.031809326
2086-11-30 00:00:00+00:00,0.036097605
2086-12-31 00:00:00+00:00,0.034212746
2087-01-31 00:00:00+00:00,0.03623724
2087-02-28 00:00:00+00:00,0.03682098
2087-03-31 00:00:00+00:00,0.03560185
2087-04-30 00:00:00+00:00,0.041465927
2087-05-31 00:00:00+00:00,0.0326292
2087-06-30 00:00:00+00:00,0.030618696
2087-07-31 00:00:00+00:00,0.029897083
2087-08-31 00:00:00+00:00,0.029483806
2087-09-30 00:00:00+00:00,0.029171403
2087-10-31 00:00:00+00:00,0.028910777
2087-11-30 00:00:00+00:00,0.028665971
2087-12-31 00:00:00+00:00,0.028859666
2088-01-31 00:00:00+00:00,0.05002099
2088-02-29 00:00:00+00:00,0.64414465
2088-03-31 00:00:00+00:00,0.5886932
2088-04-30 00:00:00+00:00,0.18249817
2088-05-31 00:00:00+00:00,0.08549134
2088-06-30 00:00:00+00:00,0.05611058
2088-07-31 00:00:00+00:00,0.044995002
2088-08-31 00:00:00+00:00,0.04081191
2088-09-30 00:00:00+00:00,0.039118793
2088-10-31 00:00:00+00:00,0.038165383
2088-11-30 00:00:00+00:00,0.03749108
2088-12-31 00:00:00+00:00,0.03718335
2089-01-31 00:00:00+00:00,0.04006049
2089-02-28 00:00:00+00:00,0.1439182
2089-03-31 00:00:00+00:00,0.13634089
2089-04-30 00:00:00+00:00,0.055155642
2089-05-31 00:00:00+00:00,0.045569006
2089-06-30 00:00:00+00:00,0.03938372
2089-07-31 00:00:00+00:00,0.036096185
2089-08-31 00:00:00+00:00,0.03548124
2089-09-30 00:00:00+00:00,0.03533848
2089-10-31 00:00:00+00:00,0.035333537
2089-11-30 00:00:00+00:00,0.03485168
2089-12-31 00:00:00+00:00,0.034426942
2090-01-31 00:00:00+00:00,0.04983394
2090-02-28 00:00:00+00:00,0.08433241
2090-03-31 00:00:00+00:00,0.07299849
2090-04-30 00:00:00+00:00,0.06293127
2090-05-31 00:00:00+00:00,0.0390557
2090-06-30 00:00:00+00:00,0.034373492
2090-07-31 00:00:00+00:00,0.0333508
2090-08-31 00:00:00+00:00,0.03287841
2090-09-30 00:00:00+00:00,0.032532226
2090-10-31 00:00:00+00:00,0.032236673
2090-11-30 00:00:00+00:00,0.031956915
2090-12-31 00:00:00+00:00,0.031680964
2091-01-31 00:00:00+00:00,0.03142716
2091-02-28 00:00:00+00:00,0.031233113
2091-03-31 00:00:00+00:00,0.031284418
2091-04-30 00:00:00+00:00,0.031177497
2091-05-31 00:00:00+00:00,0.030714579
2091-06-30 00:00:00+00:00,0.030285947
2091-07-31 00:00:00+00:00,0.029971076
2091-08-31 00:00:00+00:00,0.029686531
2091-09-30 00:00:00+00:00,0.029421568
2091-10-31 00:00:00+00:00,0.02916648
2091-11-30 00:00:00+00:00,0.030805975
2091-12-31 00:00:00+00:00,0.029851839
2092-01-31 00:00:00+00:00,0.033189688
2092-02-29 00:00:00+00:00,0.032709926
2092-03-31 00:00:00+00:00,0.030678872
2092-04-30 00:00:00+00:00,0.029155742
2092-05-31 00:00:00+00:00,0.028401257
2092-06-30 00:00:00+00:00,0.028014235
2092-07-31 00:00:00+00:00,0.027744947
2092-08-31 00:00:00+00:00,0.027511584
2092-09-30 00:00:00+00:00,0.027285522
2092-10-31 00:00:00+00:00,0.027058512
2092-11-30 00:00:00+00:00,0.026840385
2092-12-31 00:00:00+00:00,0.0266809
2093-01-31 00:00:00+00:00,0.033415787
2093-02-28 00:00:00+00:00,0.40898964
2093-03-31 00:00:00+00:00,0.24012677
2093-04-30 00:00:00+00:00,0.08988162
2093-05-31 00:00:00+00:00,0.053306192
2093-06-30 00:00:00+00:00,0.04150141
2093-07-31 00:00:00+00:00,0.03720162
2093-08-31 00:00:00+00:00,0.03590854
2093-09-30 00:00:00+00:00,0.035398047
2093-10-31 00:00:00+00:00,0.03497717
2093-11-30 00:00:00+00:00,0.03456154
2093-12-31 00:00:00+00:00,0.0341888
2094-01-31 00:00:00+00:00,0.048375137
2094-02-28 00:00:00+00:00,0.07598251
2094-03-31 00:00:00+00:00,0.06157129
2094-04-30 00:00:00+00:00,0.068724774
2094-05-31 00:00:00+00:00,0.039051984
2094-06-30 00:00:00+00:00,0.03393662
2094-07-31 00:00:00+00:00,0.03260755
2094-08-31 00:00:00+00:00,0.032072302
2094-09-30 00:00:00+00:00,0.031698436
2094-10-31 00:00:00+00:00,0.031392515
2094-11-30 00:00:00+00:00,0.031472232
2094-12-31 00:00:00+00:00,0.039240435
2095-01-31 00:00:00+00:00,0.035784326
2095-02-28 00:00:00+00:00,0.07542331
2095-03-31 00:00:00+00:00,0.053111203
2095-04-30 00:00:00+00:00,0.03679118
2095-05-31 00:00:00+00:00,0.032739326
2095-06-30 00:00:00+00:00,0.030503266
2095-07-31 00:00:00+00:00,0.029944982
2095-08-31 00:00:00+00:00,0.029590275
2095-09-30 00:00:00+00:00,0.02933332
2095-10-31 00:00:00+00:00,0.02906901
2095-11-30 00:00:00+00:00,0.028804785
2095-12-31 00:00:00+00:00,0.0285435
2096-01-31 00:00:00+00:00,0.030846322
2096-02-29 00:00:00+00:00,0.047210656
2096-03-31 00:00:00+00:00,0.059382442
2096-04-30 00:00:00+00:00,0.033565313
2096-05-31 00:00:00+00:00,0.029423762
2096-06-30 00:00:00+00:00,0.028021017
2096-07-31 00:00:00+00:00,0.02750817
2096-08-31 00:00:00+00:00,0.027171023
2096-09-30 00:00:00+00:00,0.026914878
2096-10-31 00:00:00+00:00,0.026684564
2096-11-30 00:00:00+00:00,0.026456831
2096-12-31 00:00:00+00:00,0.026487585
2097-01-31 00:00:00+00:00,0.027016342
2097-02-28 00:00:00+00:00,0.03521478
2097-03-31 00:00:00+00:00,0.14192465
2097-04-30 00:00:00+00:00,0.08393988
2097-05-31 00:00:00+00:00,0.041373715
2097-06-30 00:00:00+00:00,0.03371086
2097-07-31 00:00:00+00:00,0.031014107
2097-08-31 00:00:00+00:00,0.030080946
2097-09-30 00:00:00+00:00,0.029433466
2097-10-31 00:00:00+00:00,0.028934864
2097-11-30 00:00:00+00:00,0.028525189
2097-12-31 00:00:00+00:00,0.0285828
2098-01-31 00:00:00+00:00,0.0346661
2098-02-28 00:00:00+00:00,0.09315798
2098-03-31 00:00:00+00:00,0.19748522
2098-04-30 00:00:00+00:00,0.057080157
2098-05-31 00:00:00+00:00,0.056168072
2098-06-30 00:00:00+00:00,0.032376703
2098-07-31 00:00:00+00:00,0.02837356
2098-08-31 00:00:00+00:00,0.02748377
2098-09-30 00:00:00+00:00,0.027010374
2098-10-31 00:00:00+00:00,0.026670232
2098-11-30 00:00:00+00:00,0.026403543
2098-12-31 00:00:00+00:00,0.035943694
2099-01-31 00:00:00+00:00,0.03341634
2099-02-28 00:00:00+00:00,0.12898202
2099-03-31 00:00:00+00:00,0.1475159
2099-04-30 00:00:00+00:00,0.049599458
2099-05-31 00:00:00+00:00,0.03083098
2099-06-30 00:00:00+00:00,0.026828896
2099-07-31 00:00:00+00:00,0.025952106
2099-08-31 00:00:00+00:00,0.025561403
2099-09-30 00:00:00+00:00,0.025343979
2099-10-31 00:00:00+00:00,0.025125474
2099-11-30 00:00:00+00:00,0.024893917
2099-12-31 00:00:00+00:00,0.024666488
