time,et_month_HadGEM2-ES_rcp45
2006-01-31 00:00:00+00:00,0.08780984
2006-02-28 00:00:00+00:00,0.17188667
2006-03-31 00:00:00+00:00,0.14330165
2006-04-30 00:00:00+00:00,0.13107131
2006-05-31 00:00:00+00:00,0.028584873
2006-06-30 00:00:00+00:00,0.013872483
2006-07-31 00:00:00+00:00,0.062379885
2006-08-31 00:00:00+00:00,0.08470403
2006-09-30 00:00:00+00:00,0.21670416
2006-10-31 00:00:00+00:00,0.08408756
2006-11-30 00:00:00+00:00,0.015219516
2006-12-31 00:00:00+00:00,0.4831599
2007-01-31 00:00:00+00:00,0.5780379
2007-02-28 00:00:00+00:00,1.0184813
2007-03-31 00:00:00+00:00,1.073422
2007-04-30 00:00:00+00:00,1.0697824
2007-05-31 00:00:00+00:00,0.77496314
2007-06-30 00:00:00+00:00,0.30656123
2007-07-31 00:00:00+00:00,0.11057064
2007-08-31 00:00:00+00:00,0.12639864
2007-09-30 00:00:00+00:00,0.3416913
2007-10-31 00:00:00+00:00,0.7878856
2007-11-30 00:00:00+00:00,0.50920063
2007-12-31 00:00:00+00:00,0.37156245
2008-01-31 00:00:00+00:00,0.30846736
2008-02-29 00:00:00+00:00,0.5378604
2008-03-31 00:00:00+00:00,0.80162436
2008-04-30 00:00:00+00:00,0.7718277
2008-05-31 00:00:00+00:00,0.31959215
2008-06-30 00:00:00+00:00,0.16243453
2008-07-31 00:00:00+00:00,0.24541895
2008-08-31 00:00:00+00:00,0.27656302
2008-09-30 00:00:00+00:00,0.058811877
2008-10-31 00:00:00+00:00,0.011785086
2008-11-30 00:00:00+00:00,0.05943999
2008-12-31 00:00:00+00:00,0.018400198
2009-01-31 00:00:00+00:00,0.2545384
2009-02-28 00:00:00+00:00,1.420197
2009-03-31 00:00:00+00:00,1.4557257
2009-04-30 00:00:00+00:00,1.3553876
2009-05-31 00:00:00+00:00,0.70608133
2009-06-30 00:00:00+00:00,0.24757947
2009-07-31 00:00:00+00:00,0.29000038
2009-08-31 00:00:00+00:00,0.11442417
2009-09-30 00:00:00+00:00,0.18808363
2009-10-31 00:00:00+00:00,0.061938584
2009-11-30 00:00:00+00:00,0.258226
2009-12-31 00:00:00+00:00,0.3325418
2010-01-31 00:00:00+00:00,0.23268582
2010-02-28 00:00:00+00:00,0.5016676
2010-03-31 00:00:00+00:00,0.57501864
2010-04-30 00:00:00+00:00,0.24751554
2010-05-31 00:00:00+00:00,0.09354239
2010-06-30 00:00:00+00:00,0.037475836
2010-07-31 00:00:00+00:00,0.029644497
2010-08-31 00:00:00+00:00,0.38513893
2010-09-30 00:00:00+00:00,0.06171259
2010-10-31 00:00:00+00:00,0.03854669
2010-11-30 00:00:00+00:00,0.005615594
2010-12-31 00:00:00+00:00,0.09629188
2011-01-31 00:00:00+00:00,0.375668
2011-02-28 00:00:00+00:00,0.85359395
2011-03-31 00:00:00+00:00,0.54405665
2011-04-30 00:00:00+00:00,0.34629723
2011-05-31 00:00:00+00:00,0.31064945
2011-06-30 00:00:00+00:00,0.14313385
2011-07-31 00:00:00+00:00,0.07811658
2011-08-31 00:00:00+00:00,0.83839834
2011-09-30 00:00:00+00:00,1.4844785
2011-10-31 00:00:00+00:00,0.2596061
2011-11-30 00:00:00+00:00,0.36180887
2011-12-31 00:00:00+00:00,0.41250947
2012-01-31 00:00:00+00:00,0.56613415
2012-02-29 00:00:00+00:00,0.4570476
2012-03-31 00:00:00+00:00,0.595374
2012-04-30 00:00:00+00:00,0.504509
2012-05-31 00:00:00+00:00,0.35547575
2012-06-30 00:00:00+00:00,0.100846805
2012-07-31 00:00:00+00:00,0.06512108
2012-08-31 00:00:00+00:00,0.16470656
2012-09-30 00:00:00+00:00,0.061513875
2012-10-31 00:00:00+00:00,0.0036025948
2012-11-30 00:00:00+00:00,0.2916525
2012-12-31 00:00:00+00:00,0.2607884
2013-01-31 00:00:00+00:00,0.61752003
2013-02-28 00:00:00+00:00,0.64336073
2013-03-31 00:00:00+00:00,0.64933443
2013-04-30 00:00:00+00:00,0.37330607
2013-05-31 00:00:00+00:00,0.21890175
2013-06-30 00:00:00+00:00,0.08417888
2013-07-31 00:00:00+00:00,0.19034989
2013-08-31 00:00:00+00:00,0.6930709
2013-09-30 00:00:00+00:00,0.44002175
2013-10-31 00:00:00+00:00,0.54292583
2013-11-30 00:00:00+00:00,0.38562724
2013-12-31 00:00:00+00:00,0.39540166
2014-01-31 00:00:00+00:00,0.45371464
2014-02-28 00:00:00+00:00,1.0640168
2014-03-31 00:00:00+00:00,1.1626793
2014-04-30 00:00:00+00:00,1.0905168
2014-05-31 00:00:00+00:00,0.47702533
2014-06-30 00:00:00+00:00,0.16508375
2014-07-31 00:00:00+00:00,0.09445389
2014-08-31 00:00:00+00:00,0.30059657
2014-09-30 00:00:00+00:00,0.28540206
2014-10-31 00:00:00+00:00,0.2456167
2014-11-30 00:00:00+00:00,0.31459266
2014-12-31 00:00:00+00:00,0.4169406
2015-01-31 00:00:00+00:00,0.37908822
2015-02-28 00:00:00+00:00,0.928882
2015-03-31 00:00:00+00:00,1.4102122
2015-04-30 00:00:00+00:00,1.051269
2015-05-31 00:00:00+00:00,0.38271165
2015-06-30 00:00:00+00:00,0.32210714
2015-07-31 00:00:00+00:00,0.15945491
2015-08-31 00:00:00+00:00,0.1241244
2015-09-30 00:00:00+00:00,0.0327779
2015-10-31 00:00:00+00:00,0.0054244176
2015-11-30 00:00:00+00:00,0.20690744
2015-12-31 00:00:00+00:00,0.36101335
2016-01-31 00:00:00+00:00,0.70536065
2016-02-29 00:00:00+00:00,0.9720496
2016-03-31 00:00:00+00:00,1.3939221
2016-04-30 00:00:00+00:00,1.1918626
2016-05-31 00:00:00+00:00,0.49232754
2016-06-30 00:00:00+00:00,0.22680028
2016-07-31 00:00:00+00:00,0.11069672
2016-08-31 00:00:00+00:00,0.03681707
2016-09-30 00:00:00+00:00,0.053468645
2016-10-31 00:00:00+00:00,0.18378252
2016-11-30 00:00:00+00:00,0.097358614
2016-12-31 00:00:00+00:00,0.32975048
2017-01-31 00:00:00+00:00,0.450527
2017-02-28 00:00:00+00:00,0.94585997
2017-03-31 00:00:00+00:00,1.7988129
2017-04-30 00:00:00+00:00,1.4012533
2017-05-31 00:00:00+00:00,0.49149385
2017-06-30 00:00:00+00:00,0.32839286
2017-07-31 00:00:00+00:00,0.0446962
2017-08-31 00:00:00+00:00,0.13786875
2017-09-30 00:00:00+00:00,0.09097006
2017-10-31 00:00:00+00:00,0.7583725
2017-11-30 00:00:00+00:00,0.20781316
2017-12-31 00:00:00+00:00,0.23761837
2018-01-31 00:00:00+00:00,0.523337
2018-02-28 00:00:00+00:00,0.9202935
2018-03-31 00:00:00+00:00,0.8612291
2018-04-30 00:00:00+00:00,0.81114745
2018-05-31 00:00:00+00:00,0.29276007
2018-06-30 00:00:00+00:00,0.10159112
2018-07-31 00:00:00+00:00,0.037962884
2018-08-31 00:00:00+00:00,0.13552336
2018-09-30 00:00:00+00:00,0.6163395
2018-10-31 00:00:00+00:00,0.26012114
2018-11-30 00:00:00+00:00,0.71004814
2018-12-31 00:00:00+00:00,0.58069414
2019-01-31 00:00:00+00:00,0.54355705
2019-02-28 00:00:00+00:00,1.1607034
2019-03-31 00:00:00+00:00,1.2537943
2019-04-30 00:00:00+00:00,1.2723752
2019-05-31 00:00:00+00:00,0.4463056
2019-06-30 00:00:00+00:00,0.15553954
2019-07-31 00:00:00+00:00,0.116179556
2019-08-31 00:00:00+00:00,0.11133044
2019-09-30 00:00:00+00:00,0.18543655
2019-10-31 00:00:00+00:00,0.030145979
2019-11-30 00:00:00+00:00,0.41031364
2019-12-31 00:00:00+00:00,0.5534861
2020-01-31 00:00:00+00:00,0.40259817
2020-02-29 00:00:00+00:00,0.485288
2020-03-31 00:00:00+00:00,0.5311719
2020-04-30 00:00:00+00:00,0.41852024
2020-05-31 00:00:00+00:00,0.15974188
2020-06-30 00:00:00+00:00,0.16717166
2020-07-31 00:00:00+00:00,0.22441977
2020-08-31 00:00:00+00:00,0.063233085
2020-09-30 00:00:00+00:00,0.056955572
2020-10-31 00:00:00+00:00,0.012747237
2020-11-30 00:00:00+00:00,0.3278247
2020-12-31 00:00:00+00:00,0.2714073
2021-01-31 00:00:00+00:00,0.3749778
2021-02-28 00:00:00+00:00,0.45702705
2021-03-31 00:00:00+00:00,0.17835678
2021-04-30 00:00:00+00:00,0.07536322
2021-05-31 00:00:00+00:00,0.056599982
2021-06-30 00:00:00+00:00,0.009185592
2021-07-31 00:00:00+00:00,0.072935976
2021-08-31 00:00:00+00:00,0.04997342
2021-09-30 00:00:00+00:00,0.043930642
2021-10-31 00:00:00+00:00,0.2821335
2021-11-30 00:00:00+00:00,0.30126613
2021-12-31 00:00:00+00:00,0.18652755
2022-01-31 00:00:00+00:00,0.20493372
2022-02-28 00:00:00+00:00,0.5730134
2022-03-31 00:00:00+00:00,0.47932237
2022-04-30 00:00:00+00:00,0.3711741
2022-05-31 00:00:00+00:00,0.12271552
2022-06-30 00:00:00+00:00,0.044496793
2022-07-31 00:00:00+00:00,0.06408016
2022-08-31 00:00:00+00:00,0.118554324
2022-09-30 00:00:00+00:00,0.3040687
2022-10-31 00:00:00+00:00,0.13819334
2022-11-30 00:00:00+00:00,0.36423227
2022-12-31 00:00:00+00:00,0.18095396
2023-01-31 00:00:00+00:00,0.13622558
2023-02-28 00:00:00+00:00,0.6711932
2023-03-31 00:00:00+00:00,0.3784953
2023-04-30 00:00:00+00:00,0.74129426
2023-05-31 00:00:00+00:00,0.7454364
2023-06-30 00:00:00+00:00,0.2645643
2023-07-31 00:00:00+00:00,0.276129
2023-08-31 00:00:00+00:00,0.2856405
2023-09-30 00:00:00+00:00,0.5491591
2023-10-31 00:00:00+00:00,1.1149187
2023-11-30 00:00:00+00:00,0.69515556
2023-12-31 00:00:00+00:00,0.55351603
2024-01-31 00:00:00+00:00,0.5364399
2024-02-29 00:00:00+00:00,0.75662756
2024-03-31 00:00:00+00:00,0.8140878
2024-04-30 00:00:00+00:00,0.781233
2024-05-31 00:00:00+00:00,0.36296716
2024-06-30 00:00:00+00:00,0.1262471
2024-07-31 00:00:00+00:00,0.034994897
2024-08-31 00:00:00+00:00,0.3682943
2024-09-30 00:00:00+00:00,0.28426546
2024-10-31 00:00:00+00:00,0.19721211
2024-11-30 00:00:00+00:00,0.4882791
2024-12-31 00:00:00+00:00,0.34373266
2025-01-31 00:00:00+00:00,0.65947807
2025-02-28 00:00:00+00:00,0.9722138
2025-03-31 00:00:00+00:00,1.2646259
2025-04-30 00:00:00+00:00,0.81499326
2025-05-31 00:00:00+00:00,0.3953596
2025-06-30 00:00:00+00:00,0.133851
2025-07-31 00:00:00+00:00,0.084080905
2025-08-31 00:00:00+00:00,0.15140773
2025-09-30 00:00:00+00:00,0.013540194
2025-10-31 00:00:00+00:00,0.0046067545
2025-11-30 00:00:00+00:00,0.3982634
2025-12-31 00:00:00+00:00,0.24543515
2026-01-31 00:00:00+00:00,0.61783385
2026-02-28 00:00:00+00:00,0.56665015
2026-03-31 00:00:00+00:00,0.4856967
2026-04-30 00:00:00+00:00,0.19791636
2026-05-31 00:00:00+00:00,0.08776366
2026-06-30 00:00:00+00:00,0.012086075
2026-07-31 00:00:00+00:00,0.16345899
2026-08-31 00:00:00+00:00,0.24260631
2026-09-30 00:00:00+00:00,0.18206196
2026-10-31 00:00:00+00:00,0.1210619
2026-11-30 00:00:00+00:00,0.18506561
2026-12-31 00:00:00+00:00,0.07740144
2027-01-31 00:00:00+00:00,0.09050061
2027-02-28 00:00:00+00:00,0.040865384
2027-03-31 00:00:00+00:00,0.13902158
2027-04-30 00:00:00+00:00,0.0674849
2027-05-31 00:00:00+00:00,0.013932254
2027-06-30 00:00:00+00:00,0.008202926
2027-07-31 00:00:00+00:00,0.0067540403
2027-08-31 00:00:00+00:00,0.10231334
2027-09-30 00:00:00+00:00,0.0032876057
2027-10-31 00:00:00+00:00,0.12887289
2027-11-30 00:00:00+00:00,0.45919222
2027-12-31 00:00:00+00:00,0.30585933
2028-01-31 00:00:00+00:00,0.47109127
2028-02-29 00:00:00+00:00,0.52974135
2028-03-31 00:00:00+00:00,0.72568774
2028-04-30 00:00:00+00:00,0.66025233
2028-05-31 00:00:00+00:00,0.33769387
2028-06-30 00:00:00+00:00,0.16020076
2028-07-31 00:00:00+00:00,0.025457708
2028-08-31 00:00:00+00:00,0.129852
2028-09-30 00:00:00+00:00,0.03223602
2028-10-31 00:00:00+00:00,0.046058524
2028-11-30 00:00:00+00:00,0.3173185
2028-12-31 00:00:00+00:00,0.34445763
2029-01-31 00:00:00+00:00,0.2509288
2029-02-28 00:00:00+00:00,0.29331988
2029-03-31 00:00:00+00:00,0.7364043
2029-04-30 00:00:00+00:00,0.8972264
2029-05-31 00:00:00+00:00,0.34778306
2029-06-30 00:00:00+00:00,0.14930536
2029-07-31 00:00:00+00:00,0.023342289
2029-08-31 00:00:00+00:00,0.0032805542
2029-09-30 00:00:00+00:00,0.09292583
2029-10-31 00:00:00+00:00,0.037704024
2029-11-30 00:00:00+00:00,0.021282986
2029-12-31 00:00:00+00:00,0.33897907
2030-01-31 00:00:00+00:00,0.62218755
2030-02-28 00:00:00+00:00,0.5930167
2030-03-31 00:00:00+00:00,0.5196608
2030-04-30 00:00:00+00:00,0.6053189
2030-05-31 00:00:00+00:00,0.22134471
2030-06-30 00:00:00+00:00,0.1315385
2030-07-31 00:00:00+00:00,0.26780093
2030-08-31 00:00:00+00:00,0.21869859
2030-09-30 00:00:00+00:00,0.037015833
2030-10-31 00:00:00+00:00,0.13340007
2030-11-30 00:00:00+00:00,0.25880963
2030-12-31 00:00:00+00:00,0.3592418
2031-01-31 00:00:00+00:00,0.27951843
2031-02-28 00:00:00+00:00,0.33897033
2031-03-31 00:00:00+00:00,0.5415338
2031-04-30 00:00:00+00:00,0.29449287
2031-05-31 00:00:00+00:00,0.20338207
2031-06-30 00:00:00+00:00,0.016801003
2031-07-31 00:00:00+00:00,0.08642913
2031-08-31 00:00:00+00:00,0.119827755
2031-09-30 00:00:00+00:00,0.40006498
2031-10-31 00:00:00+00:00,0.11954217
2031-11-30 00:00:00+00:00,0.106446415
2031-12-31 00:00:00+00:00,0.7198486
2032-01-31 00:00:00+00:00,0.6778841
2032-02-29 00:00:00+00:00,1.0757675
2032-03-31 00:00:00+00:00,1.0527014
2032-04-30 00:00:00+00:00,0.64604914
2032-05-31 00:00:00+00:00,0.3076484
2032-06-30 00:00:00+00:00,0.10188109
2032-07-31 00:00:00+00:00,0.16157132
2032-08-31 00:00:00+00:00,0.62098813
2032-09-30 00:00:00+00:00,0.30249658
2032-10-31 00:00:00+00:00,0.3956614
2032-11-30 00:00:00+00:00,0.14988634
2032-12-31 00:00:00+00:00,0.12157417
2033-01-31 00:00:00+00:00,0.8014255
2033-02-28 00:00:00+00:00,1.1118007
2033-03-31 00:00:00+00:00,1.3194536
2033-04-30 00:00:00+00:00,1.1221814
2033-05-31 00:00:00+00:00,0.5036112
2033-06-30 00:00:00+00:00,0.19969101
2033-07-31 00:00:00+00:00,0.11633105
2033-08-31 00:00:00+00:00,0.1272812
2033-09-30 00:00:00+00:00,0.12121732
2033-10-31 00:00:00+00:00,0.033539336
2033-11-30 00:00:00+00:00,0.071619555
2033-12-31 00:00:00+00:00,0.12370864
2034-01-31 00:00:00+00:00,0.10631714
2034-02-28 00:00:00+00:00,0.08155061
2034-03-31 00:00:00+00:00,0.05980842
2034-04-30 00:00:00+00:00,0.027560309
2034-05-31 00:00:00+00:00,0.026447548
2034-06-30 00:00:00+00:00,0.009057719
2034-07-31 00:00:00+00:00,0.16889676
2034-08-31 00:00:00+00:00,0.19229472
2034-09-30 00:00:00+00:00,0.020066557
2034-10-31 00:00:00+00:00,0.037259508
2034-11-30 00:00:00+00:00,0.19330238
2034-12-31 00:00:00+00:00,0.3897865
2035-01-31 00:00:00+00:00,0.40975916
2035-02-28 00:00:00+00:00,0.7816169
2035-03-31 00:00:00+00:00,1.3277161
2035-04-30 00:00:00+00:00,0.94983065
2035-05-31 00:00:00+00:00,0.54800487
2035-06-30 00:00:00+00:00,0.26285115
2035-07-31 00:00:00+00:00,0.39674768
2035-08-31 00:00:00+00:00,0.22625265
2035-09-30 00:00:00+00:00,0.12421287
2035-10-31 00:00:00+00:00,0.0339745
2035-11-30 00:00:00+00:00,0.15429547
2035-12-31 00:00:00+00:00,0.08571334
2036-01-31 00:00:00+00:00,0.047204584
2036-02-29 00:00:00+00:00,0.43331045
2036-03-31 00:00:00+00:00,0.28580084
2036-04-30 00:00:00+00:00,0.1364702
2036-05-31 00:00:00+00:00,0.040718112
2036-06-30 00:00:00+00:00,0.008991697
2036-07-31 00:00:00+00:00,0.1721446
2036-08-31 00:00:00+00:00,0.097864695
2036-09-30 00:00:00+00:00,0.19784056
2036-10-31 00:00:00+00:00,0.044538483
2036-11-30 00:00:00+00:00,0.22082159
2036-12-31 00:00:00+00:00,0.73789316
2037-01-31 00:00:00+00:00,0.78595144
2037-02-28 00:00:00+00:00,0.9973019
2037-03-31 00:00:00+00:00,1.3275683
2037-04-30 00:00:00+00:00,0.8348529
2037-05-31 00:00:00+00:00,0.36956447
2037-06-30 00:00:00+00:00,0.1591064
2037-07-31 00:00:00+00:00,0.1360238
2037-08-31 00:00:00+00:00,0.17378962
2037-09-30 00:00:00+00:00,0.28763422
2037-10-31 00:00:00+00:00,0.06807442
2037-11-30 00:00:00+00:00,0.017036228
2037-12-31 00:00:00+00:00,0.021419223
2038-01-31 00:00:00+00:00,0.30046424
2038-02-28 00:00:00+00:00,0.6071514
2038-03-31 00:00:00+00:00,1.1071172
2038-04-30 00:00:00+00:00,0.673458
2038-05-31 00:00:00+00:00,0.25426552
2038-06-30 00:00:00+00:00,0.12983067
2038-07-31 00:00:00+00:00,0.032295767
2038-08-31 00:00:00+00:00,0.17358044
2038-09-30 00:00:00+00:00,0.09832403
2038-10-31 00:00:00+00:00,0.037957516
2038-11-30 00:00:00+00:00,0.60776484
2038-12-31 00:00:00+00:00,0.65852666
2039-01-31 00:00:00+00:00,0.6178448
2039-02-28 00:00:00+00:00,0.743921
2039-03-31 00:00:00+00:00,0.85869014
2039-04-30 00:00:00+00:00,0.48488915
2039-05-31 00:00:00+00:00,0.3274751
2039-06-30 00:00:00+00:00,0.06683931
2039-07-31 00:00:00+00:00,0.113087825
2039-08-31 00:00:00+00:00,0.14918835
2039-09-30 00:00:00+00:00,0.020670721
2039-10-31 00:00:00+00:00,0.011670513
2039-11-30 00:00:00+00:00,0.012565401
2039-12-31 00:00:00+00:00,0.029851789
2040-01-31 00:00:00+00:00,0.21101618
2040-02-29 00:00:00+00:00,0.28467718
2040-03-31 00:00:00+00:00,0.1598328
2040-04-30 00:00:00+00:00,0.08754776
2040-05-31 00:00:00+00:00,0.14841495
2040-06-30 00:00:00+00:00,0.026666127
2040-07-31 00:00:00+00:00,0.08101313
2040-08-31 00:00:00+00:00,0.11816612
2040-09-30 00:00:00+00:00,0.8292302
2040-10-31 00:00:00+00:00,0.16484456
2040-11-30 00:00:00+00:00,0.35199618
2040-12-31 00:00:00+00:00,0.38305083
2041-01-31 00:00:00+00:00,0.42704147
2041-02-28 00:00:00+00:00,0.44252142
2041-03-31 00:00:00+00:00,0.804103
2041-04-30 00:00:00+00:00,0.78987396
2041-05-31 00:00:00+00:00,0.27804124
2041-06-30 00:00:00+00:00,0.115407586
2041-07-31 00:00:00+00:00,0.038666144
2041-08-31 00:00:00+00:00,0.07484057
2041-09-30 00:00:00+00:00,0.12690674
2041-10-31 00:00:00+00:00,0.41726387
2041-11-30 00:00:00+00:00,0.3633251
2041-12-31 00:00:00+00:00,0.94949174
2042-01-31 00:00:00+00:00,0.8137301
2042-02-28 00:00:00+00:00,0.8055383
2042-03-31 00:00:00+00:00,1.2211368
2042-04-30 00:00:00+00:00,1.3531746
2042-05-31 00:00:00+00:00,0.4203011
2042-06-30 00:00:00+00:00,0.19681868
2042-07-31 00:00:00+00:00,0.038041744
2042-08-31 00:00:00+00:00,0.2957844
2042-09-30 00:00:00+00:00,1.1081707
2042-10-31 00:00:00+00:00,0.19842917
2042-11-30 00:00:00+00:00,0.51366377
2042-12-31 00:00:00+00:00,0.6239025
2043-01-31 00:00:00+00:00,0.8938106
2043-02-28 00:00:00+00:00,1.3833061
2043-03-31 00:00:00+00:00,1.5123423
2043-04-30 00:00:00+00:00,1.5373325
2043-05-31 00:00:00+00:00,0.48099232
2043-06-30 00:00:00+00:00,0.13495308
2043-07-31 00:00:00+00:00,0.18054911
2043-08-31 00:00:00+00:00,0.22310638
2043-09-30 00:00:00+00:00,0.12525631
2043-10-31 00:00:00+00:00,0.030457877
2043-11-30 00:00:00+00:00,0.06348076
2043-12-31 00:00:00+00:00,0.023510542
2044-01-31 00:00:00+00:00,0.77533877
2044-02-29 00:00:00+00:00,0.5446899
2044-03-31 00:00:00+00:00,0.89836246
2044-04-30 00:00:00+00:00,0.6084328
2044-05-31 00:00:00+00:00,0.170517
2044-06-30 00:00:00+00:00,0.034552626
2044-07-31 00:00:00+00:00,0.025702283
2044-08-31 00:00:00+00:00,0.104762346
2044-09-30 00:00:00+00:00,0.07376496
2044-10-31 00:00:00+00:00,0.42833754
2044-11-30 00:00:00+00:00,0.24579495
2044-12-31 00:00:00+00:00,0.17053196
2045-01-31 00:00:00+00:00,0.23269299
2045-02-28 00:00:00+00:00,0.7311095
2045-03-31 00:00:00+00:00,1.0982897
2045-04-30 00:00:00+00:00,0.9485614
2045-05-31 00:00:00+00:00,0.39982462
2045-06-30 00:00:00+00:00,0.15202422
2045-07-31 00:00:00+00:00,0.26472542
2045-08-31 00:00:00+00:00,0.30400002
2045-09-30 00:00:00+00:00,0.04296855
2045-10-31 00:00:00+00:00,0.29062253
2045-11-30 00:00:00+00:00,0.2786474
2045-12-31 00:00:00+00:00,0.20994695
2046-01-31 00:00:00+00:00,0.24707554
2046-02-28 00:00:00+00:00,1.1323467
2046-03-31 00:00:00+00:00,1.1714658
2046-04-30 00:00:00+00:00,0.7134236
2046-05-31 00:00:00+00:00,0.26189688
2046-06-30 00:00:00+00:00,0.14208393
2046-07-31 00:00:00+00:00,0.112908095
2046-08-31 00:00:00+00:00,0.115381345
2046-09-30 00:00:00+00:00,0.21036287
2046-10-31 00:00:00+00:00,0.04920929
2046-11-30 00:00:00+00:00,0.029303147
2046-12-31 00:00:00+00:00,0.69904476
2047-01-31 00:00:00+00:00,0.733552
2047-02-28 00:00:00+00:00,0.8824424
2047-03-31 00:00:00+00:00,0.9097632
2047-04-30 00:00:00+00:00,0.40791923
2047-05-31 00:00:00+00:00,0.25764275
2047-06-30 00:00:00+00:00,0.05592034
2047-07-31 00:00:00+00:00,0.16655864
2047-08-31 00:00:00+00:00,0.27019027
2047-09-30 00:00:00+00:00,0.075832084
2047-10-31 00:00:00+00:00,0.1142441
2047-11-30 00:00:00+00:00,0.64144623
2047-12-31 00:00:00+00:00,0.32692245
2048-01-31 00:00:00+00:00,0.4871578
2048-02-29 00:00:00+00:00,0.54029214
2048-03-31 00:00:00+00:00,0.40759608
2048-04-30 00:00:00+00:00,0.6795137
2048-05-31 00:00:00+00:00,0.24007368
2048-06-30 00:00:00+00:00,0.26274726
2048-07-31 00:00:00+00:00,0.14344585
2048-08-31 00:00:00+00:00,0.2692353
2048-09-30 00:00:00+00:00,0.12759158
2048-10-31 00:00:00+00:00,0.064837165
2048-11-30 00:00:00+00:00,0.23035732
2048-12-31 00:00:00+00:00,0.3515566
2049-01-31 00:00:00+00:00,0.4556402
2049-02-28 00:00:00+00:00,0.9650615
2049-03-31 00:00:00+00:00,1.0927677
2049-04-30 00:00:00+00:00,0.80070937
2049-05-31 00:00:00+00:00,0.3447126
2049-06-30 00:00:00+00:00,0.15282373
2049-07-31 00:00:00+00:00,0.08218541
2049-08-31 00:00:00+00:00,0.093316086
2049-09-30 00:00:00+00:00,0.02322046
2049-10-31 00:00:00+00:00,0.0032496254
2049-11-30 00:00:00+00:00,0.94011456
2049-12-31 00:00:00+00:00,0.73820674
2050-01-31 00:00:00+00:00,0.81970024
2050-02-28 00:00:00+00:00,1.1891983
2050-03-31 00:00:00+00:00,1.4088091
2050-04-30 00:00:00+00:00,1.0031294
2050-05-31 00:00:00+00:00,0.37492418
2050-06-30 00:00:00+00:00,0.059684332
2050-07-31 00:00:00+00:00,0.11569811
2050-08-31 00:00:00+00:00,0.13363871
2050-09-30 00:00:00+00:00,0.099186346
2050-10-31 00:00:00+00:00,0.012856612
2050-11-30 00:00:00+00:00,0.03127214
2050-12-31 00:00:00+00:00,0.69193006
2051-01-31 00:00:00+00:00,0.6394394
2051-02-28 00:00:00+00:00,0.69964784
2051-03-31 00:00:00+00:00,0.61806047
2051-04-30 00:00:00+00:00,0.42600483
2051-05-31 00:00:00+00:00,0.24080135
2051-06-30 00:00:00+00:00,0.039523482
2051-07-31 00:00:00+00:00,0.16145162
2051-08-31 00:00:00+00:00,0.17858961
2051-09-30 00:00:00+00:00,0.21819758
2051-10-31 00:00:00+00:00,0.10587273
2051-11-30 00:00:00+00:00,0.011330093
2051-12-31 00:00:00+00:00,0.09859071
2052-01-31 00:00:00+00:00,0.7064964
2052-02-29 00:00:00+00:00,1.1450716
2052-03-31 00:00:00+00:00,1.3749917
2052-04-30 00:00:00+00:00,0.89319235
2052-05-31 00:00:00+00:00,0.3452212
2052-06-30 00:00:00+00:00,0.123431735
2052-07-31 00:00:00+00:00,0.006977716
2052-08-31 00:00:00+00:00,0.5158924
2052-09-30 00:00:00+00:00,0.10302791
2052-10-31 00:00:00+00:00,0.14789118
2052-11-30 00:00:00+00:00,0.67952675
2052-12-31 00:00:00+00:00,0.4215203
2053-01-31 00:00:00+00:00,0.7374801
2053-02-28 00:00:00+00:00,1.3808838
2053-03-31 00:00:00+00:00,1.2680892
2053-04-30 00:00:00+00:00,0.98852384
2053-05-31 00:00:00+00:00,0.39728552
2053-06-30 00:00:00+00:00,0.21565524
2053-07-31 00:00:00+00:00,0.15607056
2053-08-31 00:00:00+00:00,0.2214199
2053-09-30 00:00:00+00:00,0.33224443
2053-10-31 00:00:00+00:00,0.047582556
2053-11-30 00:00:00+00:00,0.028260008
2053-12-31 00:00:00+00:00,0.2681877
2054-01-31 00:00:00+00:00,0.36804423
2054-02-28 00:00:00+00:00,0.6990669
2054-03-31 00:00:00+00:00,0.9532488
2054-04-30 00:00:00+00:00,1.0839422
2054-05-31 00:00:00+00:00,0.34621322
2054-06-30 00:00:00+00:00,0.119753666
2054-07-31 00:00:00+00:00,0.043676615
2054-08-31 00:00:00+00:00,0.7350398
2054-09-30 00:00:00+00:00,0.27326638
2054-10-31 00:00:00+00:00,0.6784029
2054-11-30 00:00:00+00:00,0.35242072
2054-12-31 00:00:00+00:00,0.18399455
2055-01-31 00:00:00+00:00,0.25489327
2055-02-28 00:00:00+00:00,1.0052707
2055-03-31 00:00:00+00:00,0.69168574
2055-04-30 00:00:00+00:00,0.29935718
2055-05-31 00:00:00+00:00,0.23760855
2055-06-30 00:00:00+00:00,0.04337064
2055-07-31 00:00:00+00:00,0.07484351
2055-08-31 00:00:00+00:00,1.122833
2055-09-30 00:00:00+00:00,0.17063646
2055-10-31 00:00:00+00:00,0.032758955
2055-11-30 00:00:00+00:00,0.24651588
2055-12-31 00:00:00+00:00,0.26535365
2056-01-31 00:00:00+00:00,0.19542897
2056-02-29 00:00:00+00:00,0.28271267
2056-03-31 00:00:00+00:00,0.53992987
2056-04-30 00:00:00+00:00,0.95964587
2056-05-31 00:00:00+00:00,0.27860695
2056-06-30 00:00:00+00:00,0.12055691
2056-07-31 00:00:00+00:00,0.2799489
2056-08-31 00:00:00+00:00,0.32588142
2056-09-30 00:00:00+00:00,0.101192236
2056-10-31 00:00:00+00:00,0.008676903
2056-11-30 00:00:00+00:00,0.051552553
2056-12-31 00:00:00+00:00,0.14694683
2057-01-31 00:00:00+00:00,0.09389664
2057-02-28 00:00:00+00:00,0.33683977
2057-03-31 00:00:00+00:00,0.14146405
2057-04-30 00:00:00+00:00,0.074123956
2057-05-31 00:00:00+00:00,0.011557503
2057-06-30 00:00:00+00:00,0.069697104
2057-07-31 00:00:00+00:00,0.06486877
2057-08-31 00:00:00+00:00,0.08183351
2057-09-30 00:00:00+00:00,0.47115356
2057-10-31 00:00:00+00:00,0.9480508
2057-11-30 00:00:00+00:00,0.3287374
2057-12-31 00:00:00+00:00,0.1819307
2058-01-31 00:00:00+00:00,0.12541352
2058-02-28 00:00:00+00:00,0.14713196
2058-03-31 00:00:00+00:00,0.596974
2058-04-30 00:00:00+00:00,0.20104536
2058-05-31 00:00:00+00:00,0.04579779
2058-06-30 00:00:00+00:00,0.008691775
2058-07-31 00:00:00+00:00,0.47205374
2058-08-31 00:00:00+00:00,0.30830953
2058-09-30 00:00:00+00:00,0.20544727
2058-10-31 00:00:00+00:00,0.09875438
2058-11-30 00:00:00+00:00,0.101401746
2058-12-31 00:00:00+00:00,0.0233819
2059-01-31 00:00:00+00:00,0.31593245
2059-02-28 00:00:00+00:00,0.12938705
2059-03-31 00:00:00+00:00,0.22228742
2059-04-30 00:00:00+00:00,0.37227428
2059-05-31 00:00:00+00:00,0.077393636
2059-06-30 00:00:00+00:00,0.107042
2059-07-31 00:00:00+00:00,0.3719521
2059-08-31 00:00:00+00:00,0.31965515
2059-09-30 00:00:00+00:00,0.459283
2059-10-31 00:00:00+00:00,0.048831638
2059-11-30 00:00:00+00:00,0.3766796
2059-12-31 00:00:00+00:00,0.1884269
2060-01-31 00:00:00+00:00,0.44848764
2060-02-29 00:00:00+00:00,0.89244086
2060-03-31 00:00:00+00:00,0.778002
2060-04-30 00:00:00+00:00,0.46908823
2060-05-31 00:00:00+00:00,0.1682808
2060-06-30 00:00:00+00:00,0.101528816
2060-07-31 00:00:00+00:00,0.57212144
2060-08-31 00:00:00+00:00,0.66658556
2060-09-30 00:00:00+00:00,1.1526595
2060-10-31 00:00:00+00:00,0.1276255
2060-11-30 00:00:00+00:00,0.62276
2060-12-31 00:00:00+00:00,0.36617652
2061-01-31 00:00:00+00:00,0.40506598
2061-02-28 00:00:00+00:00,0.41984108
2061-03-31 00:00:00+00:00,0.43465355
2061-04-30 00:00:00+00:00,0.3071972
2061-05-31 00:00:00+00:00,0.13302566
2061-06-30 00:00:00+00:00,0.0325342
2061-07-31 00:00:00+00:00,0.051913615
2061-08-31 00:00:00+00:00,0.005998379
2061-09-30 00:00:00+00:00,0.130607
2061-10-31 00:00:00+00:00,0.060974274
2061-11-30 00:00:00+00:00,0.18831107
2061-12-31 00:00:00+00:00,0.32844782
2062-01-31 00:00:00+00:00,0.34638613
2062-02-28 00:00:00+00:00,0.500279
2062-03-31 00:00:00+00:00,0.49485514
2062-04-30 00:00:00+00:00,0.29103532
2062-05-31 00:00:00+00:00,0.25226516
2062-06-30 00:00:00+00:00,0.10189041
2062-07-31 00:00:00+00:00,0.104915015
2062-08-31 00:00:00+00:00,0.33979228
2062-09-30 00:00:00+00:00,0.030815164
2062-10-31 00:00:00+00:00,0.00023564839
2062-11-30 00:00:00+00:00,0.08301504
2062-12-31 00:00:00+00:00,0.53237534
2063-01-31 00:00:00+00:00,0.39466926
2063-02-28 00:00:00+00:00,0.36609018
2063-03-31 00:00:00+00:00,0.4138327
2063-04-30 00:00:00+00:00,0.29596502
2063-05-31 00:00:00+00:00,0.17486265
2063-06-30 00:00:00+00:00,0.12457334
2063-07-31 00:00:00+00:00,0.12846184
2063-08-31 00:00:00+00:00,0.113356374
2063-09-30 00:00:00+00:00,0.04460108
2063-10-31 00:00:00+00:00,0.009505426
2063-11-30 00:00:00+00:00,0.13621384
2063-12-31 00:00:00+00:00,0.26068136
2064-01-31 00:00:00+00:00,0.73728824
2064-02-29 00:00:00+00:00,0.815607
2064-03-31 00:00:00+00:00,0.85067147
2064-04-30 00:00:00+00:00,0.622067
2064-05-31 00:00:00+00:00,0.22708115
2064-06-30 00:00:00+00:00,0.06769814
2064-07-31 00:00:00+00:00,0.016146831
2064-08-31 00:00:00+00:00,0.06264191
2064-09-30 00:00:00+00:00,0.04217726
2064-10-31 00:00:00+00:00,0.34064364
2064-11-30 00:00:00+00:00,0.24434364
2064-12-31 00:00:00+00:00,0.2545152
2065-01-31 00:00:00+00:00,0.8722641
2065-02-28 00:00:00+00:00,0.6885541
2065-03-31 00:00:00+00:00,0.9406908
2065-04-30 00:00:00+00:00,0.65795547
2065-05-31 00:00:00+00:00,0.3475767
2065-06-30 00:00:00+00:00,0.16043808
2065-07-31 00:00:00+00:00,0.059735678
2065-08-31 00:00:00+00:00,0.4059302
2065-09-30 00:00:00+00:00,0.117913164
2065-10-31 00:00:00+00:00,0.0050603217
2065-11-30 00:00:00+00:00,0.2626674
2065-12-31 00:00:00+00:00,0.48190492
2066-01-31 00:00:00+00:00,0.5643018
2066-02-28 00:00:00+00:00,0.70556265
2066-03-31 00:00:00+00:00,0.611751
2066-04-30 00:00:00+00:00,0.2828488
2066-05-31 00:00:00+00:00,0.14527398
2066-06-30 00:00:00+00:00,0.022856284
2066-07-31 00:00:00+00:00,0.47052532
2066-08-31 00:00:00+00:00,0.85069245
2066-09-30 00:00:00+00:00,0.3201588
2066-10-31 00:00:00+00:00,0.10794811
2066-11-30 00:00:00+00:00,0.15691687
2066-12-31 00:00:00+00:00,0.0971202
2067-01-31 00:00:00+00:00,0.70006955
2067-02-28 00:00:00+00:00,0.79974836
2067-03-31 00:00:00+00:00,0.9402652
2067-04-30 00:00:00+00:00,0.60624003
2067-05-31 00:00:00+00:00,0.27912033
2067-06-30 00:00:00+00:00,0.112244055
2067-07-31 00:00:00+00:00,0.05691829
2067-08-31 00:00:00+00:00,0.3663402
2067-09-30 00:00:00+00:00,0.9345342
2067-10-31 00:00:00+00:00,0.45681867
2067-11-30 00:00:00+00:00,0.20130287
2067-12-31 00:00:00+00:00,0.3126542
2068-01-31 00:00:00+00:00,0.25920144
2068-02-29 00:00:00+00:00,0.18269007
2068-03-31 00:00:00+00:00,0.48810703
2068-04-30 00:00:00+00:00,0.48431262
2068-05-31 00:00:00+00:00,0.18594034
2068-06-30 00:00:00+00:00,0.06864103
2068-07-31 00:00:00+00:00,0.11861904
2068-08-31 00:00:00+00:00,0.16754207
2068-09-30 00:00:00+00:00,0.6188905
2068-10-31 00:00:00+00:00,0.140285
2068-11-30 00:00:00+00:00,0.08566251
2068-12-31 00:00:00+00:00,0.05019858
2069-01-31 00:00:00+00:00,0.7621917
2069-02-28 00:00:00+00:00,1.1914011
2069-03-31 00:00:00+00:00,1.506019
2069-04-30 00:00:00+00:00,1.2290972
2069-05-31 00:00:00+00:00,0.3511533
2069-06-30 00:00:00+00:00,0.21073441
2069-07-31 00:00:00+00:00,0.26721844
2069-08-31 00:00:00+00:00,0.6470976
2069-09-30 00:00:00+00:00,0.13660361
2069-10-31 00:00:00+00:00,0.022766499
2069-11-30 00:00:00+00:00,0.17365952
2069-12-31 00:00:00+00:00,0.1416551
2070-01-31 00:00:00+00:00,0.6482481
2070-02-28 00:00:00+00:00,0.4769915
2070-03-31 00:00:00+00:00,0.36059156
2070-04-30 00:00:00+00:00,0.9918687
2070-05-31 00:00:00+00:00,0.35220268
2070-06-30 00:00:00+00:00,0.08663823
2070-07-31 00:00:00+00:00,0.12458589
2070-08-31 00:00:00+00:00,0.17152977
2070-09-30 00:00:00+00:00,0.018969063
2070-10-31 00:00:00+00:00,0.0049671517
2070-11-30 00:00:00+00:00,0.05431098
2070-12-31 00:00:00+00:00,0.13968088
2071-01-31 00:00:00+00:00,0.47232112
2071-02-28 00:00:00+00:00,0.8462517
2071-03-31 00:00:00+00:00,0.8993667
2071-04-30 00:00:00+00:00,0.5309795
2071-05-31 00:00:00+00:00,0.21014497
2071-06-30 00:00:00+00:00,0.0659484
2071-07-31 00:00:00+00:00,0.1849025
2071-08-31 00:00:00+00:00,0.1527163
2071-09-30 00:00:00+00:00,0.712125
2071-10-31 00:00:00+00:00,0.8643692
2071-11-30 00:00:00+00:00,0.42800322
2071-12-31 00:00:00+00:00,0.799355
2072-01-31 00:00:00+00:00,0.5532212
2072-02-29 00:00:00+00:00,0.8325366
2072-03-31 00:00:00+00:00,0.689727
2072-04-30 00:00:00+00:00,0.44737104
2072-05-31 00:00:00+00:00,0.211258
2072-06-30 00:00:00+00:00,0.04953678
2072-07-31 00:00:00+00:00,0.04272052
2072-08-31 00:00:00+00:00,0.17568941
2072-09-30 00:00:00+00:00,0.06933645
2072-10-31 00:00:00+00:00,0.02541116
2072-11-30 00:00:00+00:00,0.016311014
2072-12-31 00:00:00+00:00,0.055364504
2073-01-31 00:00:00+00:00,0.24375981
2073-02-28 00:00:00+00:00,0.70512396
2073-03-31 00:00:00+00:00,1.5344144
2073-04-30 00:00:00+00:00,0.9557093
2073-05-31 00:00:00+00:00,0.4424825
2073-06-30 00:00:00+00:00,0.20982035
2073-07-31 00:00:00+00:00,0.35485822
2073-08-31 00:00:00+00:00,0.20128608
2073-09-30 00:00:00+00:00,0.19254434
2073-10-31 00:00:00+00:00,0.032022934
2073-11-30 00:00:00+00:00,0.050855696
2073-12-31 00:00:00+00:00,0.28590944
2074-01-31 00:00:00+00:00,0.3814087
2074-02-28 00:00:00+00:00,1.3350983
2074-03-31 00:00:00+00:00,1.230906
2074-04-30 00:00:00+00:00,1.0837569
2074-05-31 00:00:00+00:00,0.3904768
2074-06-30 00:00:00+00:00,0.13436967
2074-07-31 00:00:00+00:00,0.1376273
2074-08-31 00:00:00+00:00,0.0858656
2074-09-30 00:00:00+00:00,0.25911847
2074-10-31 00:00:00+00:00,0.1782621
2074-11-30 00:00:00+00:00,0.5788967
2074-12-31 00:00:00+00:00,0.4347083
2075-01-31 00:00:00+00:00,0.60907346
2075-02-28 00:00:00+00:00,0.795396
2075-03-31 00:00:00+00:00,0.8995231
2075-04-30 00:00:00+00:00,0.5349381
2075-05-31 00:00:00+00:00,0.33685842
2075-06-30 00:00:00+00:00,0.14598538
2075-07-31 00:00:00+00:00,0.12206795
2075-08-31 00:00:00+00:00,0.6534607
2075-09-30 00:00:00+00:00,0.49537873
2075-10-31 00:00:00+00:00,0.13153341
2075-11-30 00:00:00+00:00,0.121991284
2075-12-31 00:00:00+00:00,0.16867977
2076-01-31 00:00:00+00:00,0.57924294
2076-02-29 00:00:00+00:00,0.8349847
2076-03-31 00:00:00+00:00,0.7886396
2076-04-30 00:00:00+00:00,0.46108904
2076-05-31 00:00:00+00:00,0.24233891
2076-06-30 00:00:00+00:00,0.0882156
2076-07-31 00:00:00+00:00,0.089659706
2076-08-31 00:00:00+00:00,0.1979196
2076-09-30 00:00:00+00:00,0.24126253
2076-10-31 00:00:00+00:00,0.07866165
2076-11-30 00:00:00+00:00,0.28192207
2076-12-31 00:00:00+00:00,0.3778819
2077-01-31 00:00:00+00:00,0.73108315
2077-02-28 00:00:00+00:00,1.0554146
2077-03-31 00:00:00+00:00,0.9328757
2077-04-30 00:00:00+00:00,0.55994695
2077-05-31 00:00:00+00:00,0.2723411
2077-06-30 00:00:00+00:00,0.095974416
2077-07-31 00:00:00+00:00,0.14824322
2077-08-31 00:00:00+00:00,0.10121168
2077-09-30 00:00:00+00:00,0.22138621
2077-10-31 00:00:00+00:00,0.39647904
2077-11-30 00:00:00+00:00,0.07094501
2077-12-31 00:00:00+00:00,0.019770773
2078-01-31 00:00:00+00:00,0.36358023
2078-02-28 00:00:00+00:00,0.95557505
2078-03-31 00:00:00+00:00,1.3244927
2078-04-30 00:00:00+00:00,0.945351
2078-05-31 00:00:00+00:00,0.7859096
2078-06-30 00:00:00+00:00,0.22626585
2078-07-31 00:00:00+00:00,0.36838236
2078-08-31 00:00:00+00:00,0.33441815
2078-09-30 00:00:00+00:00,1.5674394
2078-10-31 00:00:00+00:00,0.20129862
2078-11-30 00:00:00+00:00,0.29235977
2078-12-31 00:00:00+00:00,0.14753939
2079-01-31 00:00:00+00:00,0.3080206
2079-02-28 00:00:00+00:00,0.5052897
2079-03-31 00:00:00+00:00,0.40149966
2079-04-30 00:00:00+00:00,0.25597832
2079-05-31 00:00:00+00:00,0.3031829
2079-06-30 00:00:00+00:00,0.04303381
2079-07-31 00:00:00+00:00,0.22324689
2079-08-31 00:00:00+00:00,0.043061882
2079-09-30 00:00:00+00:00,0.07406806
2079-10-31 00:00:00+00:00,0.032967806
2079-11-30 00:00:00+00:00,0.054713022
2079-12-31 00:00:00+00:00,0.24813183
2080-01-31 00:00:00+00:00,0.6238879
2080-02-29 00:00:00+00:00,0.6463289
2080-03-31 00:00:00+00:00,0.6284509
2080-04-30 00:00:00+00:00,0.37927735
2080-05-31 00:00:00+00:00,0.14521365
2080-06-30 00:00:00+00:00,0.034122236
2080-07-31 00:00:00+00:00,0.00517767
2080-08-31 00:00:00+00:00,0.0059268605
2080-09-30 00:00:00+00:00,0.05785921
2080-10-31 00:00:00+00:00,0.11958302
2080-11-30 00:00:00+00:00,0.8942273
2080-12-31 00:00:00+00:00,0.5943874
2081-01-31 00:00:00+00:00,0.4508245
2081-02-28 00:00:00+00:00,0.9335835
2081-03-31 00:00:00+00:00,1.1483665
2081-04-30 00:00:00+00:00,0.8334598
2081-05-31 00:00:00+00:00,0.27380028
2081-06-30 00:00:00+00:00,0.050851684
2081-07-31 00:00:00+00:00,0.18126033
2081-08-31 00:00:00+00:00,0.4934126
2081-09-30 00:00:00+00:00,0.08585244
2081-10-31 00:00:00+00:00,0.0116331335
2081-11-30 00:00:00+00:00,0.13327292
2081-12-31 00:00:00+00:00,0.15540849
2082-01-31 00:00:00+00:00,0.42737687
2082-02-28 00:00:00+00:00,0.36219218
2082-03-31 00:00:00+00:00,0.3704256
2082-04-30 00:00:00+00:00,0.2600948
2082-05-31 00:00:00+00:00,0.22112373
2082-06-30 00:00:00+00:00,0.02425185
2082-07-31 00:00:00+00:00,0.18868077
2082-08-31 00:00:00+00:00,0.11261522
2082-09-30 00:00:00+00:00,0.105196804
2082-10-31 00:00:00+00:00,0.08361155
2082-11-30 00:00:00+00:00,0.045677476
2082-12-31 00:00:00+00:00,0.20430347
2083-01-31 00:00:00+00:00,0.5805809
2083-02-28 00:00:00+00:00,0.3911481
2083-03-31 00:00:00+00:00,0.22806554
2083-04-30 00:00:00+00:00,0.09489384
2083-05-31 00:00:00+00:00,0.23120505
2083-06-30 00:00:00+00:00,0.019769944
2083-07-31 00:00:00+00:00,0.018451486
2083-08-31 00:00:00+00:00,0.189106
2083-09-30 00:00:00+00:00,0.27355272
2083-10-31 00:00:00+00:00,0.07669376
2083-11-30 00:00:00+00:00,0.011031213
2083-12-31 00:00:00+00:00,0.25934428
2084-01-31 00:00:00+00:00,0.67134523
2084-02-29 00:00:00+00:00,1.2029779
2084-03-31 00:00:00+00:00,1.5127107
2084-04-30 00:00:00+00:00,1.2797242
2084-05-31 00:00:00+00:00,0.46899405
2084-06-30 00:00:00+00:00,0.19178332
2084-07-31 00:00:00+00:00,0.035007626
2084-08-31 00:00:00+00:00,0.13633266
2084-09-30 00:00:00+00:00,0.30879223
2084-10-31 00:00:00+00:00,0.10069604
2084-11-30 00:00:00+00:00,0.09874068
2084-12-31 00:00:00+00:00,0.24048674
2085-01-31 00:00:00+00:00,0.24006198
2085-02-28 00:00:00+00:00,0.15840024
2085-03-31 00:00:00+00:00,0.1717938
2085-04-30 00:00:00+00:00,0.19611135
2085-05-31 00:00:00+00:00,0.024032632
2085-06-30 00:00:00+00:00,0.012822904
2085-07-31 00:00:00+00:00,0.1653087
2085-08-31 00:00:00+00:00,0.299634
2085-09-30 00:00:00+00:00,0.2072444
2085-10-31 00:00:00+00:00,0.43253052
2085-11-30 00:00:00+00:00,0.23762442
2085-12-31 00:00:00+00:00,0.04801736
2086-01-31 00:00:00+00:00,0.73687094
2086-02-28 00:00:00+00:00,0.9229705
2086-03-31 00:00:00+00:00,0.76694274
2086-04-30 00:00:00+00:00,0.7681561
2086-05-31 00:00:00+00:00,0.26082936
2086-06-30 00:00:00+00:00,0.077771254
2086-07-31 00:00:00+00:00,0.053158987
2086-08-31 00:00:00+00:00,0.3156596
2086-09-30 00:00:00+00:00,0.2817678
2086-10-31 00:00:00+00:00,0.03262561
2086-11-30 00:00:00+00:00,0.0024231817
2086-12-31 00:00:00+00:00,0.14695287
2087-01-31 00:00:00+00:00,0.75576055
2087-02-28 00:00:00+00:00,0.9322204
2087-03-31 00:00:00+00:00,1.0033407
2087-04-30 00:00:00+00:00,0.6350511
2087-05-31 00:00:00+00:00,0.23700532
2087-06-30 00:00:00+00:00,0.052577086
2087-07-31 00:00:00+00:00,0.19195144
2087-08-31 00:00:00+00:00,0.058141273
2087-09-30 00:00:00+00:00,0.007911022
2087-10-31 00:00:00+00:00,0.0012005267
2087-11-30 00:00:00+00:00,0.10121669
2087-12-31 00:00:00+00:00,0.24664989
2088-01-31 00:00:00+00:00,0.6010615
2088-02-29 00:00:00+00:00,1.5162227
2088-03-31 00:00:00+00:00,1.5470983
2088-04-30 00:00:00+00:00,1.2141855
2088-05-31 00:00:00+00:00,0.57922226
2088-06-30 00:00:00+00:00,0.21806706
2088-07-31 00:00:00+00:00,0.18233524
2088-08-31 00:00:00+00:00,0.14286521
2088-09-30 00:00:00+00:00,0.20940906
2088-10-31 00:00:00+00:00,0.05267559
2088-11-30 00:00:00+00:00,0.35256976
2088-12-31 00:00:00+00:00,0.53454924
2089-01-31 00:00:00+00:00,0.7484131
2089-02-28 00:00:00+00:00,1.1994618
2089-03-31 00:00:00+00:00,0.98624784
2089-04-30 00:00:00+00:00,0.69846934
2089-05-31 00:00:00+00:00,0.35691133
2089-06-30 00:00:00+00:00,0.06291482
2089-07-31 00:00:00+00:00,0.12687865
2089-08-31 00:00:00+00:00,0.1701616
2089-09-30 00:00:00+00:00,0.022557551
2089-10-31 00:00:00+00:00,0.0049114376
2089-11-30 00:00:00+00:00,0.35963815
2089-12-31 00:00:00+00:00,0.514418
2090-01-31 00:00:00+00:00,0.43682945
2090-02-28 00:00:00+00:00,0.60451037
2090-03-31 00:00:00+00:00,0.807977
2090-04-30 00:00:00+00:00,0.8822321
2090-05-31 00:00:00+00:00,0.41083038
2090-06-30 00:00:00+00:00,0.13515271
2090-07-31 00:00:00+00:00,0.015392831
2090-08-31 00:00:00+00:00,0.20309304
2090-09-30 00:00:00+00:00,0.09624936
2090-10-31 00:00:00+00:00,0.535493
2090-11-30 00:00:00+00:00,0.9579773
2090-12-31 00:00:00+00:00,0.67509127
2091-01-31 00:00:00+00:00,0.873253
2091-02-28 00:00:00+00:00,0.79890734
2091-03-31 00:00:00+00:00,0.93596274
2091-04-30 00:00:00+00:00,0.5694853
2091-05-31 00:00:00+00:00,0.26127532
2091-06-30 00:00:00+00:00,0.07012963
2091-07-31 00:00:00+00:00,0.1476196
2091-08-31 00:00:00+00:00,0.16089103
2091-09-30 00:00:00+00:00,0.079226345
2091-10-31 00:00:00+00:00,0.039909653
2091-11-30 00:00:00+00:00,0.27485785
2091-12-31 00:00:00+00:00,0.20513971
2092-01-31 00:00:00+00:00,0.27566025
2092-02-29 00:00:00+00:00,0.5094938
2092-03-31 00:00:00+00:00,0.9876374
2092-04-30 00:00:00+00:00,0.7107279
2092-05-31 00:00:00+00:00,0.19739702
2092-06-30 00:00:00+00:00,0.121058226
2092-07-31 00:00:00+00:00,0.20924939
2092-08-31 00:00:00+00:00,0.48915464
2092-09-30 00:00:00+00:00,0.12336816
2092-10-31 00:00:00+00:00,0.11236151
2092-11-30 00:00:00+00:00,0.21174425
2092-12-31 00:00:00+00:00,0.2246986
2093-01-31 00:00:00+00:00,0.36405703
2093-02-28 00:00:00+00:00,0.33415505
2093-03-31 00:00:00+00:00,0.40384498
2093-04-30 00:00:00+00:00,0.19011423
2093-05-31 00:00:00+00:00,0.05116238
2093-06-30 00:00:00+00:00,0.031414036
2093-07-31 00:00:00+00:00,0.01205549
2093-08-31 00:00:00+00:00,0.07854616
2093-09-30 00:00:00+00:00,0.03328882
2093-10-31 00:00:00+00:00,0.008718022
2093-11-30 00:00:00+00:00,0.28532204
2093-12-31 00:00:00+00:00,0.17886001
2094-01-31 00:00:00+00:00,0.12472368
2094-02-28 00:00:00+00:00,0.35963872
2094-03-31 00:00:00+00:00,0.20707281
2094-04-30 00:00:00+00:00,0.14323846
2094-05-31 00:00:00+00:00,0.013654667
2094-06-30 00:00:00+00:00,0.0027811113
2094-07-31 00:00:00+00:00,0.16485386
2094-08-31 00:00:00+00:00,0.38070157
2094-09-30 00:00:00+00:00,0.15457802
2094-10-31 00:00:00+00:00,0.011356749
2094-11-30 00:00:00+00:00,0.21095009
2094-12-31 00:00:00+00:00,0.2554483
2095-01-31 00:00:00+00:00,0.3272235
2095-02-28 00:00:00+00:00,0.45664957
2095-03-31 00:00:00+00:00,0.59483755
2095-04-30 00:00:00+00:00,0.29208094
2095-05-31 00:00:00+00:00,0.13876797
2095-06-30 00:00:00+00:00,0.053653657
2095-07-31 00:00:00+00:00,0.20107326
2095-08-31 00:00:00+00:00,0.7790398
2095-09-30 00:00:00+00:00,0.06621
2095-10-31 00:00:00+00:00,0.47741118
2095-11-30 00:00:00+00:00,0.32147294
2095-12-31 00:00:00+00:00,0.44929105
2096-01-31 00:00:00+00:00,0.40853617
2096-02-29 00:00:00+00:00,0.51217705
2096-03-31 00:00:00+00:00,0.50916505
2096-04-30 00:00:00+00:00,0.414238
2096-05-31 00:00:00+00:00,0.13187993
2096-06-30 00:00:00+00:00,0.06360458
2096-07-31 00:00:00+00:00,0.343499
2096-08-31 00:00:00+00:00,0.4692633
2096-09-30 00:00:00+00:00,0.07926999
2096-10-31 00:00:00+00:00,0.011216464
2096-11-30 00:00:00+00:00,0.28075665
2096-12-31 00:00:00+00:00,0.30723816
2097-01-31 00:00:00+00:00,0.28820103
2097-02-28 00:00:00+00:00,0.2874528
2097-03-31 00:00:00+00:00,0.91503996
2097-04-30 00:00:00+00:00,1.1048224
2097-05-31 00:00:00+00:00,0.39364523
2097-06-30 00:00:00+00:00,0.07255947
2097-07-31 00:00:00+00:00,0.12816006
2097-08-31 00:00:00+00:00,0.76271755
2097-09-30 00:00:00+00:00,0.357901
2097-10-31 00:00:00+00:00,0.4101775
2097-11-30 00:00:00+00:00,0.5878136
2097-12-31 00:00:00+00:00,0.406782
2098-01-31 00:00:00+00:00,0.52511686
2098-02-28 00:00:00+00:00,0.61705273
2098-03-31 00:00:00+00:00,0.6456202
2098-04-30 00:00:00+00:00,0.46897045
2098-05-31 00:00:00+00:00,0.19443038
2098-06-30 00:00:00+00:00,0.13314572
2098-07-31 00:00:00+00:00,0.08436971
2098-08-31 00:00:00+00:00,0.12181952
2098-09-30 00:00:00+00:00,0.18578999
2098-10-31 00:00:00+00:00,0.22031987
2098-11-30 00:00:00+00:00,0.0671273
2098-12-31 00:00:00+00:00,0.08199319
2099-01-31 00:00:00+00:00,0.5298345
2099-02-28 00:00:00+00:00,0.9278685
2099-03-31 00:00:00+00:00,1.2602682
2099-04-30 00:00:00+00:00,0.85915184
2099-05-31 00:00:00+00:00,0.40025815
2099-06-30 00:00:00+00:00,0.14277324
2099-07-31 00:00:00+00:00,0.052112393
2099-08-31 00:00:00+00:00,0.21359126
2099-09-30 00:00:00+00:00,0.10535828
2099-10-31 00:00:00+00:00,0.3418563
2099-11-30 00:00:00+00:00,0.2651251
2099-12-31 00:00:00+00:00,0.44333193
