time,baseflow_month_MIROC5_rcp45
2006-01-31 00:00:00+00:00,0.02846837
2006-02-28 00:00:00+00:00,0.028242186
2006-03-31 00:00:00+00:00,0.028314328
2006-04-30 00:00:00+00:00,0.028211484
2006-05-31 00:00:00+00:00,0.027470034
2006-06-30 00:00:00+00:00,0.027050119
2006-07-31 00:00:00+00:00,0.026748471
2006-08-31 00:00:00+00:00,0.026482776
2006-09-30 00:00:00+00:00,0.02624227
2006-10-31 00:00:00+00:00,0.026001142
2006-11-30 00:00:00+00:00,0.025768239
2006-12-31 00:00:00+00:00,0.025540821
2007-01-31 00:00:00+00:00,0.025322143
2007-02-28 00:00:00+00:00,0.02512226
2007-03-31 00:00:00+00:00,0.025028944
2007-04-30 00:00:00+00:00,0.024861656
2007-05-31 00:00:00+00:00,0.024589
2007-06-30 00:00:00+00:00,0.02435951
2007-07-31 00:00:00+00:00,0.024145974
2007-08-31 00:00:00+00:00,0.023971241
2007-09-30 00:00:00+00:00,0.024427412
2007-10-31 00:00:00+00:00,0.024436086
2007-11-30 00:00:00+00:00,0.024154056
2007-12-31 00:00:00+00:00,0.072202116
2008-01-31 00:00:00+00:00,0.1171321
2008-02-29 00:00:00+00:00,0.15880902
2008-03-31 00:00:00+00:00,0.18597652
2008-04-30 00:00:00+00:00,0.0787062
2008-05-31 00:00:00+00:00,0.05587511
2008-06-30 00:00:00+00:00,0.039951503
2008-07-31 00:00:00+00:00,0.033254903
2008-08-31 00:00:00+00:00,0.03093889
2008-09-30 00:00:00+00:00,0.030376319
2008-10-31 00:00:00+00:00,0.029848158
2008-11-30 00:00:00+00:00,0.029403495
2008-12-31 00:00:00+00:00,0.02907282
2009-01-31 00:00:00+00:00,0.028798418
2009-02-28 00:00:00+00:00,0.19597493
2009-03-31 00:00:00+00:00,0.2688346
2009-04-30 00:00:00+00:00,0.2254414
2009-05-31 00:00:00+00:00,0.07190793
2009-06-30 00:00:00+00:00,0.04206074
2009-07-31 00:00:00+00:00,0.033652343
2009-08-31 00:00:00+00:00,0.031729706
2009-09-30 00:00:00+00:00,0.031063488
2009-10-31 00:00:00+00:00,0.030609423
2009-11-30 00:00:00+00:00,0.035690837
2009-12-31 00:00:00+00:00,0.03719312
2010-01-31 00:00:00+00:00,0.23942584
2010-02-28 00:00:00+00:00,0.27616516
2010-03-31 00:00:00+00:00,0.3237803
2010-04-30 00:00:00+00:00,0.21011016
2010-05-31 00:00:00+00:00,0.073264904
2010-06-30 00:00:00+00:00,0.043483697
2010-07-31 00:00:00+00:00,0.03595242
2010-08-31 00:00:00+00:00,0.033161268
2010-09-30 00:00:00+00:00,0.032866593
2010-10-31 00:00:00+00:00,0.03229912
2010-11-30 00:00:00+00:00,0.031718563
2010-12-31 00:00:00+00:00,0.031343378
2011-01-31 00:00:00+00:00,0.034672778
2011-02-28 00:00:00+00:00,0.046137616
2011-03-31 00:00:00+00:00,0.060545202
2011-04-30 00:00:00+00:00,0.06404104
2011-05-31 00:00:00+00:00,0.040768806
2011-06-30 00:00:00+00:00,0.032726265
2011-07-31 00:00:00+00:00,0.030068016
2011-08-31 00:00:00+00:00,0.029627934
2011-09-30 00:00:00+00:00,0.029503692
2011-10-31 00:00:00+00:00,0.029163688
2011-11-30 00:00:00+00:00,0.028849175
2011-12-31 00:00:00+00:00,0.028606672
2012-01-31 00:00:00+00:00,0.028400036
2012-02-29 00:00:00+00:00,0.029151898
2012-03-31 00:00:00+00:00,0.028688926
2012-04-30 00:00:00+00:00,0.028082363
2012-05-31 00:00:00+00:00,0.027682545
2012-06-30 00:00:00+00:00,0.027293334
2012-07-31 00:00:00+00:00,0.027024835
2012-08-31 00:00:00+00:00,0.026783362
2012-09-30 00:00:00+00:00,0.027562188
2012-10-31 00:00:00+00:00,0.02693784
2012-11-30 00:00:00+00:00,0.027081892
2012-12-31 00:00:00+00:00,0.027690249
2013-01-31 00:00:00+00:00,0.026778141
2013-02-28 00:00:00+00:00,0.028067075
2013-03-31 00:00:00+00:00,0.04098328
2013-04-30 00:00:00+00:00,0.057840407
2013-05-31 00:00:00+00:00,0.02992377
2013-06-30 00:00:00+00:00,0.02625545
2013-07-31 00:00:00+00:00,0.025321594
2013-08-31 00:00:00+00:00,0.024879986
2013-09-30 00:00:00+00:00,0.024578216
2013-10-31 00:00:00+00:00,0.02434785
2013-11-30 00:00:00+00:00,0.027867386
2013-12-31 00:00:00+00:00,0.026896289
2014-01-31 00:00:00+00:00,0.028008087
2014-02-28 00:00:00+00:00,0.03902887
2014-03-31 00:00:00+00:00,0.079052724
2014-04-30 00:00:00+00:00,0.045449555
2014-05-31 00:00:00+00:00,0.03678767
2014-06-30 00:00:00+00:00,0.027078869
2014-07-31 00:00:00+00:00,0.023495687
2014-08-31 00:00:00+00:00,0.023035688
2014-09-30 00:00:00+00:00,0.022879582
2014-10-31 00:00:00+00:00,0.022700092
2014-11-30 00:00:00+00:00,0.023255903
2014-12-31 00:00:00+00:00,0.02786555
2015-01-31 00:00:00+00:00,0.10132588
2015-02-28 00:00:00+00:00,0.2337974
2015-03-31 00:00:00+00:00,0.24949257
2015-04-30 00:00:00+00:00,0.10964126
2015-05-31 00:00:00+00:00,0.09220418
2015-06-30 00:00:00+00:00,0.04169973
2015-07-31 00:00:00+00:00,0.029122062
2015-08-31 00:00:00+00:00,0.02570727
2015-09-30 00:00:00+00:00,0.02490289
2015-10-31 00:00:00+00:00,0.024505915
2015-11-30 00:00:00+00:00,0.025994254
2015-12-31 00:00:00+00:00,0.054433025
2016-01-31 00:00:00+00:00,0.123090796
2016-02-29 00:00:00+00:00,0.18518484
2016-03-31 00:00:00+00:00,0.19523175
2016-04-30 00:00:00+00:00,0.15710257
2016-05-31 00:00:00+00:00,0.061626993
2016-06-30 00:00:00+00:00,0.034069996
2016-07-31 00:00:00+00:00,0.02702707
2016-08-31 00:00:00+00:00,0.024572192
2016-09-30 00:00:00+00:00,0.024162455
2016-10-31 00:00:00+00:00,0.023904566
2016-11-30 00:00:00+00:00,0.023693413
2016-12-31 00:00:00+00:00,0.023694769
2017-01-31 00:00:00+00:00,0.023439776
2017-02-28 00:00:00+00:00,0.023254987
2017-03-31 00:00:00+00:00,0.023933701
2017-04-30 00:00:00+00:00,0.024839494
2017-05-31 00:00:00+00:00,0.023391295
2017-06-30 00:00:00+00:00,0.022701934
2017-07-31 00:00:00+00:00,0.02236512
2017-08-31 00:00:00+00:00,0.022128798
2017-09-30 00:00:00+00:00,0.026710216
2017-10-31 00:00:00+00:00,0.028965844
2017-11-30 00:00:00+00:00,0.027117584
2017-12-31 00:00:00+00:00,0.026288286
2018-01-31 00:00:00+00:00,0.025468389
2018-02-28 00:00:00+00:00,0.024950115
2018-03-31 00:00:00+00:00,0.024376927
2018-04-30 00:00:00+00:00,0.023963198
2018-05-31 00:00:00+00:00,0.023768596
2018-06-30 00:00:00+00:00,0.023211539
2018-07-31 00:00:00+00:00,0.022868384
2018-08-31 00:00:00+00:00,0.022586066
2018-09-30 00:00:00+00:00,0.022338526
2018-10-31 00:00:00+00:00,0.02210851
2018-11-30 00:00:00+00:00,0.02209431
2018-12-31 00:00:00+00:00,0.02267805
2019-01-31 00:00:00+00:00,0.022052553
2019-02-28 00:00:00+00:00,0.022821702
2019-03-31 00:00:00+00:00,0.022631014
2019-04-30 00:00:00+00:00,0.023355851
2019-05-31 00:00:00+00:00,0.022781517
2019-06-30 00:00:00+00:00,0.02121693
2019-07-31 00:00:00+00:00,0.020740116
2019-08-31 00:00:00+00:00,0.020517131
2019-09-30 00:00:00+00:00,0.020360887
2019-10-31 00:00:00+00:00,0.020193294
2019-11-30 00:00:00+00:00,0.020078082
2019-12-31 00:00:00+00:00,0.024624953
2020-01-31 00:00:00+00:00,0.045684494
2020-02-29 00:00:00+00:00,0.20569961
2020-03-31 00:00:00+00:00,0.23182599
2020-04-30 00:00:00+00:00,0.08337053
2020-05-31 00:00:00+00:00,0.047616113
2020-06-30 00:00:00+00:00,0.033526793
2020-07-31 00:00:00+00:00,0.028316105
2020-08-31 00:00:00+00:00,0.025840515
2020-09-30 00:00:00+00:00,0.025237517
2020-10-31 00:00:00+00:00,0.024889564
2020-11-30 00:00:00+00:00,0.024581702
2020-12-31 00:00:00+00:00,0.024487104
2021-01-31 00:00:00+00:00,0.050021213
2021-02-28 00:00:00+00:00,0.12470299
2021-03-31 00:00:00+00:00,0.21604012
2021-04-30 00:00:00+00:00,0.10292105
2021-05-31 00:00:00+00:00,0.07660172
2021-06-30 00:00:00+00:00,0.04627782
2021-07-31 00:00:00+00:00,0.028655274
2021-08-31 00:00:00+00:00,0.024305005
2021-09-30 00:00:00+00:00,0.023755318
2021-10-31 00:00:00+00:00,0.02346775
2021-11-30 00:00:00+00:00,0.023257997
2021-12-31 00:00:00+00:00,0.023179336
2022-01-31 00:00:00+00:00,0.02304395
2022-02-28 00:00:00+00:00,0.027328797
2022-03-31 00:00:00+00:00,0.03416044
2022-04-30 00:00:00+00:00,0.04104659
2022-05-31 00:00:00+00:00,0.026619935
2022-06-30 00:00:00+00:00,0.023255209
2022-07-31 00:00:00+00:00,0.02238899
2022-08-31 00:00:00+00:00,0.022052338
2022-09-30 00:00:00+00:00,0.02185229
2022-10-31 00:00:00+00:00,0.021669066
2022-11-30 00:00:00+00:00,0.021487216
2022-12-31 00:00:00+00:00,0.024907738
2023-01-31 00:00:00+00:00,0.027158841
2023-02-28 00:00:00+00:00,0.05312157
2023-03-31 00:00:00+00:00,0.036601894
2023-04-30 00:00:00+00:00,0.032318257
2023-05-31 00:00:00+00:00,0.024202265
2023-06-30 00:00:00+00:00,0.022056922
2023-07-31 00:00:00+00:00,0.0213935
2023-08-31 00:00:00+00:00,0.021201972
2023-09-30 00:00:00+00:00,0.021150103
2023-10-31 00:00:00+00:00,0.02095613
2023-11-30 00:00:00+00:00,0.02072067
2023-12-31 00:00:00+00:00,0.020518849
2024-01-31 00:00:00+00:00,0.02084055
2024-02-29 00:00:00+00:00,0.02275825
2024-03-31 00:00:00+00:00,0.026611328
2024-04-30 00:00:00+00:00,0.023788838
2024-05-31 00:00:00+00:00,0.021093415
2024-06-30 00:00:00+00:00,0.020142037
2024-07-31 00:00:00+00:00,0.019696219
2024-08-31 00:00:00+00:00,0.019439956
2024-09-30 00:00:00+00:00,0.019251045
2024-10-31 00:00:00+00:00,0.01909054
2024-11-30 00:00:00+00:00,0.018933998
2024-12-31 00:00:00+00:00,0.018779876
2025-01-31 00:00:00+00:00,0.039920226
2025-02-28 00:00:00+00:00,0.094630875
2025-03-31 00:00:00+00:00,0.16177051
2025-04-30 00:00:00+00:00,0.13627675
2025-05-31 00:00:00+00:00,0.0436627
2025-06-30 00:00:00+00:00,0.029085413
2025-07-31 00:00:00+00:00,0.02424452
2025-08-31 00:00:00+00:00,0.023316195
2025-09-30 00:00:00+00:00,0.022903876
2025-10-31 00:00:00+00:00,0.022607587
2025-11-30 00:00:00+00:00,0.022381216
2025-12-31 00:00:00+00:00,0.0234694
2026-01-31 00:00:00+00:00,0.0414443
2026-02-28 00:00:00+00:00,0.09150389
2026-03-31 00:00:00+00:00,0.094008505
2026-04-30 00:00:00+00:00,0.053129874
2026-05-31 00:00:00+00:00,0.034057125
2026-06-30 00:00:00+00:00,0.024896972
2026-07-31 00:00:00+00:00,0.0223721
2026-08-31 00:00:00+00:00,0.021839365
2026-09-30 00:00:00+00:00,0.02151625
2026-10-31 00:00:00+00:00,0.021282546
2026-11-30 00:00:00+00:00,0.024268648
2026-12-31 00:00:00+00:00,0.037829835
2027-01-31 00:00:00+00:00,0.057338115
2027-02-28 00:00:00+00:00,0.23458582
2027-03-31 00:00:00+00:00,0.22586833
2027-04-30 00:00:00+00:00,0.12363626
2027-05-31 00:00:00+00:00,0.06472948
2027-06-30 00:00:00+00:00,0.04395587
2027-07-31 00:00:00+00:00,0.03020596
2027-08-31 00:00:00+00:00,0.026204642
2027-09-30 00:00:00+00:00,0.025512667
2027-10-31 00:00:00+00:00,0.025188562
2027-11-30 00:00:00+00:00,0.024829837
2027-12-31 00:00:00+00:00,0.026484028
2028-01-31 00:00:00+00:00,0.03591389
2028-02-29 00:00:00+00:00,0.052216724
2028-03-31 00:00:00+00:00,0.084460974
2028-04-30 00:00:00+00:00,0.14965887
2028-05-31 00:00:00+00:00,0.038250715
2028-06-30 00:00:00+00:00,0.02671621
2028-07-31 00:00:00+00:00,0.024240358
2028-08-31 00:00:00+00:00,0.023663592
2028-09-30 00:00:00+00:00,0.023653755
2028-10-31 00:00:00+00:00,0.023224393
2028-11-30 00:00:00+00:00,0.02419333
2028-12-31 00:00:00+00:00,0.02350345
2029-01-31 00:00:00+00:00,0.02284061
2029-02-28 00:00:00+00:00,0.022417037
2029-03-31 00:00:00+00:00,0.022233073
2029-04-30 00:00:00+00:00,0.022903873
2029-05-31 00:00:00+00:00,0.022042517
2029-06-30 00:00:00+00:00,0.021572264
2029-07-31 00:00:00+00:00,0.021268437
2029-08-31 00:00:00+00:00,0.021031216
2029-09-30 00:00:00+00:00,0.020833237
2029-10-31 00:00:00+00:00,0.020826453
2029-11-30 00:00:00+00:00,0.02194365
2029-12-31 00:00:00+00:00,0.022396777
2030-01-31 00:00:00+00:00,0.023386065
2030-02-28 00:00:00+00:00,0.022995843
2030-03-31 00:00:00+00:00,0.022535635
2030-04-30 00:00:00+00:00,0.020847637
2030-05-31 00:00:00+00:00,0.021894682
2030-06-30 00:00:00+00:00,0.020176556
2030-07-31 00:00:00+00:00,0.019663027
2030-08-31 00:00:00+00:00,0.019382894
2030-09-30 00:00:00+00:00,0.019174272
2030-10-31 00:00:00+00:00,0.018995944
2030-11-30 00:00:00+00:00,0.018832942
2030-12-31 00:00:00+00:00,0.018675167
2031-01-31 00:00:00+00:00,0.018515991
2031-02-28 00:00:00+00:00,0.018611206
2031-03-31 00:00:00+00:00,0.019231282
2031-04-30 00:00:00+00:00,0.018701248
2031-05-31 00:00:00+00:00,0.01849442
2031-06-30 00:00:00+00:00,0.018049745
2031-07-31 00:00:00+00:00,0.017816082
2031-08-31 00:00:00+00:00,0.017632214
2031-09-30 00:00:00+00:00,0.017470984
2031-10-31 00:00:00+00:00,0.017319655
2031-11-30 00:00:00+00:00,0.020849278
2031-12-31 00:00:00+00:00,0.053643946
2032-01-31 00:00:00+00:00,0.11016368
2032-02-29 00:00:00+00:00,0.23992933
2032-03-31 00:00:00+00:00,0.14388831
2032-04-30 00:00:00+00:00,0.057170987
2032-05-31 00:00:00+00:00,0.03620412
2032-06-30 00:00:00+00:00,0.027322752
2032-07-31 00:00:00+00:00,0.022940068
2032-08-31 00:00:00+00:00,0.020954788
2032-09-30 00:00:00+00:00,0.02057684
2032-10-31 00:00:00+00:00,0.0204109
2032-11-30 00:00:00+00:00,0.020300673
2032-12-31 00:00:00+00:00,0.06364215
2033-01-31 00:00:00+00:00,0.23081478
2033-02-28 00:00:00+00:00,0.14496589
2033-03-31 00:00:00+00:00,0.2258541
2033-04-30 00:00:00+00:00,0.30940223
2033-05-31 00:00:00+00:00,0.2304666
2033-06-30 00:00:00+00:00,0.05915698
2033-07-31 00:00:00+00:00,0.033669878
2033-08-31 00:00:00+00:00,0.025123203
2033-09-30 00:00:00+00:00,0.022938414
2033-10-31 00:00:00+00:00,0.02270523
2033-11-30 00:00:00+00:00,0.022367598
2033-12-31 00:00:00+00:00,0.02209175
2034-01-31 00:00:00+00:00,0.024667507
2034-02-28 00:00:00+00:00,0.03182172
2034-03-31 00:00:00+00:00,0.030730488
2034-04-30 00:00:00+00:00,0.027395517
2034-05-31 00:00:00+00:00,0.02321603
2034-06-30 00:00:00+00:00,0.02152613
2034-07-31 00:00:00+00:00,0.021097206
2034-08-31 00:00:00+00:00,0.020833261
2034-09-30 00:00:00+00:00,0.020636324
2034-10-31 00:00:00+00:00,0.02046233
2034-11-30 00:00:00+00:00,0.021081606
2034-12-31 00:00:00+00:00,0.02242778
2035-01-31 00:00:00+00:00,0.021544632
2035-02-28 00:00:00+00:00,0.020826537
2035-03-31 00:00:00+00:00,0.020236949
2035-04-30 00:00:00+00:00,0.02005823
2035-05-31 00:00:00+00:00,0.019743633
2035-06-30 00:00:00+00:00,0.019444015
2035-07-31 00:00:00+00:00,0.019238561
2035-08-31 00:00:00+00:00,0.019058825
2035-09-30 00:00:00+00:00,0.019085959
2035-10-31 00:00:00+00:00,0.019090848
2035-11-30 00:00:00+00:00,0.018986579
2035-12-31 00:00:00+00:00,0.0202053
2036-01-31 00:00:00+00:00,0.083484806
2036-02-29 00:00:00+00:00,0.09604672
2036-03-31 00:00:00+00:00,0.06663411
2036-04-30 00:00:00+00:00,0.033337016
2036-05-31 00:00:00+00:00,0.026878636
2036-06-30 00:00:00+00:00,0.02099702
2036-07-31 00:00:00+00:00,0.01944604
2036-08-31 00:00:00+00:00,0.019214705
2036-09-30 00:00:00+00:00,0.019547593
2036-10-31 00:00:00+00:00,0.019590046
2036-11-30 00:00:00+00:00,0.020228896
2036-12-31 00:00:00+00:00,0.023482013
2037-01-31 00:00:00+00:00,0.027047832
2037-02-28 00:00:00+00:00,0.0315082
2037-03-31 00:00:00+00:00,0.10236988
2037-04-30 00:00:00+00:00,0.095307775
2037-05-31 00:00:00+00:00,0.043164607
2037-06-30 00:00:00+00:00,0.023049658
2037-07-31 00:00:00+00:00,0.019143831
2037-08-31 00:00:00+00:00,0.018435389
2037-09-30 00:00:00+00:00,0.01809808
2037-10-31 00:00:00+00:00,0.01787308
2037-11-30 00:00:00+00:00,0.018272059
2037-12-31 00:00:00+00:00,0.018244198
2038-01-31 00:00:00+00:00,0.0749937
2038-02-28 00:00:00+00:00,0.47112477
2038-03-31 00:00:00+00:00,0.22034955
2038-04-30 00:00:00+00:00,0.14906009
2038-05-31 00:00:00+00:00,0.098889224
2038-06-30 00:00:00+00:00,0.058513664
2038-07-31 00:00:00+00:00,0.036190644
2038-08-31 00:00:00+00:00,0.031415317
2038-09-30 00:00:00+00:00,0.030337118
2038-10-31 00:00:00+00:00,0.029743353
2038-11-30 00:00:00+00:00,0.029278662
2038-12-31 00:00:00+00:00,0.02887022
2039-01-31 00:00:00+00:00,0.035514284
2039-02-28 00:00:00+00:00,0.041242514
2039-03-31 00:00:00+00:00,0.038992528
2039-04-30 00:00:00+00:00,0.037307728
2039-05-31 00:00:00+00:00,0.029843973
2039-06-30 00:00:00+00:00,0.027981753
2039-07-31 00:00:00+00:00,0.027427655
2039-08-31 00:00:00+00:00,0.02707513
2039-09-30 00:00:00+00:00,0.027802465
2039-10-31 00:00:00+00:00,0.02794553
2039-11-30 00:00:00+00:00,0.027329247
2039-12-31 00:00:00+00:00,0.027011499
2040-01-31 00:00:00+00:00,0.026796713
2040-02-29 00:00:00+00:00,0.028632943
2040-03-31 00:00:00+00:00,0.028856108
2040-04-30 00:00:00+00:00,0.02948789
2040-05-31 00:00:00+00:00,0.026919914
2040-06-30 00:00:00+00:00,0.025820069
2040-07-31 00:00:00+00:00,0.02532324
2040-08-31 00:00:00+00:00,0.025003837
2040-09-30 00:00:00+00:00,0.024749128
2040-10-31 00:00:00+00:00,0.024528703
2040-11-30 00:00:00+00:00,0.02431372
2040-12-31 00:00:00+00:00,0.024106018
2041-01-31 00:00:00+00:00,0.023913061
2041-02-28 00:00:00+00:00,0.023719514
2041-03-31 00:00:00+00:00,0.023850275
2041-04-30 00:00:00+00:00,0.0236947
2041-05-31 00:00:00+00:00,0.023292892
2041-06-30 00:00:00+00:00,0.023035154
2041-07-31 00:00:00+00:00,0.022821574
2041-08-31 00:00:00+00:00,0.022617403
2041-09-30 00:00:00+00:00,0.022423757
2041-10-31 00:00:00+00:00,0.02223488
2041-11-30 00:00:00+00:00,0.022143949
2041-12-31 00:00:00+00:00,0.022191696
2042-01-31 00:00:00+00:00,0.023122929
2042-02-28 00:00:00+00:00,0.022707835
2042-03-31 00:00:00+00:00,0.047748026
2042-04-30 00:00:00+00:00,0.056898925
2042-05-31 00:00:00+00:00,0.030920679
2042-06-30 00:00:00+00:00,0.023220286
2042-07-31 00:00:00+00:00,0.021937806
2042-08-31 00:00:00+00:00,0.024524476
2042-09-30 00:00:00+00:00,0.025318976
2042-10-31 00:00:00+00:00,0.024472885
2042-11-30 00:00:00+00:00,0.023873229
2042-12-31 00:00:00+00:00,0.08257059
2043-01-31 00:00:00+00:00,0.2773835
2043-02-28 00:00:00+00:00,0.47556573
2043-03-31 00:00:00+00:00,0.27067882
2043-04-30 00:00:00+00:00,0.10410884
2043-05-31 00:00:00+00:00,0.06287527
2043-06-30 00:00:00+00:00,0.040802777
2043-07-31 00:00:00+00:00,0.03360968
2043-08-31 00:00:00+00:00,0.03316083
2043-09-30 00:00:00+00:00,0.031621914
2043-10-31 00:00:00+00:00,0.030487172
2043-11-30 00:00:00+00:00,0.029664507
2043-12-31 00:00:00+00:00,0.029138613
2044-01-31 00:00:00+00:00,0.04406502
2044-02-29 00:00:00+00:00,0.16104789
2044-03-31 00:00:00+00:00,0.13788591
2044-04-30 00:00:00+00:00,0.0653657
2044-05-31 00:00:00+00:00,0.040332068
2044-06-30 00:00:00+00:00,0.03228328
2044-07-31 00:00:00+00:00,0.028465591
2044-08-31 00:00:00+00:00,0.027755432
2044-09-30 00:00:00+00:00,0.02750048
2044-10-31 00:00:00+00:00,0.02719858
2044-11-30 00:00:00+00:00,0.027005475
2044-12-31 00:00:00+00:00,0.026936408
2045-01-31 00:00:00+00:00,0.026574804
2045-02-28 00:00:00+00:00,0.028272208
2045-03-31 00:00:00+00:00,0.034366887
2045-04-30 00:00:00+00:00,0.029519022
2045-05-31 00:00:00+00:00,0.026924105
2045-06-30 00:00:00+00:00,0.025886782
2045-07-31 00:00:00+00:00,0.025461819
2045-08-31 00:00:00+00:00,0.025165202
2045-09-30 00:00:00+00:00,0.024934761
2045-10-31 00:00:00+00:00,0.024725223
2045-11-30 00:00:00+00:00,0.024986682
2045-12-31 00:00:00+00:00,0.024671847
2046-01-31 00:00:00+00:00,0.024334043
2046-02-28 00:00:00+00:00,0.02436492
2046-03-31 00:00:00+00:00,0.025136422
2046-04-30 00:00:00+00:00,0.025073536
2046-05-31 00:00:00+00:00,0.025679534
2046-06-30 00:00:00+00:00,0.023905829
2046-07-31 00:00:00+00:00,0.023337247
2046-08-31 00:00:00+00:00,0.023002582
2046-09-30 00:00:00+00:00,0.022979533
2046-10-31 00:00:00+00:00,0.023954982
2046-11-30 00:00:00+00:00,0.024475321
2046-12-31 00:00:00+00:00,0.024327477
2047-01-31 00:00:00+00:00,0.02597559
2047-02-28 00:00:00+00:00,0.025559869
2047-03-31 00:00:00+00:00,0.044117164
2047-04-30 00:00:00+00:00,0.06429653
2047-05-31 00:00:00+00:00,0.03858768
2047-06-30 00:00:00+00:00,0.024780285
2047-07-31 00:00:00+00:00,0.02357566
2047-08-31 00:00:00+00:00,0.02321861
2047-09-30 00:00:00+00:00,0.023000706
2047-10-31 00:00:00+00:00,0.022857392
2047-11-30 00:00:00+00:00,0.02273083
2047-12-31 00:00:00+00:00,0.09835425
2048-01-31 00:00:00+00:00,0.2180197
2048-02-29 00:00:00+00:00,0.3697639
2048-03-31 00:00:00+00:00,0.53653884
2048-04-30 00:00:00+00:00,0.14836438
2048-05-31 00:00:00+00:00,0.06378707
2048-06-30 00:00:00+00:00,0.043622125
2048-07-31 00:00:00+00:00,0.036029354
2048-08-31 00:00:00+00:00,0.03268475
2048-09-30 00:00:00+00:00,0.031328168
2048-10-31 00:00:00+00:00,0.030660698
2048-11-30 00:00:00+00:00,0.030152567
2048-12-31 00:00:00+00:00,0.029950898
2049-01-31 00:00:00+00:00,0.030974047
2049-02-28 00:00:00+00:00,0.081905685
2049-03-31 00:00:00+00:00,0.07644127
2049-04-30 00:00:00+00:00,0.04820584
2049-05-31 00:00:00+00:00,0.035709742
2049-06-30 00:00:00+00:00,0.03036265
2049-07-31 00:00:00+00:00,0.029147182
2049-08-31 00:00:00+00:00,0.028703047
2049-09-30 00:00:00+00:00,0.02837445
2049-10-31 00:00:00+00:00,0.02809157
2049-11-30 00:00:00+00:00,0.027819887
2049-12-31 00:00:00+00:00,0.02755497
2050-01-31 00:00:00+00:00,0.02729235
2050-02-28 00:00:00+00:00,0.027069818
2050-03-31 00:00:00+00:00,0.02709148
2050-04-30 00:00:00+00:00,0.026923351
2050-05-31 00:00:00+00:00,0.026492974
2050-06-30 00:00:00+00:00,0.026209604
2050-07-31 00:00:00+00:00,0.02596417
2050-08-31 00:00:00+00:00,0.025732275
2050-09-30 00:00:00+00:00,0.025515929
2050-10-31 00:00:00+00:00,0.02530333
2050-11-30 00:00:00+00:00,0.025092032
2050-12-31 00:00:00+00:00,0.025686398
2051-01-31 00:00:00+00:00,0.026961029
2051-02-28 00:00:00+00:00,0.031430576
2051-03-31 00:00:00+00:00,0.029270554
2051-04-30 00:00:00+00:00,0.027415065
2051-05-31 00:00:00+00:00,0.0254037
2051-06-30 00:00:00+00:00,0.024376383
2051-07-31 00:00:00+00:00,0.024039987
2051-08-31 00:00:00+00:00,0.023827594
2051-09-30 00:00:00+00:00,0.023662644
2051-10-31 00:00:00+00:00,0.023486266
2051-11-30 00:00:00+00:00,0.023299087
2051-12-31 00:00:00+00:00,0.02310579
2052-01-31 00:00:00+00:00,0.022968914
2052-02-29 00:00:00+00:00,0.023098478
2052-03-31 00:00:00+00:00,0.047443952
2052-04-30 00:00:00+00:00,0.037579816
2052-05-31 00:00:00+00:00,0.02836534
2052-06-30 00:00:00+00:00,0.023512011
2052-07-31 00:00:00+00:00,0.022551168
2052-08-31 00:00:00+00:00,0.022172742
2052-09-30 00:00:00+00:00,0.021918781
2052-10-31 00:00:00+00:00,0.021720449
2052-11-30 00:00:00+00:00,0.02199183
2052-12-31 00:00:00+00:00,0.027873823
2053-01-31 00:00:00+00:00,0.026398998
2053-02-28 00:00:00+00:00,0.11171505
2053-03-31 00:00:00+00:00,0.056118008
2053-04-30 00:00:00+00:00,0.046640888
2053-05-31 00:00:00+00:00,0.026853275
2053-06-30 00:00:00+00:00,0.022503553
2053-07-31 00:00:00+00:00,0.021151237
2053-08-31 00:00:00+00:00,0.020762889
2053-09-30 00:00:00+00:00,0.02050361
2053-10-31 00:00:00+00:00,0.020313011
2053-11-30 00:00:00+00:00,0.021704823
2053-12-31 00:00:00+00:00,0.02170011
2054-01-31 00:00:00+00:00,0.035080805
2054-02-28 00:00:00+00:00,0.33545676
2054-03-31 00:00:00+00:00,0.31355956
2054-04-30 00:00:00+00:00,0.08466143
2054-05-31 00:00:00+00:00,0.043820888
2054-06-30 00:00:00+00:00,0.031311993
2054-07-31 00:00:00+00:00,0.02827195
2054-08-31 00:00:00+00:00,0.02732304
2054-09-30 00:00:00+00:00,0.027094213
2054-10-31 00:00:00+00:00,0.026807891
2054-11-30 00:00:00+00:00,0.027598461
2054-12-31 00:00:00+00:00,0.057064768
2055-01-31 00:00:00+00:00,0.2714927
2055-02-28 00:00:00+00:00,0.40747476
2055-03-31 00:00:00+00:00,0.12511991
2055-04-30 00:00:00+00:00,0.070103094
2055-05-31 00:00:00+00:00,0.05283274
2055-06-30 00:00:00+00:00,0.03733107
2055-07-31 00:00:00+00:00,0.032260556
2055-08-31 00:00:00+00:00,0.030410862
2055-09-30 00:00:00+00:00,0.03471416
2055-10-31 00:00:00+00:00,0.037653167
2055-11-30 00:00:00+00:00,0.0347606
2055-12-31 00:00:00+00:00,0.032730468
2056-01-31 00:00:00+00:00,0.031559836
2056-02-29 00:00:00+00:00,0.0305711
2056-03-31 00:00:00+00:00,0.030269371
2056-04-30 00:00:00+00:00,0.030831711
2056-05-31 00:00:00+00:00,0.029416779
2056-06-30 00:00:00+00:00,0.028664734
2056-07-31 00:00:00+00:00,0.028159555
2056-08-31 00:00:00+00:00,0.02775513
2056-09-30 00:00:00+00:00,0.027424706
2056-10-31 00:00:00+00:00,0.027132286
2056-11-30 00:00:00+00:00,0.026873108
2056-12-31 00:00:00+00:00,0.026742034
2057-01-31 00:00:00+00:00,0.027275091
2057-02-28 00:00:00+00:00,0.032204002
2057-03-31 00:00:00+00:00,0.03221254
2057-04-30 00:00:00+00:00,0.028352356
2057-05-31 00:00:00+00:00,0.027020425
2057-06-30 00:00:00+00:00,0.025878737
2057-07-31 00:00:00+00:00,0.025452042
2057-08-31 00:00:00+00:00,0.025153331
2057-09-30 00:00:00+00:00,0.024916884
2057-10-31 00:00:00+00:00,0.024699247
2057-11-30 00:00:00+00:00,0.024486477
2057-12-31 00:00:00+00:00,0.024275873
2058-01-31 00:00:00+00:00,0.02430353
2058-02-28 00:00:00+00:00,0.02447628
2058-03-31 00:00:00+00:00,0.023993941
2058-04-30 00:00:00+00:00,0.023674164
2058-05-31 00:00:00+00:00,0.023410179
2058-06-30 00:00:00+00:00,0.023193039
2058-07-31 00:00:00+00:00,0.022989858
2058-08-31 00:00:00+00:00,0.02278979
2058-09-30 00:00:00+00:00,0.022595258
2058-10-31 00:00:00+00:00,0.022402165
2058-11-30 00:00:00+00:00,0.022215704
2058-12-31 00:00:00+00:00,0.022050742
2059-01-31 00:00:00+00:00,0.022012148
2059-02-28 00:00:00+00:00,0.027178127
2059-03-31 00:00:00+00:00,0.032967057
2059-04-30 00:00:00+00:00,0.026557986
2059-05-31 00:00:00+00:00,0.029932978
2059-06-30 00:00:00+00:00,0.026579313
2059-07-31 00:00:00+00:00,0.022882948
2059-08-31 00:00:00+00:00,0.021956036
2059-09-30 00:00:00+00:00,0.02147097
2059-10-31 00:00:00+00:00,0.021150168
2059-11-30 00:00:00+00:00,0.020918202
2059-12-31 00:00:00+00:00,0.023321677
2060-01-31 00:00:00+00:00,0.09150149
2060-02-29 00:00:00+00:00,0.06179345
2060-03-31 00:00:00+00:00,0.0454469
2060-04-30 00:00:00+00:00,0.0339568
2060-05-31 00:00:00+00:00,0.029065846
2060-06-30 00:00:00+00:00,0.023239434
2060-07-31 00:00:00+00:00,0.020673197
2060-08-31 00:00:00+00:00,0.020231927
2060-09-30 00:00:00+00:00,0.020003686
2060-10-31 00:00:00+00:00,0.019819668
2060-11-30 00:00:00+00:00,0.019694759
2060-12-31 00:00:00+00:00,0.020052146
2061-01-31 00:00:00+00:00,0.021165218
2061-02-28 00:00:00+00:00,0.022638252
2061-03-31 00:00:00+00:00,0.022790598
2061-04-30 00:00:00+00:00,0.025676528
2061-05-31 00:00:00+00:00,0.044049237
2061-06-30 00:00:00+00:00,0.02306806
2061-07-31 00:00:00+00:00,0.019765269
2061-08-31 00:00:00+00:00,0.018938083
2061-09-30 00:00:00+00:00,0.018537262
2061-10-31 00:00:00+00:00,0.018273229
2061-11-30 00:00:00+00:00,0.018084226
2061-12-31 00:00:00+00:00,0.017930958
2062-01-31 00:00:00+00:00,0.01780101
2062-02-28 00:00:00+00:00,0.021289429
2062-03-31 00:00:00+00:00,0.026565636
2062-04-30 00:00:00+00:00,0.023573337
2062-05-31 00:00:00+00:00,0.020857867
2062-06-30 00:00:00+00:00,0.018013015
2062-07-31 00:00:00+00:00,0.01742278
2062-08-31 00:00:00+00:00,0.01711823
2062-09-30 00:00:00+00:00,0.016918918
2062-10-31 00:00:00+00:00,0.01676812
2062-11-30 00:00:00+00:00,0.016627058
2062-12-31 00:00:00+00:00,0.016487818
2063-01-31 00:00:00+00:00,0.016388265
2063-02-28 00:00:00+00:00,0.016659405
2063-03-31 00:00:00+00:00,0.01651612
2063-04-30 00:00:00+00:00,0.016220108
2063-05-31 00:00:00+00:00,0.015976524
2063-06-30 00:00:00+00:00,0.01581222
2063-07-31 00:00:00+00:00,0.015666723
2063-08-31 00:00:00+00:00,0.015527542
2063-09-30 00:00:00+00:00,0.015395788
2063-10-31 00:00:00+00:00,0.015266447
2063-11-30 00:00:00+00:00,0.015138144
2063-12-31 00:00:00+00:00,0.015496363
2064-01-31 00:00:00+00:00,0.031266212
2064-02-29 00:00:00+00:00,0.04201309
2064-03-31 00:00:00+00:00,0.0698288
2064-04-30 00:00:00+00:00,0.051351048
2064-05-31 00:00:00+00:00,0.02011555
2064-06-30 00:00:00+00:00,0.016239593
2064-07-31 00:00:00+00:00,0.015276748
2064-08-31 00:00:00+00:00,0.014912824
2064-09-30 00:00:00+00:00,0.014690917
2064-10-31 00:00:00+00:00,0.01454432
2064-11-30 00:00:00+00:00,0.01442428
2064-12-31 00:00:00+00:00,0.014306124
2065-01-31 00:00:00+00:00,0.014216169
2065-02-28 00:00:00+00:00,0.019268746
2065-03-31 00:00:00+00:00,0.06550619
2065-04-30 00:00:00+00:00,0.026092341
2065-05-31 00:00:00+00:00,0.02713373
2065-06-30 00:00:00+00:00,0.016135683
2065-07-31 00:00:00+00:00,0.014636175
2065-08-31 00:00:00+00:00,0.014108766
2065-09-30 00:00:00+00:00,0.013820741
2065-10-31 00:00:00+00:00,0.01363659
2065-11-30 00:00:00+00:00,0.013517874
2065-12-31 00:00:00+00:00,0.013417709
2066-01-31 00:00:00+00:00,0.015138714
2066-02-28 00:00:00+00:00,0.03688983
2066-03-31 00:00:00+00:00,0.19062898
2066-04-30 00:00:00+00:00,0.14813425
2066-05-31 00:00:00+00:00,0.10580468
2066-06-30 00:00:00+00:00,0.025540901
2066-07-31 00:00:00+00:00,0.017278813
2066-08-31 00:00:00+00:00,0.016262593
2066-09-30 00:00:00+00:00,0.015941607
2066-10-31 00:00:00+00:00,0.015743863
2066-11-30 00:00:00+00:00,0.015615194
2066-12-31 00:00:00+00:00,0.015505381
2067-01-31 00:00:00+00:00,0.015775193
2067-02-28 00:00:00+00:00,0.016077774
2067-03-31 00:00:00+00:00,0.016180627
2067-04-30 00:00:00+00:00,0.015573439
2067-05-31 00:00:00+00:00,0.015204017
2067-06-30 00:00:00+00:00,0.015011127
2067-07-31 00:00:00+00:00,0.014872988
2067-08-31 00:00:00+00:00,0.014826783
2067-09-30 00:00:00+00:00,0.01484976
2067-10-31 00:00:00+00:00,0.014956691
2067-11-30 00:00:00+00:00,0.018985525
2067-12-31 00:00:00+00:00,0.01940561
2068-01-31 00:00:00+00:00,0.01853897
2068-02-29 00:00:00+00:00,0.118108034
2068-03-31 00:00:00+00:00,0.06956504
2068-04-30 00:00:00+00:00,0.03975837
2068-05-31 00:00:00+00:00,0.02589661
2068-06-30 00:00:00+00:00,0.019680513
2068-07-31 00:00:00+00:00,0.017672684
2068-08-31 00:00:00+00:00,0.017386654
2068-09-30 00:00:00+00:00,0.017217038
2068-10-31 00:00:00+00:00,0.017073903
2068-11-30 00:00:00+00:00,0.016933795
2068-12-31 00:00:00+00:00,0.016795171
2069-01-31 00:00:00+00:00,0.016656172
2069-02-28 00:00:00+00:00,0.01653371
2069-03-31 00:00:00+00:00,0.017490035
2069-04-30 00:00:00+00:00,0.016926661
2069-05-31 00:00:00+00:00,0.016480256
2069-06-30 00:00:00+00:00,0.016215706
2069-07-31 00:00:00+00:00,0.01604465
2069-08-31 00:00:00+00:00,0.015902169
2069-09-30 00:00:00+00:00,0.016238144
2069-10-31 00:00:00+00:00,0.017121417
2069-11-30 00:00:00+00:00,0.01831641
2069-12-31 00:00:00+00:00,0.02092797
2070-01-31 00:00:00+00:00,0.021405788
2070-02-28 00:00:00+00:00,0.028211324
2070-03-31 00:00:00+00:00,0.025394935
2070-04-30 00:00:00+00:00,0.042802975
2070-05-31 00:00:00+00:00,0.02140607
2070-06-30 00:00:00+00:00,0.017706258
2070-07-31 00:00:00+00:00,0.016848212
2070-08-31 00:00:00+00:00,0.016492942
2070-09-30 00:00:00+00:00,0.016262189
2070-10-31 00:00:00+00:00,0.016096737
2070-11-30 00:00:00+00:00,0.015964063
2070-12-31 00:00:00+00:00,0.024687164
2071-01-31 00:00:00+00:00,0.03425331
2071-02-28 00:00:00+00:00,0.19402973
2071-03-31 00:00:00+00:00,0.30772814
2071-04-30 00:00:00+00:00,0.15420428
2071-05-31 00:00:00+00:00,0.049251847
2071-06-30 00:00:00+00:00,0.02402962
2071-07-31 00:00:00+00:00,0.019469133
2071-08-31 00:00:00+00:00,0.018815458
2071-09-30 00:00:00+00:00,0.018524688
2071-10-31 00:00:00+00:00,0.018316532
2071-11-30 00:00:00+00:00,0.018135915
2071-12-31 00:00:00+00:00,0.017963622
2072-01-31 00:00:00+00:00,0.017826933
2072-02-29 00:00:00+00:00,0.025643643
2072-03-31 00:00:00+00:00,0.027435496
2072-04-30 00:00:00+00:00,0.021973725
2072-05-31 00:00:00+00:00,0.018417304
2072-06-30 00:00:00+00:00,0.017607784
2072-07-31 00:00:00+00:00,0.017263785
2072-08-31 00:00:00+00:00,0.017038338
2072-09-30 00:00:00+00:00,0.017426362
2072-10-31 00:00:00+00:00,0.017001929
2072-11-30 00:00:00+00:00,0.016727071
2072-12-31 00:00:00+00:00,0.01678072
2073-01-31 00:00:00+00:00,0.01696774
2073-02-28 00:00:00+00:00,0.016751409
2073-03-31 00:00:00+00:00,0.06327832
2073-04-30 00:00:00+00:00,0.045755416
2073-05-31 00:00:00+00:00,0.02428551
2073-06-30 00:00:00+00:00,0.017933143
2073-07-31 00:00:00+00:00,0.016373202
2073-08-31 00:00:00+00:00,0.016028073
2073-09-30 00:00:00+00:00,0.015818305
2073-10-31 00:00:00+00:00,0.015675819
2073-11-30 00:00:00+00:00,0.024258086
2073-12-31 00:00:00+00:00,0.025670478
2074-01-31 00:00:00+00:00,0.023916794
2074-02-28 00:00:00+00:00,0.052657075
2074-03-31 00:00:00+00:00,0.281078
2074-04-30 00:00:00+00:00,0.16943932
2074-05-31 00:00:00+00:00,0.06668006
2074-06-30 00:00:00+00:00,0.028999131
2074-07-31 00:00:00+00:00,0.020740649
2074-08-31 00:00:00+00:00,0.018959675
2074-09-30 00:00:00+00:00,0.019220518
2074-10-31 00:00:00+00:00,0.01912271
2074-11-30 00:00:00+00:00,0.01877089
2074-12-31 00:00:00+00:00,0.023493692
2075-01-31 00:00:00+00:00,0.020634055
2075-02-28 00:00:00+00:00,0.020255651
2075-03-31 00:00:00+00:00,0.020278892
2075-04-30 00:00:00+00:00,0.020262178
2075-05-31 00:00:00+00:00,0.0185417
2075-06-30 00:00:00+00:00,0.017761864
2075-07-31 00:00:00+00:00,0.017449608
2075-08-31 00:00:00+00:00,0.017255513
2075-09-30 00:00:00+00:00,0.017124891
2075-10-31 00:00:00+00:00,0.017042993
2075-11-30 00:00:00+00:00,0.017319774
2075-12-31 00:00:00+00:00,0.01711841
2076-01-31 00:00:00+00:00,0.016876413
2076-02-29 00:00:00+00:00,0.019077599
2076-03-31 00:00:00+00:00,0.018400924
2076-04-30 00:00:00+00:00,0.018979201
2076-05-31 00:00:00+00:00,0.01728616
2076-06-30 00:00:00+00:00,0.01651555
2076-07-31 00:00:00+00:00,0.016189741
2076-08-31 00:00:00+00:00,0.015979288
2076-09-30 00:00:00+00:00,0.015820429
2076-10-31 00:00:00+00:00,0.015683899
2076-11-30 00:00:00+00:00,0.015555106
2076-12-31 00:00:00+00:00,0.015427604
2077-01-31 00:00:00+00:00,0.015300026
2077-02-28 00:00:00+00:00,0.015181231
2077-03-31 00:00:00+00:00,0.015236794
2077-04-30 00:00:00+00:00,0.01543963
2077-05-31 00:00:00+00:00,0.015043756
2077-06-30 00:00:00+00:00,0.014850674
2077-07-31 00:00:00+00:00,0.014704818
2077-08-31 00:00:00+00:00,0.014571976
2077-09-30 00:00:00+00:00,0.014603926
2077-10-31 00:00:00+00:00,0.014556891
2077-11-30 00:00:00+00:00,0.017995888
2077-12-31 00:00:00+00:00,0.028960591
2078-01-31 00:00:00+00:00,0.097144686
2078-02-28 00:00:00+00:00,0.035972033
2078-03-31 00:00:00+00:00,0.023867128
2078-04-30 00:00:00+00:00,0.020084608
2078-05-31 00:00:00+00:00,0.016374027
2078-06-30 00:00:00+00:00,0.015205135
2078-07-31 00:00:00+00:00,0.014916581
2078-08-31 00:00:00+00:00,0.014778488
2078-09-30 00:00:00+00:00,0.014947245
2078-10-31 00:00:00+00:00,0.015156196
2078-11-30 00:00:00+00:00,0.015133085
2078-12-31 00:00:00+00:00,0.015055423
2079-01-31 00:00:00+00:00,0.014980199
2079-02-28 00:00:00+00:00,0.015071601
2079-03-31 00:00:00+00:00,0.014950749
2079-04-30 00:00:00+00:00,0.015521369
2079-05-31 00:00:00+00:00,0.014982808
2079-06-30 00:00:00+00:00,0.014633515
2079-07-31 00:00:00+00:00,0.014458805
2079-08-31 00:00:00+00:00,0.014318598
2079-09-30 00:00:00+00:00,0.014195589
2079-10-31 00:00:00+00:00,0.014081072
2079-11-30 00:00:00+00:00,0.014138838
2079-12-31 00:00:00+00:00,0.016646475
2080-01-31 00:00:00+00:00,0.016571159
2080-02-29 00:00:00+00:00,0.016541792
2080-03-31 00:00:00+00:00,0.07909181
2080-04-30 00:00:00+00:00,0.069794774
2080-05-31 00:00:00+00:00,0.028796306
2080-06-30 00:00:00+00:00,0.016699383
2080-07-31 00:00:00+00:00,0.014191264
2080-08-31 00:00:00+00:00,0.01380478
2080-09-30 00:00:00+00:00,0.013588722
2080-10-31 00:00:00+00:00,0.013450516
2080-11-30 00:00:00+00:00,0.013344805
2080-12-31 00:00:00+00:00,0.013241189
2081-01-31 00:00:00+00:00,0.013170097
2081-02-28 00:00:00+00:00,0.013111636
2081-03-31 00:00:00+00:00,0.013021427
2081-04-30 00:00:00+00:00,0.013016792
2081-05-31 00:00:00+00:00,0.012841285
2081-06-30 00:00:00+00:00,0.012707584
2081-07-31 00:00:00+00:00,0.0125962095
2081-08-31 00:00:00+00:00,0.012512473
2081-09-30 00:00:00+00:00,0.012428433
2081-10-31 00:00:00+00:00,0.012344333
2081-11-30 00:00:00+00:00,0.012253902
2081-12-31 00:00:00+00:00,0.012175513
2082-01-31 00:00:00+00:00,0.013057103
2082-02-28 00:00:00+00:00,0.012935914
2082-03-31 00:00:00+00:00,0.012523557
2082-04-30 00:00:00+00:00,0.012204651
2082-05-31 00:00:00+00:00,0.011988411
2082-06-30 00:00:00+00:00,0.011870275
2082-07-31 00:00:00+00:00,0.011771293
2082-08-31 00:00:00+00:00,0.011675967
2082-09-30 00:00:00+00:00,0.011584385
2082-10-31 00:00:00+00:00,0.011866253
2082-11-30 00:00:00+00:00,0.011993826
2082-12-31 00:00:00+00:00,0.015756732
2083-01-31 00:00:00+00:00,0.018550418
2083-02-28 00:00:00+00:00,0.037987918
2083-03-31 00:00:00+00:00,0.035075657
2083-04-30 00:00:00+00:00,0.018037733
2083-05-31 00:00:00+00:00,0.013206391
2083-06-30 00:00:00+00:00,0.012106822
2083-07-31 00:00:00+00:00,0.011825523
2083-08-31 00:00:00+00:00,0.011671729
2083-09-30 00:00:00+00:00,0.011571594
2083-10-31 00:00:00+00:00,0.011483827
2083-11-30 00:00:00+00:00,0.011415752
2083-12-31 00:00:00+00:00,0.012233003
2084-01-31 00:00:00+00:00,0.099169046
2084-02-29 00:00:00+00:00,0.4283808
2084-03-31 00:00:00+00:00,0.1563846
2084-04-30 00:00:00+00:00,0.0827589
2084-05-31 00:00:00+00:00,0.032305546
2084-06-30 00:00:00+00:00,0.023049809
2084-07-31 00:00:00+00:00,0.0187572
2084-08-31 00:00:00+00:00,0.017743306
2084-09-30 00:00:00+00:00,0.017512573
2084-10-31 00:00:00+00:00,0.01736357
2084-11-30 00:00:00+00:00,0.02621217
2084-12-31 00:00:00+00:00,0.029574294
2085-01-31 00:00:00+00:00,0.077455595
2085-02-28 00:00:00+00:00,0.09733425
2085-03-31 00:00:00+00:00,0.044698477
2085-04-30 00:00:00+00:00,0.04744463
2085-05-31 00:00:00+00:00,0.027339198
2085-06-30 00:00:00+00:00,0.019666707
2085-07-31 00:00:00+00:00,0.018427448
2085-08-31 00:00:00+00:00,0.018086573
2085-09-30 00:00:00+00:00,0.017868837
2085-10-31 00:00:00+00:00,0.017714696
2085-11-30 00:00:00+00:00,0.017594062
2085-12-31 00:00:00+00:00,0.017463384
2086-01-31 00:00:00+00:00,0.017382119
2086-02-28 00:00:00+00:00,0.01756821
2086-03-31 00:00:00+00:00,0.017534582
2086-04-30 00:00:00+00:00,0.018366251
2086-05-31 00:00:00+00:00,0.01753953
2086-06-30 00:00:00+00:00,0.016996337
2086-07-31 00:00:00+00:00,0.016753428
2086-08-31 00:00:00+00:00,0.016708987
2086-09-30 00:00:00+00:00,0.017167607
2086-10-31 00:00:00+00:00,0.017133227
2086-11-30 00:00:00+00:00,0.017056113
2086-12-31 00:00:00+00:00,0.016960435
2087-01-31 00:00:00+00:00,0.017825404
2087-02-28 00:00:00+00:00,0.018591078
2087-03-31 00:00:00+00:00,0.029952148
2087-04-30 00:00:00+00:00,0.037511405
2087-05-31 00:00:00+00:00,0.021058863
2087-06-30 00:00:00+00:00,0.017880546
2087-07-31 00:00:00+00:00,0.017146504
2087-08-31 00:00:00+00:00,0.016818851
2087-09-30 00:00:00+00:00,0.016614603
2087-10-31 00:00:00+00:00,0.01648443
2087-11-30 00:00:00+00:00,0.016362678
2087-12-31 00:00:00+00:00,0.016337575
2088-01-31 00:00:00+00:00,0.01674709
2088-02-29 00:00:00+00:00,0.01659182
2088-03-31 00:00:00+00:00,0.01765049
2088-04-30 00:00:00+00:00,0.016725818
2088-05-31 00:00:00+00:00,0.016188916
2088-06-30 00:00:00+00:00,0.015805494
2088-07-31 00:00:00+00:00,0.015593407
2088-08-31 00:00:00+00:00,0.015438367
2088-09-30 00:00:00+00:00,0.01530791
2088-10-31 00:00:00+00:00,0.015183454
2088-11-30 00:00:00+00:00,0.0152115505
2088-12-31 00:00:00+00:00,0.015156899
2089-01-31 00:00:00+00:00,0.082419604
2089-02-28 00:00:00+00:00,0.32756722
2089-03-31 00:00:00+00:00,0.44632435
2089-04-30 00:00:00+00:00,0.10344979
2089-05-31 00:00:00+00:00,0.05164359
2089-06-30 00:00:00+00:00,0.0359947
2089-07-31 00:00:00+00:00,0.031014554
2089-08-31 00:00:00+00:00,0.029317966
2089-09-30 00:00:00+00:00,0.028771657
2089-10-31 00:00:00+00:00,0.02838543
2089-11-30 00:00:00+00:00,0.028060265
2089-12-31 00:00:00+00:00,0.027978377
2090-01-31 00:00:00+00:00,0.030509714
2090-02-28 00:00:00+00:00,0.028893637
2090-03-31 00:00:00+00:00,0.028278017
2090-04-30 00:00:00+00:00,0.027603567
2090-05-31 00:00:00+00:00,0.02808964
2090-06-30 00:00:00+00:00,0.026881956
2090-07-31 00:00:00+00:00,0.026385184
2090-08-31 00:00:00+00:00,0.026115699
2090-09-30 00:00:00+00:00,0.027374161
2090-10-31 00:00:00+00:00,0.026551178
2090-11-30 00:00:00+00:00,0.026098387
2090-12-31 00:00:00+00:00,0.025819391
2091-01-31 00:00:00+00:00,0.027967168
2091-02-28 00:00:00+00:00,0.039591696
2091-03-31 00:00:00+00:00,0.035293322
2091-04-30 00:00:00+00:00,0.030112782
2091-05-31 00:00:00+00:00,0.026512712
2091-06-30 00:00:00+00:00,0.025025196
2091-07-31 00:00:00+00:00,0.02459498
2091-08-31 00:00:00+00:00,0.024311954
2091-09-30 00:00:00+00:00,0.024090491
2091-10-31 00:00:00+00:00,0.023884727
2091-11-30 00:00:00+00:00,0.023681996
2091-12-31 00:00:00+00:00,0.02362617
2092-01-31 00:00:00+00:00,0.029205453
2092-02-29 00:00:00+00:00,0.03968841
2092-03-31 00:00:00+00:00,0.09006467
2092-04-30 00:00:00+00:00,0.05783983
2092-05-31 00:00:00+00:00,0.028963001
2092-06-30 00:00:00+00:00,0.02396284
2092-07-31 00:00:00+00:00,0.023030002
2092-08-31 00:00:00+00:00,0.022648547
2092-09-30 00:00:00+00:00,0.022387607
2092-10-31 00:00:00+00:00,0.022189748
2092-11-30 00:00:00+00:00,0.022006206
2092-12-31 00:00:00+00:00,0.022237755
2093-01-31 00:00:00+00:00,0.024925081
2093-02-28 00:00:00+00:00,0.025925068
2093-03-31 00:00:00+00:00,0.023846414
2093-04-30 00:00:00+00:00,0.023029901
2093-05-31 00:00:00+00:00,0.022400368
2093-06-30 00:00:00+00:00,0.02148452
2093-07-31 00:00:00+00:00,0.021016063
2093-08-31 00:00:00+00:00,0.020722026
2093-09-30 00:00:00+00:00,0.020500382
2093-10-31 00:00:00+00:00,0.02031005
2093-11-30 00:00:00+00:00,0.020134294
2093-12-31 00:00:00+00:00,0.01996281
2094-01-31 00:00:00+00:00,0.02123289
2094-02-28 00:00:00+00:00,0.023574198
2094-03-31 00:00:00+00:00,0.02363275
2094-04-30 00:00:00+00:00,0.02823575
2094-05-31 00:00:00+00:00,0.023570418
2094-06-30 00:00:00+00:00,0.020016266
2094-07-31 00:00:00+00:00,0.019380638
2094-08-31 00:00:00+00:00,0.019098135
2094-09-30 00:00:00+00:00,0.019024633
2094-10-31 00:00:00+00:00,0.019218137
2094-11-30 00:00:00+00:00,0.019331148
2094-12-31 00:00:00+00:00,0.018990874
2095-01-31 00:00:00+00:00,0.019049685
2095-02-28 00:00:00+00:00,0.026128475
2095-03-31 00:00:00+00:00,0.025250066
2095-04-30 00:00:00+00:00,0.020973148
2095-05-31 00:00:00+00:00,0.019409396
2095-06-30 00:00:00+00:00,0.01881257
2095-07-31 00:00:00+00:00,0.01851821
2095-08-31 00:00:00+00:00,0.01832515
2095-09-30 00:00:00+00:00,0.01818349
2095-10-31 00:00:00+00:00,0.018048057
2095-11-30 00:00:00+00:00,0.017911157
2095-12-31 00:00:00+00:00,0.017773302
2096-01-31 00:00:00+00:00,0.019731779
2096-02-29 00:00:00+00:00,0.17354888
2096-03-31 00:00:00+00:00,0.094245754
2096-04-30 00:00:00+00:00,0.0742284
2096-05-31 00:00:00+00:00,0.03059719
2096-06-30 00:00:00+00:00,0.02356369
2096-07-31 00:00:00+00:00,0.021330621
2096-08-31 00:00:00+00:00,0.020932246
2096-09-30 00:00:00+00:00,0.020690141
2096-10-31 00:00:00+00:00,0.020818636
2096-11-30 00:00:00+00:00,0.026560618
2096-12-31 00:00:00+00:00,0.023128055
2097-01-31 00:00:00+00:00,0.022924466
2097-02-28 00:00:00+00:00,0.14647812
2097-03-31 00:00:00+00:00,0.22544697
2097-04-30 00:00:00+00:00,0.08495879
2097-05-31 00:00:00+00:00,0.03532246
2097-06-30 00:00:00+00:00,0.022391198
2097-07-31 00:00:00+00:00,0.02051392
2097-08-31 00:00:00+00:00,0.020117521
2097-09-30 00:00:00+00:00,0.019870993
2097-10-31 00:00:00+00:00,0.019695433
2097-11-30 00:00:00+00:00,0.01953884
2097-12-31 00:00:00+00:00,0.019426532
2098-01-31 00:00:00+00:00,0.024670772
2098-02-28 00:00:00+00:00,0.20305054
2098-03-31 00:00:00+00:00,0.1225703
2098-04-30 00:00:00+00:00,0.04012642
2098-05-31 00:00:00+00:00,0.02901318
2098-06-30 00:00:00+00:00,0.022692382
2098-07-31 00:00:00+00:00,0.021105595
2098-08-31 00:00:00+00:00,0.020746563
2098-09-30 00:00:00+00:00,0.020528216
2098-10-31 00:00:00+00:00,0.020361492
2098-11-30 00:00:00+00:00,0.02020746
2098-12-31 00:00:00+00:00,0.023129286
2099-01-31 00:00:00+00:00,0.084686086
2099-02-28 00:00:00+00:00,0.082872935
2099-03-31 00:00:00+00:00,0.18773614
2099-04-30 00:00:00+00:00,0.09480529
2099-05-31 00:00:00+00:00,0.037619174
2099-06-30 00:00:00+00:00,0.025689308
2099-07-31 00:00:00+00:00,0.022026177
2099-08-31 00:00:00+00:00,0.021439217
2099-09-30 00:00:00+00:00,0.021316022
2099-10-31 00:00:00+00:00,0.02103629
2099-11-30 00:00:00+00:00,0.0208762
2099-12-31 00:00:00+00:00,0.020816721
