,date,airtemp,baseflow,ev,rainfall,runoff,sm,snowfall,snowwater
0,2025-01,9.860998,0.02550571,0.094955474,0.12769137,0.003558327,7.094812,0.010486831,0.1332124
1,2025-02,11.073206,0.02932231,0.7413001,1.0590427,0.0371875,13.196322,0.08203513,0.7254654
2,2025-03,16.292,0.028187886,0.4022548,0.11892853,0.0032400216,7.5411935,0.0076618404,0.055956967
3,2025-04,20.230106,0.026402883,0.12799779,0.015245203,0.00029736152,5.6661043,0.00021504164,0.00758278
4,2025-05,24.666279,0.025395634,0.036865477,0.00094198564,1.1484216e-05,5.3224545,1.2353877e-05,0.0
5,2025-06,30.871843,0.024850195,0.012919735,0.0105578825,9.652959e-05,5.3142924,1.1602203e-05,0.0
6,2025-07,33.10956,0.024501111,0.1919741,0.2572523,0.0036128026,6.233064,0.0,0.0
7,2025-08,31.85636,0.024223069,0.27403796,0.23933704,0.003503514,7.022298,0.0,0.0
8,2025-09,31.395555,0.023983067,0.28980356,0.5179392,0.008814519,6.764394,7.881615e-06,0.0
9,2025-10,20.779251,0.02375284,0.2614694,0.043763295,0.0005489582,7.570783,6.58469e-05,0.0
10,2025-11,11.864168,0.023527807,0.023968808,0.013663011,0.00019979056,5.556426,0.001789473,0.0008707129
11,2025-12,7.17333,0.026134975,0.4999345,1.406917,0.045311105,14.954429,0.14040269,1.5184104
12,2026-01,9.521404,0.0491447,0.5586144,0.69903094,0.037435476,15.480421,0.06792133,3.0583549
13,2026-02,12.569483,0.11668239,0.7565841,1.4783767,0.087780535,13.474227,0.09263856,2.6081767
14,2026-03,13.3771305,0.3199039,1.2821738,1.7466806,0.24959981,16.871218,0.08506778,3.8736033
15,2026-04,17.693144,0.09994528,1.0867428,0.3449673,0.025911057,8.424807,0.013141587,2.025696
16,2026-05,25.0939,0.052384514,0.42766303,0.0111940475,0.02139273,5.77104,1.5338705e-06,0.6096351
17,2026-06,27.066635,0.030834356,0.17950514,0.029088372,0.003180854,5.402982,1.02415925e-05,0.07174155
18,2026-07,32.72508,0.02587748,0.09016601,0.08365029,0.0018213806,5.622398,0.0,0.0025929066
19,2026-08,32.747925,0.024562344,0.37632275,0.40707204,0.0058730487,7.3987236,1.6275791e-08,0.0
20,2026-09,27.795887,0.024113527,0.15348488,0.13716803,0.0015822683,6.0426736,0.0003277842,0.0
21,2026-10,21.413471,0.023785954,0.035256777,0.008076048,5.602216e-05,5.5346527,5.988128e-07,0.0
22,2026-11,14.873464,0.023515584,0.059804622,0.08217674,0.0011060341,5.6522117,0.0105130905,0.022844348
23,2026-12,12.533515,0.023266293,0.029032484,0.00829653,0.00010787294,5.7986307,0.00070383976,0.0015413739
24,2027-01,8.859835,0.025688289,0.5329721,1.6763383,0.081224896,9.704473,0.11894902,0.505473
25,2027-02,9.002152,0.05695789,0.73656946,0.8347719,0.035940092,17.500006,0.0609583,2.795971
26,2027-03,14.957439,0.098312356,0.88712746,0.58242875,0.03688973,12.323487,0.033571422,2.0634677
27,2027-04,17.890985,0.07294438,0.6503331,0.5203918,0.02571394,8.002694,0.037201315,0.6244346
28,2027-05,22.332727,0.053630486,0.5852817,0.2772285,0.011287647,7.5599527,0.004311511,0.2219724
29,2027-06,26.84478,0.029815892,0.21170604,0.008043983,0.0011717703,5.5157027,6.0720875e-05,0.037116773
30,2027-07,34.527893,0.024521235,0.20108312,0.17238423,0.0025291226,5.9895062,0.0,0.0
31,2027-08,31.392225,0.023368256,0.3058487,0.3028948,0.00541884,7.20851,0.0,0.0
32,2027-09,28.181467,0.022846686,0.03133887,0.009666999,0.0001549961,5.4815016,1.6972567e-06,0.0
33,2027-10,21.763407,0.022463277,0.012796875,0.015756413,0.00017951237,5.3422365,0.00011439176,8.7496386e-07
34,2027-11,14.489117,0.022167211,0.054472294,0.05686051,0.0007486445,5.7332573,0.001989775,0.0015114505
35,2027-12,10.228698,0.028906647,0.52256066,1.4031999,0.09005951,13.40578,0.06457217,0.57147884
36,2028-01,11.625709,0.06576045,0.62315816,1.3461928,0.11056183,15.179418,0.018839689,0.78508097
37,2028-02,11.344856,0.0730913,0.6421832,0.27156714,0.010408462,13.509379,0.039065454,0.8911929
38,2028-03,13.680952,0.056496873,0.56804234,0.28181043,0.012022908,8.953769,0.011825773,0.6034834
39,2028-04,18.159672,0.065824635,0.82164794,0.6379982,0.021576032,9.449866,0.035286184,0.45483354
40,2028-05,24.898561,0.03173174,0.27626574,0.024415817,0.0032842737,5.550233,0.00037794668,0.07056266
41,2028-06,24.991224,0.024307245,0.16067936,0.05239902,0.0009508153,5.5824885,0.00018276274,0.005811706
42,2028-07,31.39162,0.022173526,0.028486334,0.006885456,6.0187285e-05,5.3227663,0.0,0.0
43,2028-08,35.17233,0.02167645,0.48707306,0.76816016,0.013679452,7.911731,0.0,0.0
44,2028-09,28.621836,0.021386964,0.5317263,0.29118472,0.0056930687,9.212543,1.4550592e-05,0.0
45,2028-10,22.633152,0.0211737,0.077728,0.08400959,0.0013154763,5.738612,0.0003350761,6.02864e-08
46,2028-11,14.612748,0.023204476,0.6352722,0.9344273,0.025043873,12.94172,0.00902657,0.052736524
47,2028-12,8.927438,0.030577436,0.56864065,0.9928958,0.038530152,14.713068,0.102410525,0.86221635
48,2029-01,10.031787,0.16283828,0.7094799,2.7379186,0.23844941,17.886223,0.16482066,2.2505398
49,2029-02,12.092087,0.22689055,0.989155,1.2597713,0.0769267,17.18903,0.0863034,2.7751093
50,2029-03,13.665056,0.23954576,1.1998979,0.83825296,0.039503682,14.533845,0.022787776,2.6946464
51,2029-04,18.75671,0.12474028,1.4116685,0.72597766,0.0448783,11.459169,0.020184577,1.9796928
52,2029-05,21.083546,0.06833578,0.9005466,0.67970574,0.030237706,9.012077,0.013819539,0.87992233
53,2029-06,27.026924,0.040212095,0.28384432,0.024289519,0.008624983,5.4704747,1.6833708e-05,0.2563249
54,2029-07,32.905804,0.030247599,0.17832895,0.14438084,0.0046061785,5.7481623,0.0,0.047249913
55,2029-08,31.630848,0.02673723,0.46037507,0.48182482,0.009065937,8.212043,0.0,0.0
56,2029-09,28.030075,0.025656871,0.087933876,0.034030564,0.00034695523,5.8419647,0.0,0.0
57,2029-10,19.49387,0.025060752,0.18799728,0.22365041,0.0034983521,6.5858626,0.0060658352,0.0057179295
58,2029-11,13.883893,0.025416952,0.344188,0.42648992,0.010745124,8.766825,0.016795654,0.061303753
59,2029-12,10.614149,0.025888555,0.20411682,0.28937766,0.010187822,8.078484,0.016793177,0.042494677
60,2030-01,13.077434,0.026315005,0.2019238,0.16656694,0.0057092872,8.694952,0.008246461,0.051944267
61,2030-02,13.587899,0.029009718,0.7163914,2.0930886,0.08420164,10.691828,0.11359946,0.49404666
62,2030-03,12.460665,0.1536025,1.278138,1.4922041,0.12177124,17.261337,0.13161737,4.350826
63,2030-04,19.83688,0.09828335,0.84687763,0.010699635,0.01692426,6.429307,0.00031875022,0.7199038
64,2030-05,25.272594,0.039828096,0.24607746,0.0114967115,0.0025120745,5.406122,7.9565434e-05,0.08836989
65,2030-06,29.02163,0.02883415,0.113240786,0.031077987,0.0005859638,5.376241,7.853557e-06,0.0014766171
66,2030-07,32.208637,0.026611619,0.36448258,0.5182451,0.0081631895,6.95004,0.0,0.0
67,2030-08,32.4772,0.02582502,0.80324227,0.96866447,0.019622093,10.139625,0.0,0.0
68,2030-09,28.478653,0.025523363,0.7095559,0.49475583,0.012934948,9.712245,2.924498e-05,0.0
69,2030-10,19.25653,0.025247535,0.06172635,0.012139203,0.00010610835,5.561243,0.0001349208,0.0
70,2030-11,11.591645,0.02483909,0.09721843,0.15712893,0.0021747616,5.650005,0.017173842,0.016859908
71,2030-12,10.193052,0.024516042,0.32701898,0.5613589,0.012924505,10.917133,0.03824186,0.20551778
72,2031-01,10.58364,0.025095308,0.26441532,0.21588065,0.008967399,10.499329,0.01344913,0.21806031
73,2031-02,12.415291,0.025233513,0.19904277,0.05181343,0.0012337243,7.6422577,0.005584616,0.12688445
74,2031-03,17.128656,0.02445391,0.13498338,0.034689926,0.00092153647,6.023225,0.0027390206,0.04664304
75,2031-04,17.551685,0.024594763,0.24259143,0.2878186,0.010214538,6.5096035,0.02498463,0.03954878
76,2031-05,23.445784,0.024287194,0.096229814,0.011713491,0.00015571507,5.4678807,4.5335917e-05,5.2309133e-05
77,2031-06,29.242008,0.023464307,0.026013557,0.012544313,0.000129105,5.3330874,1.6512059e-06,0.0
78,2031-07,30.492434,0.023114437,0.09484671,0.14141151,0.0018178928,5.6310782,0.0,0.0
79,2031-08,31.52536,0.022853313,0.5478937,0.5793949,0.01082842,8.617627,8.56635e-05,0.0
80,2031-09,27.704977,0.022832647,0.8946533,1.0114844,0.017799964,10.462271,2.0594832e-06,0.0
81,2031-10,23.938883,0.023079667,0.1506006,0.040830508,0.00049160403,6.1797237,3.0475498e-05,0.0
82,2031-11,13.74683,0.029790146,0.6667136,1.5333443,0.072966166,13.763938,0.063846536,0.5451397
83,2031-12,12.571352,0.029666847,0.33437294,0.0054422165,0.0019230559,10.737358,0.0005651548,0.42135048
84,2032-01,9.160878,0.066473596,0.5597729,2.0692837,0.20651838,14.298365,0.33105826,2.7062013
85,2032-02,14.99803,0.19351235,0.9249449,0.5940745,0.04784438,13.843241,0.016578479,1.8108498
86,2032-03,14.449692,0.10983048,0.85700864,0.36604103,0.01742874,10.818152,0.027169988,0.8553122
87,2032-04,18.604696,0.055302743,0.7337925,0.4779428,0.015291632,9.078316,0.0065122354,0.39662609
88,2032-05,24.362965,0.034263477,0.2553302,0.006785561,0.0020936967,5.509721,2.4795652e-05,0.14720109
89,2032-06,27.760252,0.028133268,0.100901626,0.009451409,0.0012414068,5.335618,0.0,0.032185424
90,2032-07,30.875252,0.025512712,0.08683259,0.17658032,0.0027218913,5.5671353,2.1364177e-07,0.0
91,2032-08,33.315315,0.024760514,0.63071394,0.872379,0.01656126,9.369349,0.0,0.0
92,2032-09,28.771479,0.024349215,0.38340834,0.074817024,0.0008401572,8.119268,3.2954313e-06,0.0
93,2032-10,24.06254,0.024011448,0.20772395,0.23921628,0.003225954,6.571236,0.000117888085,0.0
94,2032-11,12.818384,0.024229733,0.3836885,0.84194344,0.028756587,9.390024,0.041700285,0.22967754
95,2032-12,10.090334,0.029712552,0.48075363,0.8921841,0.036838237,13.412557,0.045590304,0.5257862
96,2033-01,10.309316,0.03927745,0.4022813,0.5006909,0.025353894,12.975268,0.037501693,0.9056844
97,2033-02,13.519123,0.0693704,0.533571,0.3060314,0.011928043,11.270401,0.007852656,0.8762668
98,2033-03,12.99426,0.044608533,0.5208252,0.31205985,0.009358178,8.961678,0.02499879,0.4632933
99,2033-04,13.82432,0.09834245,0.6851002,0.83020484,0.03614299,9.933764,0.08466863,0.9098676
100,2033-05,22.183107,0.107698806,0.92598116,0.7253312,0.033932656,9.7105055,0.03539934,0.55855817
101,2033-06,31.898645,0.029969951,0.2447543,0.005590974,0.0033102627,5.4114604,0.0,0.0396782
102,2033-07,33.816196,0.02375318,0.2696929,0.32256794,0.0045888247,6.6273217,0.0,0.0
103,2033-08,33.222317,0.022789175,0.5680779,0.5564738,0.008620026,8.829688,3.5726845e-07,0.0
104,2033-09,26.836998,0.02234716,0.120098285,0.05601102,0.0005987812,5.9541197,1.4014183e-06,0.0
105,2033-10,22.46448,0.022047259,0.041839946,0.06700984,0.000926889,5.4596133,7.680088e-06,0.0
106,2033-11,14.826121,0.021829257,0.21021806,0.30010164,0.0044410797,6.8105497,0.011750658,0.022970293
107,2033-12,10.96982,0.021729423,0.10611363,0.035038132,0.00063459383,7.20885,0.004060907,0.02965521
108,2034-01,9.451999,0.028947376,0.58061486,1.1432933,0.04449701,13.621001,0.068333305,0.90000737
109,2034-02,12.775684,0.027370306,0.38209066,0.09396023,0.0049715294,9.710815,0.009816502,0.5144811
110,2034-03,16.15606,0.024782665,0.21672106,0.028018618,0.0018294173,6.401755,0.0016485171,0.09619653
111,2034-04,20.454094,0.022518704,0.11407461,0.026902935,0.00045285551,5.4865575,0.0003469476,0.0073321103
112,2034-05,21.914335,0.021588067,0.061290417,0.019212196,0.00019750712,5.4303393,0.00017846117,8.2402727e-07
113,2034-06,29.050098,0.021084316,0.06192735,0.06329359,0.0009814813,5.6324797,3.4969748e-05,2.1291655e-08
114,2034-07,32.63177,0.02081897,0.06624738,0.072831936,0.0011437566,5.6896825,0.0,0.0
115,2034-08,32.43529,0.020633012,0.5200263,0.5581506,0.009903311,8.551584,0.0,0.0
116,2034-09,27.15958,0.020465493,0.048460815,0.008717412,8.575297e-05,5.5303226,2.1428993e-06,0.0
117,2034-10,17.481695,0.020447584,0.44690073,0.6187547,0.009576426,8.690781,0.0038761953,0.0019682304
118,2034-11,16.603796,0.02069365,0.24644081,0.324829,0.0056645568,6.8592434,0.015134574,0.017103363
119,2034-12,13.083973,0.02069612,0.16734558,0.047540434,0.0012994481,8.347227,0.004281009,0.03493087
120,2035-01,10.545472,0.030886095,0.49115306,1.0802864,0.09998314,11.99677,0.10730092,0.8625144
121,2035-02,11.377329,0.05749504,0.91840047,2.6320171,0.23167148,14.165235,0.117633075,0.8916197
122,2035-03,15.408068,0.2864033,1.2537826,0.9733056,0.16837062,14.398171,0.051978566,2.4604769
123,2035-04,18.793112,0.0638156,0.9037446,0.4432818,0.026801204,8.058746,0.01746258,0.52083886
124,2035-05,24.13462,0.036930412,0.39623395,0.021704152,0.0023294785,6.0227666,0.00012145547,0.13616282
125,2035-06,27.200787,0.02585204,0.21052185,0.05989719,0.0011457863,5.482649,7.1171504e-05,0.010828497
126,2035-07,32.551956,0.022824163,0.6945027,0.8235581,0.014469674,9.255609,0.0,0.0
127,2035-08,31.007998,0.022216998,0.34688637,0.27409533,0.0049719843,7.6013246,7.799501e-05,0.0
128,2035-09,27.210602,0.021873958,0.09653353,0.042535316,0.00049423426,5.7970552,7.0647743e-06,0.0
129,2035-10,25.091637,0.021630883,0.023770759,0.029523915,0.00035187876,5.421457,5.3434235e-07,0.0
130,2035-11,12.631548,0.021430505,0.116832286,0.14426091,0.0023081442,6.4305425,0.010041848,0.015941894
131,2035-12,6.095389,0.022107454,0.25703925,0.4492677,0.012582615,9.150478,0.087260075,0.6146355
132,2036-01,11.4727335,0.023132265,0.2522644,0.20162253,0.0077075465,9.24713,0.011231014,0.4477735
133,2036-02,13.11235,0.024758168,0.62558913,0.76588154,0.021550473,12.417499,0.023857573,0.40002927
134,2036-03,17.217188,0.024507422,0.3966304,0.2738072,0.008946477,7.604199,0.0076894676,0.050790865
135,2036-04,20.892452,0.02363494,0.20262615,0.053173583,0.0012309442,6.0711617,0.001575699,0.011713505
136,2036-05,21.211685,0.021672484,0.14719757,0.1129082,0.0018175248,5.69202,0.002315023,0.00022685724
137,2036-06,29.934315,0.020911613,0.049504735,0.0192699,0.00024402433,5.3919897,7.107458e-05,0.0
138,2036-07,33.163815,0.020538267,0.5092108,0.7760156,0.011964737,7.218883,0.0,0.0
139,2036-08,32.50597,0.020308921,0.45888466,0.27268347,0.0052606333,8.651038,0.0,0.0
140,2036-09,27.641169,0.022837128,1.2922741,2.0012696,0.06599481,13.524797,0.00046272896,0.0
141,2036-10,22.747877,0.024289621,0.9089138,0.52578884,0.012684951,12.326546,9.73409e-05,3.0338774e-06
142,2036-11,14.604134,0.021916883,0.18415982,0.2289799,0.005088343,7.0133047,0.008626942,0.007744841
143,2036-12,10.157515,0.028395163,0.4903513,1.1434449,0.060038958,12.941167,0.099279165,0.736333
144,2037-01,11.010087,0.34424356,1.0713949,5.104487,0.8160099,20.664194,0.17621407,3.3985927
145,2037-02,12.247559,0.38027605,1.0154418,0.7246755,0.045235794,16.017662,0.031596243,3.5318754
146,2037-03,16.495953,0.1424667,1.3799062,0.14322168,0.02052295,11.799164,0.003782422,2.5256515
147,2037-04,16.575577,0.07115033,0.9126358,0.38780662,0.015128036,8.221668,0.019964373,1.3428823
148,2037-05,20.891306,0.050452717,0.35280317,0.003635141,0.0054657985,5.6132126,7.361189e-05,0.73423177
149,2037-06,27.883364,0.03802963,0.319719,0.2057712,0.010245697,6.1143413,9.5566545e-05,0.21591915
150,2037-07,31.051117,0.031075306,0.23846734,0.2540178,0.006669928,6.65143,0.0,0.03281331
151,2037-08,33.270367,0.028430393,1.0576184,1.8082772,0.048487235,10.9939575,0.0,0.0
152,2037-09,27.912321,0.031550806,1.31158,0.9630301,0.021819117,13.203814,1.3141574e-05,0.0
153,2037-10,18.967539,0.030678825,0.24152139,0.08538428,0.0013111145,6.800197,0.0025368538,0.0005717623
154,2037-11,16.868074,0.029291492,0.0860625,0.063646145,0.0008886482,6.0654626,0.0010076327,5.492191e-05
155,2037-12,9.816453,0.029515237,0.36899695,0.7162297,0.021915028,10.542038,0.042378996,0.21575029
156,2038-01,9.395498,0.029375492,0.19555207,0.02558646,0.0007808391,9.167989,0.0055289385,0.15263794
157,2038-02,11.779371,0.029815363,0.37723145,0.67704797,0.03008735,8.496332,0.050872438,0.20838012
158,2038-03,16.288092,0.034583118,0.33551857,0.068689,0.0024858632,7.4517617,0.0026467259,0.14255111
159,2038-04,21.300528,0.030347904,0.30115053,0.15269502,0.0031082344,6.320321,0.004566801,0.028283704
160,2038-05,22.084585,0.027732866,0.07610521,0.025783336,0.00029452474,5.409275,0.00015887148,7.4576116e-07
161,2038-06,28.658232,0.026711697,0.018381922,0.0052170814,3.5995345e-05,5.3114133,2.060144e-07,0.0
162,2038-07,32.62462,0.026246205,0.18332839,0.20790045,0.0028852497,6.2807193,0.0,0.0
163,2038-08,31.0007,0.025922552,0.15213785,0.15411371,0.0029021304,6.2047963,0.0,0.0
164,2038-09,27.935349,0.025671186,0.14669438,0.20288359,0.0031435087,6.0424485,2.42915e-07,0.0
165,2038-10,24.542706,0.025439566,0.17934318,0.11291583,0.0014227012,6.375795,0.000109867724,0.0
166,2038-11,14.33293,0.025213696,0.014424977,0.01094453,0.00011397459,5.4260764,3.4456618e-05,0.0
167,2038-12,11.102798,0.025007898,0.17279412,0.31774595,0.005823839,6.7144322,0.020491183,0.040920995
168,2039-01,11.330848,0.025178008,0.15020363,0.1011408,0.0033727863,8.117633,0.008868786,0.04785087
169,2039-02,9.271682,0.025297137,0.40097198,0.90361524,0.03174874,8.568468,0.14565754,0.39957032
170,2039-03,13.669306,0.045126412,1.0268339,1.0126,0.05021621,14.296992,0.06730927,2.1841612
171,2039-04,22.589365,0.043175686,0.41609222,0.0058881077,0.0026317292,6.1921744,1.3874529e-05,0.08283532
172,2039-05,24.747665,0.027306726,0.12516014,0.014304478,0.00028124015,5.3544927,2.1772807e-07,0.0015780744
173,2039-06,28.614498,0.025103249,0.060769886,0.029326743,0.00033326828,5.407099,1.0054422e-05,0.0
174,2039-07,31.219206,0.024451824,0.229179,0.35401666,0.005962548,6.4492173,3.059031e-05,0.0
175,2039-08,33.120193,0.024079254,0.6219231,0.65405595,0.010990029,9.109125,0.0,0.0
176,2039-09,26.864658,0.023828955,0.27388853,0.15734008,0.003228737,7.092168,1.7854742e-05,0.0
177,2039-10,23.834822,0.023633318,0.10298178,0.2881759,0.0052994555,5.8657703,0.006417525,0.008557158
178,2039-11,13.947418,0.023585,0.19661587,0.060354885,0.0011785071,8.377716,0.0011165832,0.01770608
179,2039-12,12.585596,0.024095891,0.32238826,0.4198187,0.011754174,9.2232065,0.025057757,0.1800077
180,2040-01,12.2764845,0.07648919,0.71204144,1.8317256,0.19053578,13.596505,0.127071,1.0996197
181,2040-02,11.176201,0.07347711,0.6150533,0.60164356,0.021885445,13.37962,0.040554605,0.8820047
182,2040-03,13.906589,0.27842826,1.0962248,1.7210634,0.1636237,15.308459,0.07600094,1.4434739
183,2040-04,19.98976,0.10028563,0.84881616,0.15965135,0.023395995,8.59349,0.011855337,0.9470309
184,2040-05,22.131517,0.03867883,0.28627568,0.012904425,0.00393004,5.5295205,0.00023680847,0.19837272
185,2040-06,27.398415,0.028129479,0.18889423,0.038050026,0.0016811895,5.448112,9.347538e-05,0.05784587
186,2040-07,32.069866,0.024538344,0.13674246,0.11945123,0.0019400116,5.8245287,7.344269e-08,0.0011109845
187,2040-08,31.318382,0.023504563,0.39983118,0.71635604,0.014681697,7.0722136,3.8390077e-08,0.0
188,2040-09,28.295258,0.024235824,0.778396,0.62521106,0.017548865,9.86639,3.368388e-05,0.0
189,2040-10,21.66141,0.024056435,0.15058357,0.13985898,0.0017628332,6.0379076,0.0003544183,0.0
190,2040-11,13.219184,0.023921108,0.35442308,0.50691086,0.012045264,10.335645,0.0127882715,0.044500463
191,2040-12,7.962491,0.023792874,0.21803775,0.36995888,0.00898412,8.307613,0.019380495,0.05454863
192,2041-01,9.335015,0.023987532,0.2136808,0.11664645,0.002741457,9.819807,0.011749198,0.106135145
193,2041-02,15.980071,0.023748059,0.17583081,0.014435421,0.0006580886,7.2093096,0.00038818285,0.06050051
194,2041-03,15.057318,0.025377085,0.4978045,0.82730126,0.04207625,8.440019,0.028996618,0.12187188
195,2041-04,18.676098,0.030893134,0.29907796,0.007556336,0.00055146177,6.540273,0.00030063643,0.037378635
196,2041-05,24.83864,0.02447997,0.086663105,0.005127446,0.00010883749,5.3501678,6.88528e-05,0.0053408947
197,2041-06,28.022491,0.023075178,0.0763889,0.092729256,0.0011016786,5.4858,4.234639e-05,5.8775075e-08
198,2041-07,33.010654,0.022594618,0.18726802,0.24137154,0.0035914679,6.207325,5.0930943e-05,0.0
199,2041-08,33.061867,0.022306712,0.24205402,0.26650396,0.0047774278,6.7397175,0.0,0.0
200,2041-09,30.06937,0.02212476,0.9643913,1.0159539,0.020711152,11.104793,5.9150636e-08,0.0
201,2041-10,20.126173,0.022045981,0.32499015,0.40807363,0.007865239,8.004682,0.0034633472,0.0073035653
202,2041-11,13.8818655,0.022270622,0.35047266,0.39055339,0.008965232,10.870686,0.0025692382,0.00084906997
203,2041-12,10.007735,0.022113016,0.17051306,0.101825595,0.002426321,8.861125,0.011212814,0.02933811
204,2042-01,10.543903,0.022003982,0.33644134,0.5871109,0.015202721,9.248865,0.041566066,0.08722163
205,2042-02,11.583515,0.023371587,0.50068355,0.66372085,0.028592462,10.786573,0.059234433,0.29310906
206,2042-03,15.569465,0.06563721,0.8662519,1.0648706,0.056173664,12.135707,0.017922444,0.31249917
207,2042-04,18.905476,0.0451963,0.5153765,0.26254964,0.008146,7.0538282,0.012370385,0.09558078
208,2042-05,20.110292,0.030242205,0.36583075,0.16736855,0.005274544,6.9180493,0.0046956367,0.049454927
209,2042-06,28.00341,0.02401544,0.17003909,0.009573025,0.00035176767,5.472586,4.9357304e-06,0.005154357
210,2042-07,31.655249,0.021579303,0.24007553,0.33294895,0.0047244052,6.1089315,0.0,0.0
211,2042-08,33.802216,0.021032937,0.7351807,0.77015615,0.014846494,9.88651,0.0,0.0
212,2042-09,27.522251,0.020757528,0.23464887,0.11877809,0.0011829938,6.4215016,1.2509178e-05,0.0
213,2042-10,20.181648,0.020540344,0.1969914,0.31321588,0.004880735,6.5476556,0.00023208307,0.0
214,2042-11,14.249667,0.020368593,0.110688396,0.003465413,2.49368e-05,6.9032226,6.849326e-05,0.0
215,2042-12,9.111277,0.020215232,0.23509553,0.68071896,0.024373066,6.6559296,0.19265832,0.4348517
216,2043-01,9.595407,0.034951217,0.6723301,1.0692842,0.07184795,17.253147,0.07450092,3.0487778
217,2043-02,14.16566,0.031052988,0.64439315,0.83788055,0.05194257,11.083241,0.04513217,0.8506569
218,2043-03,13.914737,0.05111796,0.59654456,0.018996999,0.0030784511,10.845934,0.0007396916,0.4513879
219,2043-04,19.809889,0.028353514,0.28003424,0.028783662,0.001094236,5.6916537,0.0017822396,0.059978917
220,2043-05,22.74253,0.023154918,0.29371232,0.20571557,0.0046247314,6.375183,0.002588122,0.012669762
221,2043-06,28.874138,0.021114329,0.063606545,0.052257396,0.00078080036,5.417364,1.4363411e-06,0.0
222,2043-07,35.442085,0.020444248,0.23427305,0.2771906,0.0055038235,7.3770895,0.0,0.0
223,2043-08,32.86296,0.020218592,1.0296963,1.2249382,0.026480183,11.918215,1.2898577e-08,0.0
224,2043-09,29.696733,0.020108903,0.87738895,0.95925206,0.020057183,10.193051,0.0,0.0
225,2043-10,22.040709,0.020156667,0.23948988,0.016456556,0.0002532959,6.9454308,2.335458e-06,0.0
226,2043-11,12.799344,0.020081906,0.1369818,0.16266035,0.0024086514,6.6155114,0.0051936237,0.0068983403
227,2043-12,9.860559,0.020159604,0.25168017,0.57185316,0.01526758,11.156801,0.020601673,0.18786396
228,2044-01,10.250587,0.020899365,0.44995648,0.48998174,0.013589073,12.555865,0.020173967,0.10042698
229,2044-02,12.056011,0.021598533,0.4319386,0.26317132,0.009172061,10.682269,0.03950133,0.1260101
230,2044-03,17.037462,0.021259582,0.28669408,0.21144038,0.0071245907,7.13032,0.013711546,0.02119582
231,2044-04,19.13526,0.020545872,0.16960508,0.027390406,0.0006509125,6.1007137,0.0013219855,0.0043499656
232,2044-05,22.424124,0.019765101,0.075583145,0.030278701,0.00045797942,5.4700723,0.00051492586,4.6419114e-05
233,2044-06,29.693802,0.019375455,0.011085499,0.00077722064,3.127547e-06,5.304164,0.0,0.0
234,2044-07,32.721725,0.019155407,0.14689325,0.16300027,0.002528544,6.1812696,0.0,0.0
235,2044-08,31.229013,0.018995928,0.7618618,1.027235,0.018612377,9.290155,0.0,0.0
236,2044-09,26.014158,0.018916765,0.2682774,0.037999578,0.000559952,6.745429,0.00014153725,0.0
237,2044-10,22.655128,0.018828332,0.10910235,0.124377176,0.0022514148,5.9183745,0.0002016874,2.831847e-06
238,2044-11,14.41221,0.018696321,0.037772182,0.026583023,0.00047193328,5.777383,0.0007635642,0.00042986602
239,2044-12,9.708607,0.03952373,0.82354546,2.275882,0.15008028,17.639528,0.073461846,0.6474351
240,2045-01,11.825359,0.31801116,0.9252344,3.024784,0.5671669,18.342737,0.15172243,2.3782368
241,2045-02,10.663879,0.12091865,0.7457594,0.7452224,0.039368607,12.568134,0.0630302,1.8214526
242,2045-03,12.828231,0.23726787,1.1156336,0.7703704,0.04447589,14.2064495,0.08055904,3.1154847
243,2045-04,17.644897,0.09071821,0.9037899,0.2713638,0.020767387,8.29061,0.016294401,1.7777163
244,2045-05,26.48353,0.04765286,0.5531896,0.18041103,0.020655992,6.2552795,2.6748212e-05,0.53130317
245,2045-06,29.03859,0.030637648,0.13304895,0.0010828559,0.00336747,5.377635,0.0,0.088903435
246,2045-07,32.644234,0.02638051,0.07965546,0.12780738,0.003113809,5.900847,7.558699e-07,0.001925768
247,2045-08,34.326687,0.02541366,1.1744295,1.5541224,0.033790927,12.324453,0.0,0.0
248,2045-09,32.48216,0.025417585,0.74157304,0.7254919,0.014703037,10.077074,0.0,0.0
249,2045-10,21.971231,0.025356088,0.67361295,0.4898956,0.00915147,11.198441,0.00047201113,9.526071e-07
250,2045-11,13.491677,0.025077924,0.12612836,0.04518852,0.00068608444,7.181966,0.002544288,0.00069247064
251,2045-12,11.855316,0.024785746,0.06493955,0.040916864,0.0005578115,6.264184,0.0028903265,0.000337131
252,2046-01,10.958922,0.03141212,0.4906478,1.2509055,0.08314125,12.402817,0.069892466,0.7009
253,2046-02,11.319114,0.16288823,1.1528857,3.6675434,0.3555175,19.603739,0.17578371,2.005916
254,2046-03,14.290429,0.24538444,1.2443404,0.26219746,0.028841231,13.581821,0.01454021,3.1476495
255,2046-04,17.353659,0.095600195,0.9722255,0.42987585,0.026594596,8.18333,0.028610272,1.1032798
256,2046-05,23.620998,0.050863188,0.4486388,0.08448984,0.011021485,6.011921,0.0007427363,0.3338915
257,2046-06,29.921951,0.032446582,0.18822855,0.008100879,0.0024537942,5.3662567,8.003727e-06,0.045312777
258,2046-07,31.519428,0.027407195,0.07923974,0.07977685,0.00087669614,5.4908085,3.865554e-08,0.0
259,2046-08,33.295258,0.026411794,0.41336358,0.4743553,0.0075484496,7.675387,0.0,0.0
260,2046-09,29.366282,0.025969211,0.38072786,0.5051633,0.007381531,7.346095,5.025322e-06,0.0
261,2046-10,24.003283,0.02569235,0.3819514,0.42176425,0.008437112,7.730347,0.002335713,0.0014246803
262,2046-11,14.207022,0.02672566,0.4004263,0.52662444,0.015766103,10.4992,0.013148122,0.031028258
263,2046-12,10.8248005,0.026865147,0.17311314,0.03824886,0.0008477746,8.824377,0.008664556,0.022772001
264,2047-01,9.598836,0.037888,0.5483398,1.4345585,0.09548596,11.744709,0.06201578,0.3345136
265,2047-02,10.559527,0.17339005,1.0407887,2.5433044,0.18169351,19.308834,0.14332813,2.583299
266,2047-03,15.752759,0.12491793,1.081031,0.06874734,0.015080967,10.529269,0.0039164913,1.5549213
267,2047-04,18.559975,0.05974272,0.73778564,0.3179548,0.00913043,7.0218935,0.0045535355,0.33818418
268,2047-05,21.83313,0.036905736,0.24769522,0.026949732,0.0010446776,5.5882816,9.0081754e-05,0.07862432
269,2047-06,27.518389,0.029944899,0.100882076,0.0056878617,0.0005395934,5.329424,4.5929364e-06,0.013230794
270,2047-07,32.549232,0.027519941,0.15159018,0.16515967,0.0026482877,5.942552,0.0,0.0
271,2047-08,32.69601,0.026863798,0.16104415,0.16770843,0.002277084,6.1288614,0.0,0.0
272,2047-09,29.319025,0.0264689,0.53032887,0.61059624,0.01110771,8.830937,1.6809885e-05,0.0
273,2047-10,22.262964,0.026161825,0.09832836,0.0389497,0.00059639616,5.96585,4.4201315e-05,0.0
274,2047-11,16.757313,0.02646473,0.42163685,0.57989806,0.009172642,9.28876,0.0022121207,0.0032509668
275,2047-12,9.471516,0.040308543,0.7858827,1.8969692,0.07138752,17.605808,0.116436094,1.098104
276,2048-01,9.009573,0.18419974,0.83857685,2.5685842,0.21803442,19.33702,0.16911256,4.027926
277,2048-02,11.184118,0.25578773,1.032329,2.3685908,0.2894288,18.383177,0.08129503,5.2425394
278,2048-03,16.686043,0.33104306,1.5118233,0.12558137,0.06119678,12.335613,0.0043555493,3.973204
279,2048-04,18.158176,0.15679848,1.1093128,0.6885685,0.05271668,9.081,0.06176878,1.5192347
280,2048-05,25.01397,0.062626734,0.4473348,0.021092558,0.013795551,5.7133303,1.613893e-05,0.39437398
281,2048-06,27.7727,0.04080944,0.25825548,0.098142095,0.0036812094,5.657074,6.7677014e-05,0.086907975
282,2048-07,33.136383,0.033798918,0.38811383,0.4575492,0.0076717017,7.221621,0.0,0.0011668197
283,2048-08,33.18249,0.031492565,0.34803924,0.47184294,0.010472158,7.558269,0.0,0.0
284,2048-09,26.746027,0.030783588,0.57987785,0.4640811,0.007589895,8.725026,6.7749747e-06,0.0
285,2048-10,25.247406,0.03027222,0.10247728,0.06283062,0.0007606813,5.928506,0.00045734455,1.4694131e-05
286,2048-11,13.526633,0.029814655,0.11403562,0.13031375,0.0018622602,6.4828687,0.004824735,0.004281554
287,2048-12,10.091431,0.029406851,0.058396436,0.031661004,0.0004627136,6.3016024,0.005578456,0.0039034162
288,2049-01,10.915089,0.030140772,0.29733646,0.4971947,0.01486441,9.383978,0.020885192,0.10075105
289,2049-02,15.321004,0.030401891,0.41815335,0.668937,0.021704428,8.63363,0.014541884,0.019529505
290,2049-03,17.652245,0.033431377,0.40895015,0.12202704,0.0039204215,8.405845,0.004850446,0.024866993
291,2049-04,18.046892,0.03063086,0.3068294,0.2560235,0.005598371,6.6945033,0.010249202,0.0137719605
292,2049-05,24.00737,0.02900233,0.080386646,0.009150101,0.000105166095,5.4503403,0.0002991326,8.415532e-06
293,2049-06,26.1827,0.02808613,0.03129918,0.029624572,0.00029506933,5.340055,6.799845e-05,0.0
294,2049-07,33.00756,0.027597515,0.07091904,0.08888991,0.00139798,5.601601,0.0,0.0
295,2049-08,33.030006,0.027248118,0.48101676,0.8047498,0.016269498,8.426483,0.0,0.0
296,2049-09,27.8032,0.027016312,0.34371287,0.021014512,0.0002840493,7.7729435,2.081786e-06,0.0
297,2049-10,21.43954,0.026780024,0.016845537,0.0045250994,2.9450115e-05,5.365552,1.4368243e-05,0.0
298,2049-11,14.352318,0.026544446,0.036227886,0.048288286,0.0005731747,5.530338,0.00079958676,1.4445805e-05
299,2049-12,9.534519,0.028188923,0.56288546,1.0090313,0.029619675,14.418972,0.078016885,0.99611676
300,2050-01,10.265785,0.028566938,0.3895118,0.21586268,0.008784706,11.61633,0.08401485,0.6525476
301,2050-02,13.1763115,0.030866992,0.8505032,1.4355385,0.04650377,14.914116,0.021607602,0.3323975
302,2050-03,14.797654,0.060407907,1.0031327,1.2580758,0.10939688,12.525292,0.042417455,0.40281966
303,2050-04,18.806448,0.055689678,0.6651632,0.14222518,0.005565993,8.039058,0.011592285,0.27844074
304,2050-05,24.67176,0.03438058,0.18841605,0.004674192,0.0016456626,5.4382267,1.0852454e-05,0.047439165
305,2050-06,28.97666,0.028830515,0.078241274,0.011556091,0.00017185915,5.330388,5.5137134e-06,2.3183693e-06
306,2050-07,33.805756,0.027690483,0.61641854,0.8572454,0.01709728,8.434827,0.0,0.0
307,2050-08,34.892582,0.027303914,0.6169242,0.5168055,0.00968459,9.583767,0.0,0.0
308,2050-09,25.281849,0.026848221,0.30966374,0.20927814,0.0031338749,6.9186907,3.5356952e-05,0.0
309,2050-10,24.307133,0.026523,0.022851273,0.012178807,0.00012378392,5.430271,0.0,0.0
310,2050-11,13.948581,0.02624727,0.22884955,0.4022818,0.007969256,8.162849,0.010784703,0.029623501
311,2050-12,10.671941,0.026048075,0.13158795,0.036680795,0.0006400692,8.035881,0.004387001,0.018345436
312,2051-01,11.492952,0.025815532,0.053031385,0.009945469,0.00012430077,6.303097,0.00015250666,0.0020697783
313,2051-02,13.55818,0.025678758,0.27030563,1.3535775,0.08116902,7.3180866,0.047761768,0.07811605
314,2051-03,14.14961,0.03644748,1.0447958,0.72895706,0.028558094,14.778254,0.041634575,0.5325317
315,2051-04,19.620674,0.035253573,0.5273608,0.087192565,0.0032737856,7.2475095,0.0016326464,0.1394625
316,2051-05,20.665232,0.028718844,0.16852075,0.07996836,0.0011058705,5.5706043,0.0007010605,0.007905504
317,2051-06,28.99535,0.025922084,0.10990277,0.0521194,0.0007064871,5.609252,5.1260276e-06,0.0
318,2051-07,33.244804,0.025155237,0.21875636,0.22922924,0.0038092493,6.479998,0.0,0.0
319,2051-08,29.963282,0.02478499,0.033076268,0.012951687,0.00013903723,5.5384135,6.411876e-08,0.0
320,2051-09,26.643389,0.024529181,0.026984792,0.027130637,0.00033018322,5.4280133,8.212157e-06,0.0
321,2051-10,23.168255,0.02432398,0.22152144,0.28174496,0.003880797,6.3896484,0.00053332996,0.0
322,2051-11,15.299514,0.024128042,0.12761937,0.10785992,0.0016948387,6.6251097,0.0021854471,0.0008338092
323,2051-12,13.206363,0.02393472,0.049816422,0.034227513,0.00053935003,5.981761,0.0022153223,3.7799608e-05
324,2052-01,12.473782,0.023884278,0.22980738,0.3484102,0.009826594,7.9792542,0.012450926,0.028396385
325,2052-02,10.990951,0.040146787,0.73149264,2.4605827,0.26210397,11.92798,0.14417611,0.9497729
326,2052-03,12.729262,0.2650398,1.4128455,2.1486838,0.23403051,16.510868,0.18443565,5.131671
327,2052-04,20.607512,0.10158759,0.99019223,0.026305133,0.026791614,6.6707726,0.001191285,0.8216849
328,2052-05,24.531593,0.0407707,0.3118265,0.0412754,0.003323957,5.4891253,0.00014016427,0.08048797
329,2052-06,27.520012,0.031063827,0.12124994,0.0016350495,0.00013919736,5.3831744,2.7438438e-05,0.0069181393
330,2052-07,32.66914,0.028775202,0.62518525,0.936429,0.016588096,8.219544,0.0,0.0
331,2052-08,32.313797,0.028238421,0.5560569,0.37682608,0.0073478753,9.094281,0.0,0.0
332,2052-09,26.049606,0.027874064,0.12080692,0.008308049,8.713566e-05,5.9126887,4.140213e-05,0.0
333,2052-10,22.42005,0.027534846,0.014509312,0.011813731,0.000193545,5.3753734,5.544747e-07,0.0
334,2052-11,13.98575,0.027467072,0.2762316,0.41309303,0.008389292,8.803736,0.0032728063,0.0005285027
335,2052-12,7.2652216,0.035109643,0.49500325,1.3833977,0.11806724,12.708592,0.10141605,0.8707726
336,2053-01,10.015537,0.045146964,0.4367644,0.30753013,0.015678156,14.042348,0.04429073,1.7232138
337,2053-02,12.519804,0.08668191,0.817993,1.0558848,0.054376394,14.422738,0.04038053,1.7086164
338,2053-03,16.977467,0.066043705,0.77150166,0.5761907,0.024866153,9.05487,0.009930365,0.47504252
339,2053-04,18.917803,0.05111621,0.5259817,0.1752703,0.008600528,7.6490755,0.011574848,0.17780548
340,2053-05,24.368073,0.03275516,0.301907,0.13393387,0.0025745668,5.869996,0.00030335961,0.04000249
341,2053-06,30.221697,0.028033823,0.12454699,0.016082259,0.00033176728,5.485055,0.0,0.00043928716
342,2053-07,33.206993,0.026626112,0.2842905,0.4100483,0.0064251507,6.409109,0.0,0.0
343,2053-08,31.346169,0.026187858,0.34620506,0.29883423,0.0071754893,7.7342353,0.0,0.0
344,2053-09,28.16866,0.025907626,0.09678554,0.0344741,0.00048748657,5.7881346,8.34659e-06,0.0
345,2053-10,22.151386,0.025672367,0.03089315,0.040118527,0.0005146931,5.4557214,0.00011913204,1.7925486e-06
346,2053-11,14.709595,0.025456196,0.16788311,0.29868978,0.0047526443,6.0852184,0.006506619,0.0066843512
347,2053-12,11.334769,0.026842205,0.36922598,0.5245582,0.018877668,11.45205,0.026489165,0.28396687
348,2054-01,12.726665,0.026551351,0.28546685,0.38368028,0.011202118,9.369072,0.005454005,0.11010606
349,2054-02,12.043741,0.02984797,0.6838456,0.9335217,0.029113932,14.856518,0.021119142,0.16665319
350,2054-03,13.6319895,0.11334823,1.1870663,1.8859653,0.14835373,15.284147,0.09398088,1.0365753
351,2054-04,18.264658,0.06781847,0.73744196,0.11630654,0.007379596,7.492561,0.0013414932,0.23336029
352,2054-05,24.664795,0.032590203,0.26384285,0.033443596,0.0015079526,5.530341,0.00018416403,0.05639238
353,2054-06,30.063437,0.027401742,0.13203992,0.037980482,0.0005529044,5.437128,1.5577736e-05,0.001615096
354,2054-07,34.413944,0.02587745,0.7901578,0.9849155,0.017943038,9.176311,0.0,0.0
355,2054-08,32.81194,0.025756273,0.6119042,0.6397865,0.013009385,9.368173,0.0,0.0
356,2054-09,27.5573,0.025371375,0.25304538,0.1189547,0.0017096996,6.7160664,7.885069e-05,0.0
357,2054-10,24.582958,0.024991902,0.2242169,0.18773937,0.002980751,6.6164,1.0187843e-05,0.0
358,2054-11,16.207516,0.024690866,0.10112885,0.15724394,0.002287203,6.118171,0.0050566876,0.010793899
359,2054-12,11.168467,0.02443382,0.14585583,0.15342575,0.0022277783,7.0389743,0.00865195,0.0058821635
360,2055-01,12.864695,0.024816753,0.32486373,0.4716504,0.014246122,9.780323,0.023695763,0.10541831
361,2055-02,14.546489,0.026484719,0.47541294,0.54901373,0.020092355,10.134588,0.011189536,0.017831191
362,2055-03,18.621624,0.026023319,0.26141995,0.15087552,0.004919395,6.842078,0.007147975,0.009059936
363,2055-04,16.662256,0.03866834,0.88221973,1.0929104,0.059316963,10.36575,0.084358536,0.57435346
364,2055-05,23.615788,0.034888577,0.321165,0.06321319,0.001725315,6.057168,0.00021919188,0.015697313
365,2055-06,30.703663,0.025110409,0.089728296,0.021051815,0.000263629,5.368623,6.9485223e-10,0.0
366,2055-07,35.651676,0.023830371,0.64870894,0.8601662,0.013165448,8.559537,0.0,0.0
367,2055-08,33.43083,0.023304481,0.5479645,0.43675512,0.008054975,8.994303,4.280577e-06,0.0
368,2055-09,29.3886,0.022968357,0.29862234,0.2905804,0.0035669503,6.7728777,5.846605e-06,0.0
369,2055-10,22.128431,0.022722535,0.1154116,0.0576545,0.0007955438,6.0809817,0.0007537408,0.00014747409
370,2055-11,16.895452,0.022524832,0.03257245,0.016929453,0.0001702545,5.5739946,0.0010612345,0.00013351867
371,2055-12,12.463744,0.022334618,0.017031744,0.015666068,0.00017374023,5.4313254,0.0010233205,3.0478765e-05
372,2056-01,9.583805,0.022579636,0.3982832,0.68481785,0.016611218,11.014011,0.04344952,0.1707395
373,2056-02,9.851617,0.022792986,0.42004237,0.43438327,0.010004514,10.139473,0.03459149,0.08256448
374,2056-03,12.276571,0.030249419,0.6862925,0.91318053,0.04947164,12.809948,0.045833703,0.40383884
375,2056-04,17.386839,0.048626732,0.8553988,0.67287076,0.025363356,10.894215,0.046745386,0.46546316
376,2056-05,25.4504,0.031329956,0.28642547,0.042120446,0.001739933,5.7591295,0.00070987333,0.056144536
377,2056-06,30.224771,0.023330973,0.09225045,0.006755449,8.483147e-05,5.3259683,7.5915784e-07,0.0
378,2056-07,33.284916,0.021876091,0.7407565,1.0233068,0.017155133,8.987507,0.0,0.0
379,2056-08,33.589306,0.021424763,0.9462132,1.2912343,0.02692841,10.839427,0.0,0.0
380,2056-09,28.541494,0.021321496,0.5336524,0.004689589,2.6572388e-05,8.439154,0.0,0.0
381,2056-10,25.045078,0.02113135,0.02350564,0.0030842728,2.7148522e-05,5.3485928,0.0,0.0
382,2056-11,16.099913,0.023359064,0.4347755,0.9401985,0.03631723,8.857602,0.017632814,0.03855367
383,2056-12,11.773749,0.03181433,0.52807444,0.78320557,0.025139734,13.888998,0.03419548,0.20861387
384,2057-01,10.845024,0.028797593,0.2974591,0.04358894,0.0017315877,11.3731,0.0025919653,0.14536443
385,2057-02,10.852167,0.025053574,0.22705612,0.045189053,0.0012108217,7.848216,0.008924101,0.08014926
386,2057-03,15.30331,0.09595445,0.84339535,1.1834,0.09718692,11.527019,0.09318279,1.0591033
387,2057-04,20.305124,0.043320127,0.37356308,0.12463239,0.006460958,6.3983016,0.0043981737,0.12882459
388,2057-05,23.637215,0.02510279,0.2020249,0.06478073,0.0015245423,5.6378026,0.00011494128,0.031707
389,2057-06,28.732979,0.021786112,0.119168654,0.12725978,0.002191526,5.5307217,1.4467726e-06,0.00061388
390,2057-07,34.03825,0.02048928,0.1825584,0.1119333,0.001237614,6.300778,0.0,0.0
391,2057-08,33.997623,0.020156402,0.6164762,1.0668025,0.023117935,8.925191,0.0,0.0
392,2057-09,27.923851,0.020142391,0.594521,0.33037844,0.004131734,8.70317,0.0,0.0
393,2057-10,21.160357,0.020130426,0.43794155,0.91343415,0.021804204,8.3015585,0.00085209636,0.00017948856
394,2057-11,13.907557,0.048353583,0.9857457,2.2749503,0.22807331,18.05103,0.005308806,0.032805156
395,2057-12,10.360837,0.038241073,0.49620646,0.30758795,0.010397266,13.5730295,0.016811818,0.07686755
396,2058-01,11.636,0.033642694,0.38214514,0.08788063,0.0034532766,10.842352,0.002310248,0.06102279
397,2058-02,12.107159,0.03144195,0.5058685,0.22880948,0.00815294,8.265753,0.056176305,0.17037162
398,2058-03,16.553099,0.040430587,0.54950625,0.4717165,0.017155632,7.774729,0.016985675,0.10993345
399,2058-04,22.626247,0.02974141,0.21445695,0.022090038,0.00040382778,5.608965,0.00012939739,0.00922509
400,2058-05,24.430647,0.02523644,0.09978318,0.015560978,0.00019329264,5.357396,7.413142e-05,1.347819e-07
401,2058-06,28.359142,0.023792941,0.034048423,0.015502421,0.00019221059,5.342774,1.4531343e-05,2.4545895e-07
402,2058-07,35.106724,0.023138467,0.13815995,0.18359496,0.0028851368,6.2073126,1.0329115e-06,0.0
403,2058-08,33.82246,0.02335095,1.5791943,2.5189238,0.06737795,14.145495,0.0,0.0
404,2058-09,27.21283,0.0245284,0.77478063,0.07410347,0.001281824,9.142673,1.9025574e-05,0.0
405,2058-10,25.21664,0.023890441,0.0814054,0.024620684,0.0003260509,5.517349,0.0002065865,9.775631e-06
406,2058-11,15.10365,0.023684554,0.32029414,0.49195752,0.009773126,8.815238,0.0029481642,0.0021300756
407,2058-12,13.469065,0.023674585,0.28276327,0.5112647,0.017194964,8.832103,0.016374825,0.035744287
408,2059-01,12.0396385,0.2039124,1.0781416,3.7275195,0.40964895,19.755192,0.09844067,1.5543103
409,2059-02,12.667319,0.19220804,0.99872935,0.95301235,0.04130175,15.793205,0.022121245,1.1009437
410,2059-03,18.207344,0.09015958,1.1848778,0.35452747,0.020464772,10.248181,0.005438202,0.5908669
411,2059-04,21.046125,0.046792332,0.5347061,0.124297924,0.0051651443,6.4280844,0.0047362195,0.13264227
412,2059-05,22.574446,0.03739862,0.37002328,0.15263754,0.0063273204,6.3290234,0.009120709,0.081400685
413,2059-06,29.002317,0.031630665,0.22004804,0.20519489,0.0037812563,5.831719,6.281662e-06,0.0046100654
414,2059-07,33.858253,0.029137542,0.25737643,0.17458576,0.0026274854,6.894208,4.23124e-08,0.0
415,2059-08,33.92779,0.028324144,0.1796814,0.21027394,0.0032868965,6.5806446,2.530586e-06,0.0
416,2059-09,27.76287,0.027990928,0.18072574,0.1579969,0.0023067622,6.2431297,2.245057e-05,0.0
417,2059-10,22.548695,0.02756932,0.13725391,0.13947098,0.0018353148,5.9931073,0.0008030751,2.1956403e-05
418,2059-11,14.871267,0.027164124,0.09937035,0.13325866,0.0019477964,5.8579893,0.01579998,0.031167757
419,2059-12,9.592221,0.034773856,0.5614092,1.6137661,0.10776437,12.270925,0.09947806,0.8898325
420,2060-01,10.570876,0.19442362,0.79943174,2.070738,0.21476625,17.281082,0.048223164,2.2950747
421,2060-02,12.4314,0.39570802,1.0786889,2.1258652,0.2023176,17.891155,0.050538197,2.5898063
422,2060-03,13.682827,0.31295612,1.2645692,0.85799026,0.045260496,15.250812,0.026279876,2.492572
423,2060-04,18.795076,0.19971658,1.2741268,0.8071164,0.04694541,10.435362,0.025323922,2.0900257
424,2060-05,27.346655,0.058276676,0.5269759,0.007735554,0.0238186,5.6265035,3.14576e-06,0.6117818
425,2060-06,27.396597,0.037131026,0.23734926,0.07081377,0.0043269326,5.6424556,1.1807257e-05,0.10688969
426,2060-07,31.470818,0.031023301,0.13284329,0.11938083,0.0025505545,5.7525835,0.0,0.0065682638
427,2060-08,31.523245,0.02901612,0.5241922,0.5931301,0.0098093385,8.239224,0.0,0.0
428,2060-09,28.982433,0.02835183,0.10076336,0.047148347,0.0006832555,5.943344,5.0293515e-08,0.0
429,2060-10,23.258886,0.028808154,0.39064792,0.46937624,0.010378715,7.7046094,0.00012820475,0.0
430,2060-11,16.026846,0.028361103,0.088473976,0.07483579,0.0013859612,6.143553,0.0016458231,0.00013415891
431,2060-12,10.721191,0.029309466,0.30865696,0.5043663,0.015909497,8.79574,0.035658184,0.23519702
432,2061-01,10.566395,0.029338712,0.1603854,0.07632643,0.0024769048,8.236496,0.00884722,0.11965407
433,2061-02,13.14877,0.028125407,0.09848687,0.0042440086,0.0002639566,6.223098,0.0004243039,0.061942704
434,2061-03,13.245096,0.03297317,0.68760747,0.9951097,0.034254864,10.803718,0.043971438,0.21769826
435,2061-04,21.830664,0.035838254,0.30407602,0.004591152,0.0009399678,6.1582913,2.6803666e-05,0.04658999
436,2061-05,25.984196,0.028123492,0.0979099,0.016873587,0.0002579656,5.355503,5.2654148e-05,0.0010576164
437,2061-06,30.580286,0.026432756,0.04215914,0.024275089,0.00040286503,5.4508395,7.9813235e-06,0.0
438,2061-07,33.710217,0.025867172,0.10080282,0.16126953,0.002377798,5.7870207,0.0,0.0
439,2061-08,33.199467,0.02569762,1.7519329,2.895929,0.07871346,14.589175,0.0,0.0
440,2061-09,27.47783,0.036130443,1.3494934,0.717351,0.02438149,12.281447,4.507727e-05,0.0
441,2061-10,22.600199,0.031804208,0.165136,0.0073090787,4.8082307e-05,5.7936773,2.581842e-05,3.468548e-08
442,2061-11,12.457244,0.029206634,0.19217269,0.30018267,0.0062790136,7.5223575,0.014979697,0.034688268
443,2061-12,11.098007,0.02802761,0.14339775,0.0913586,0.0013551862,7.3465343,0.007904261,0.013124793
444,2062-01,11.4232235,0.02883704,0.44304687,0.93071216,0.041065168,11.611376,0.046565086,0.2956554
445,2062-02,13.377849,0.040587176,0.6359723,0.63808525,0.027044572,13.328107,0.012394448,0.3508529
446,2062-03,16.090876,0.09456392,0.69476455,0.7724041,0.053493407,10.498177,0.03782382,0.31661734
447,2062-04,17.662054,0.043974157,0.3002253,0.057000108,0.0018541561,6.339021,0.0057326998,0.0905777
448,2062-05,25.897738,0.030561266,0.2151996,0.02441212,0.00050683686,5.4880614,2.5789064e-05,0.011341882
449,2062-06,32.360565,0.02706966,0.058430452,0.0029805438,1.7340684e-05,5.3074913,2.9803364e-06,0.0
450,2062-07,33.217644,0.026297038,0.08491295,0.12538648,0.001580313,5.6535664,0.0,0.0
451,2062-08,33.9143,0.02591919,0.23864138,0.29099327,0.004237902,6.861808,0.0,0.0
452,2062-09,27.762619,0.025648227,0.3025145,0.27211973,0.004183858,7.2793493,0.0,0.0
453,2062-10,23.092539,0.025431937,0.058437593,0.0139895305,0.00017211841,5.722595,0.00017420942,0.0
454,2062-11,16.253643,0.025224602,0.13791788,0.16883154,0.002394721,6.470734,0.0016107918,0.0005642117
455,2062-12,12.048163,0.025732767,0.3198293,0.45123845,0.010784024,9.231448,0.01799679,0.12000705
456,2063-01,10.222279,0.025974585,0.24268258,0.327032,0.008436177,9.57732,0.01973988,0.12030561
457,2063-02,11.067368,0.026112411,0.42141584,0.3870994,0.010263316,8.98659,0.057075914,0.20753789
458,2063-03,18.064583,0.026393404,0.20250481,0.014682997,0.00077211123,6.4758077,0.0005789265,0.06313738
459,2063-04,21.044273,0.025283556,0.26415285,0.23422962,0.0037032715,6.164232,0.0023648145,0.0010351051
460,2063-05,25.280087,0.024551189,0.1098124,0.09744514,0.0011370138,5.6496716,0.00031631324,3.2960136e-06
461,2063-06,30.169987,0.02410787,0.04144396,0.01481435,0.0001548857,5.5560713,0.0,0.0
462,2063-07,34.61619,0.023816025,0.30951396,0.4603337,0.006817298,6.6084642,0.0,0.0
463,2063-08,32.825882,0.023881808,1.1619564,1.717827,0.051991623,12.161084,0.0,0.0
464,2063-09,27.734167,0.024618285,0.60419774,0.16442907,0.002863849,8.011222,2.4132849e-05,0.0
465,2063-10,23.03896,0.024151761,0.07907115,0.0046607717,5.089968e-05,5.6277304,1.0320899e-08,0.0
466,2063-11,13.928399,0.023936067,0.06600453,0.08714288,0.0011956047,5.906828,0.00326782,0.00011536756
467,2063-12,10.373369,0.023749135,0.06839977,0.055963267,0.00063619576,5.952494,0.010028277,0.002932847
468,2064-01,11.834437,0.023593038,0.21701784,0.3901713,0.009292816,6.9524035,0.031625982,0.033111937
469,2064-02,12.84002,0.026848882,0.47681853,0.7530591,0.037307765,10.262846,0.06292995,0.31825456
470,2064-03,17.355236,0.032596536,0.4001304,0.17041232,0.007881156,8.181712,0.011905243,0.23455052
471,2064-04,20.033476,0.027621873,0.15068263,0.01756466,0.00036905624,5.5326457,0.0007579277,0.011104656
472,2064-05,24.2119,0.02441025,0.08992159,0.013123184,0.00015741111,5.3853707,0.00012607721,0.0010601275
473,2064-06,27.613834,0.023322396,0.052783113,0.040408827,0.00047430064,5.5213304,8.428548e-08,0.0
474,2064-07,34.32768,0.022916023,0.014290102,0.013906669,0.00010547469,5.3628335,0.0,0.0
475,2064-08,33.1481,0.02265111,0.520324,0.7727227,0.0133657595,7.9475303,0.0,0.0
476,2064-09,27.831131,0.022455227,0.321686,0.09592859,0.0015069668,7.6686754,1.9963723e-05,0.0
477,2064-10,25.645723,0.022278434,0.38184926,0.39342213,0.0057461485,7.869946,1.0739013e-05,0.0
478,2064-11,18.108677,0.022099985,0.04978353,0.037918303,0.0005247446,5.761625,0.00055292225,6.8909954e-05
479,2064-12,10.3539295,0.023508623,0.3598742,0.9830616,0.033762336,11.171611,0.073300384,0.72593063
480,2065-01,9.880267,0.07808397,0.8016256,1.8513471,0.12013509,17.464935,0.14213888,2.01536
481,2065-02,11.851868,0.1277801,0.6201358,0.3581044,0.022782069,13.391044,0.025583033,1.9232125
482,2065-03,16.6898,0.07020412,0.71195036,0.10176332,0.010667857,9.827853,0.0039286283,0.90440017
483,2065-04,16.509209,0.040662445,0.48183417,0.34004235,0.0104338555,7.189546,0.016863087,0.41625744
484,2065-05,25.298151,0.03119302,0.25036287,0.00196364,0.0031291028,5.499886,9.16249e-06,0.10147146
485,2065-06,30.063385,0.024020987,0.084065415,0.007540747,0.000599451,5.3300633,1.6358232e-06,0.005334558
486,2065-07,34.10666,0.02245888,0.43564424,0.56545025,0.008437137,7.213758,0.0,0.0
487,2065-08,31.99582,0.022171417,0.52258784,0.4549658,0.0075111534,8.384274,0.0,0.0
488,2065-09,28.236244,0.021975452,0.096027985,0.057245597,0.0007907371,5.7814817,2.4911863e-06,0.0
489,2065-10,21.687645,0.02180458,0.013626178,0.011038263,0.00010804462,5.3552003,5.16015e-05,0.0
490,2065-11,16.352486,0.023731254,0.47354886,0.8702821,0.023037365,9.875128,0.0062734876,0.03068126
491,2065-12,12.395766,0.023840163,0.27120894,0.1298956,0.0034039344,9.584214,0.01277471,0.060203392
492,2066-01,10.037648,0.024752704,0.33764783,0.7428407,0.03042789,11.666458,0.036494218,0.21356416
493,2066-02,12.020572,0.026616838,0.5275924,0.47335583,0.014382167,11.710126,0.02700045,0.2936749
494,2066-03,15.378299,0.10538469,1.1296904,1.5574327,0.11813265,13.802684,0.0823133,0.76726115
495,2066-04,17.889524,0.089967676,0.57831246,0.16937295,0.012373488,8.123146,0.017948564,0.38987753
496,2066-05,23.841646,0.029565768,0.27896148,0.06979305,0.00282702,5.6355762,0.00016373742,0.0632856
497,2066-06,29.433975,0.023109546,0.14225999,0.0068523153,0.0006040126,5.399567,0.0,0.003444516
498,2066-07,32.691673,0.02130684,0.17666505,0.22297288,0.0028142526,5.984377,0.0,0.0
499,2066-08,34.823147,0.020904003,0.5074291,0.65888023,0.012799073,8.505326,0.0,0.0
500,2066-09,27.207922,0.020657636,0.21379277,0.038385343,0.00037278875,6.652951,1.714208e-06,0.0
501,2066-10,22.295404,0.02048139,0.031147566,0.0361442,0.00040442188,5.4458985,8.777494e-05,0.0
502,2066-11,16.309464,0.020324426,0.060997024,0.05827941,0.00079816673,5.7534986,0.0036379704,0.0035273803
503,2066-12,11.040126,0.020323275,0.39066747,0.6770926,0.014466664,9.583964,0.037116785,0.15538771
504,2067-01,11.091314,0.05965935,0.6619691,1.8597664,0.15991914,14.8208,0.056457933,0.55586976
505,2067-02,11.495317,0.14740779,0.9075138,1.9976698,0.1270294,16.399263,0.077472225,1.3040258
506,2067-03,14.213526,0.18474737,1.0145814,0.33251408,0.016720144,13.122448,0.01913119,1.4799289
507,2067-04,19.18826,0.14138038,1.0529493,0.5773361,0.05085038,9.825094,0.042598248,1.1225439
508,2067-05,22.139793,0.03740834,0.45886892,0.24154957,0.008159252,6.1413817,0.0010745273,0.24558678
509,2067-06,29.833529,0.026249735,0.28286287,0.06853764,0.0035892671,5.9767838,8.798103e-06,0.051959172
510,2067-07,31.899492,0.022138238,0.2507032,0.37110406,0.0064238408,6.2563176,0.0,0.0
511,2067-08,33.07738,0.021379808,0.57736295,0.6260335,0.010684313,8.918775,0.0,0.0
512,2067-09,25.897198,0.021096358,0.23185655,0.07900851,0.0011170049,6.849452,0.0005216895,0.0
513,2067-10,21.773535,0.02090255,0.07691584,0.061494008,0.00086627266,5.833829,5.3385156e-05,0.0
514,2067-11,15.823827,0.020743066,0.067296095,0.0706161,0.000925613,5.8380136,0.000785517,1.1950345e-05
515,2067-12,10.322776,0.021701539,0.4540925,0.88896096,0.026215302,12.163654,0.046262942,0.37028205
516,2068-01,12.560312,0.0237683,0.45301962,1.0057993,0.06713864,10.842681,0.055011548,0.2588942
517,2068-02,13.393432,0.16951671,0.9049877,1.4006373,0.11113185,16.568796,0.04203091,1.087869
518,2068-03,13.77545,0.16291605,0.8923244,0.85747087,0.044561736,12.786885,0.03602437,0.75658655
519,2068-04,18.276474,0.063732356,0.62131864,0.11527018,0.00620493,7.600945,0.004048701,0.5824081
520,2068-05,23.37318,0.031579547,0.37309143,0.096546926,0.0039262315,5.7550697,0.00013195239,0.1862902
521,2068-06,28.907312,0.023430292,0.18297583,0.053773012,0.0016971774,5.4362297,3.254099e-06,0.016704066
522,2068-07,31.978888,0.020651741,0.18684816,0.27253327,0.00411594,6.119229,0.0,0.0
523,2068-08,33.03137,0.02023275,0.65581495,0.66761714,0.011496552,9.545687,0.0,0.0
524,2068-09,30.214615,0.020015014,0.9493326,1.1579287,0.022764925,11.056141,1.6576214e-06,0.0
525,2068-10,23.753056,0.019922478,0.2723727,0.048515216,0.00071872043,7.298361,9.313356e-05,0.0
526,2068-11,13.39842,0.019795628,0.07192305,0.07758503,0.0010271254,5.9746256,0.0019308537,0.0008304902
527,2068-12,10.416602,0.019906336,0.23934455,0.48214272,0.012503905,9.96617,0.02317259,0.23230763
528,2069-01,11.8473,0.11999451,0.9423501,3.4866905,0.36250296,17.960701,0.096412055,1.2009486
529,2069-02,11.896691,0.26934564,1.1212127,2.3731115,0.19386035,18.159544,0.058587465,1.3138009
530,2069-03,17.015638,0.32085255,1.5115519,0.6502331,0.06969618,14.356691,0.025724143,1.6812543
531,2069-04,18.14629,0.058538094,0.8051299,0.0055627367,0.0073901103,6.146643,1.3910659e-05,0.5772457
532,2069-05,25.524025,0.03609319,0.3177516,0.0013781621,0.004181749,5.3543725,1.3552815e-06,0.12675194
533,2069-06,29.210535,0.028376052,0.23306996,0.16465814,0.0027615388,5.75579,6.667857e-05,0.019663606
534,2069-07,32.982124,0.025924752,0.24347335,0.30508944,0.004135853,6.2181835,0.0,0.0
535,2069-08,33.529366,0.025297394,0.7147112,0.83408356,0.016866405,9.875125,0.0,0.0
536,2069-09,28.900858,0.02501879,0.27489877,0.121864535,0.0022363942,7.112631,5.6934073e-06,0.0
537,2069-10,22.610933,0.024796205,0.013691401,0.0025581277,2.909057e-05,5.357652,0.00010963267,0.0
538,2069-11,15.941451,0.02461763,0.16947742,0.28356585,0.006214332,7.4442234,0.0030261972,0.005410772
539,2069-12,11.501603,0.024661414,0.29326183,0.32237667,0.0070655034,8.869636,0.024660947,0.06335135
540,2070-01,9.065153,0.028125968,0.44056037,0.86394006,0.038096484,11.348599,0.028755063,0.20094524
541,2070-02,13.31162,0.11115303,1.1572868,3.1059413,0.27954316,17.904827,0.12604491,1.0140054
542,2070-03,16.4283,0.15802987,1.2204149,0.658994,0.04001533,12.526106,0.031028176,1.0858337
543,2070-04,15.438261,0.17349131,1.2337542,0.962886,0.05156652,13.071738,0.07029512,0.89681226
544,2070-05,22.148813,0.054806583,0.83351517,0.5199534,0.020289209,8.012332,0.0011316307,0.230474
545,2070-06,29.226603,0.032698575,0.28002775,0.008062425,0.0017870559,5.433677,1.6013419e-05,0.032957673
546,2070-07,33.51521,0.027293023,0.27648455,0.28478602,0.004522013,6.5364385,0.0,0.0
547,2070-08,33.033417,0.026079407,0.21353565,0.17210174,0.0028842657,6.850343,0.0,0.0
548,2070-09,29.416649,0.025536316,0.07189672,0.078816116,0.0013364832,5.734201,0.00017564259,7.609109e-05
549,2070-10,21.59645,0.025192054,0.061027788,0.05404648,0.00063856516,5.5857835,0.0001538799,0.00015459952
550,2070-11,17.533117,0.024945308,0.10038968,0.15976724,0.0027440477,6.1082025,0.0011311626,0.00020315447
551,2070-12,11.704633,0.024735427,0.21168686,0.21078904,0.0033584842,7.606171,0.025601804,0.01561291
552,2071-01,10.387823,0.024554912,0.32118386,0.65536916,0.018143611,9.127524,0.055200763,0.16141023
553,2071-02,12.053198,0.10956993,1.2469764,3.6863954,0.431234,18.15024,0.1484388,1.3708256
554,2071-03,15.228369,0.25687486,1.232855,0.7681892,0.04805231,14.205696,0.048048478,2.1019702
555,2071-04,20.108507,0.14573118,0.90837693,0.30706245,0.0347871,9.05151,0.013287343,1.2032875
556,2071-05,21.846807,0.046410564,0.41214916,0.09380212,0.0070799114,6.1074147,0.0008040222,0.2538887
557,2071-06,29.652853,0.032250483,0.23352581,0.0076750778,0.0021976603,5.4416637,4.2319763e-07,0.054879952
558,2071-07,32.413155,0.02731122,0.12948969,0.14066456,0.0016027697,5.694968,0.0,0.0
559,2071-08,32.702915,0.026204301,0.15479526,0.19350621,0.0027507124,6.208078,0.0,0.0
560,2071-09,29.400688,0.025790436,0.66256315,0.7261303,0.013981199,9.3846,3.2775993e-06,0.0
561,2071-10,22.896227,0.025537191,0.26183552,0.17664328,0.0025591303,7.2347493,9.612752e-05,0.0
562,2071-11,14.781955,0.025351582,0.16484036,0.41608068,0.010338661,6.13883,0.032942116,0.047627524
563,2071-12,13.201402,0.027315369,0.39609888,0.39238724,0.01492383,11.314869,0.020315528,0.3539638
564,2072-01,10.980428,0.026399154,0.124726236,0.000532997,8.8979534e-05,7.567146,8.10845e-05,0.034806605
565,2072-02,16.924255,0.025597302,0.15558124,0.15317406,0.0022953677,5.9562254,0.0023756693,0.006421154
566,2072-03,15.942966,0.027295377,1.0261002,1.1778811,0.028609289,12.165101,0.019343,0.04984857
567,2072-04,18.706444,0.034602817,0.6485957,0.6042883,0.020972583,8.239348,0.015090293,0.024566032
568,2072-05,23.777428,0.028992513,0.2938012,0.18629031,0.005744824,6.5574603,0.0025435598,0.0016062224
569,2072-06,28.241997,0.025829323,0.06384526,0.01319418,0.00019670099,5.3575788,6.587517e-08,0.0
570,2072-07,35.610237,0.02486171,0.21841422,0.26355138,0.003807181,6.477242,0.0,0.0
571,2072-08,32.461834,0.024337469,0.4663419,0.46069095,0.0077362293,7.992848,8.9953534e-07,0.0
572,2072-09,28.311447,0.023976447,0.09437186,0.083749406,0.001068772,5.751627,1.4323087e-05,0.0
573,2072-10,24.91969,0.023698794,0.29969478,0.3060912,0.0040429,7.065708,9.4128925e-05,1.3473859e-08
574,2072-11,15.5363865,0.023462202,0.10624938,0.11754184,0.0018042183,6.2513423,0.00072224496,9.128206e-05
575,2072-12,10.695719,0.02323752,0.039052688,0.018170534,0.00020713154,5.9631796,0.002310793,0.00091306795
576,2073-01,9.746072,0.17277867,1.0286672,4.9324384,0.4839443,18.72696,0.37786913,4.6241803
577,2073-02,9.867236,0.22396,1.0549684,1.3886541,0.082033485,17.800919,0.035180505,6.0094156
578,2073-03,14.988089,0.16361457,1.4339557,0.3645586,0.03180073,11.232461,0.023880145,3.4903498
579,2073-04,17.351418,0.097559035,0.9917676,0.2187869,0.013157898,7.2959313,0.0060590925,1.6834748
580,2073-05,23.869253,0.061005976,0.35838732,0.03928779,0.012972966,5.7997923,0.0011237541,0.7827854
581,2073-06,28.338018,0.042950444,0.1371523,0.007849115,0.004835371,5.3521256,9.7231634e-08,0.08468077
582,2073-07,33.638466,0.03476748,0.33316463,0.38289696,0.005786464,6.8218584,0.0,0.0008283619
583,2073-08,33.58019,0.033130195,0.8532005,1.0439273,0.022484941,10.695078,0.0,0.0
584,2073-09,30.636192,0.032618478,0.38550395,0.20599112,0.0031619905,7.6909723,7.5652533e-06,0.0
585,2073-10,23.134848,0.03207332,0.20223887,0.21384522,0.0028813067,6.3664265,0.0007754776,6.7902515e-06
586,2073-11,14.758321,0.031629104,0.16095047,0.16175272,0.0034043728,7.3840127,0.0011173855,0.00020028713
587,2073-12,10.929396,0.031481627,0.36910447,0.5990293,0.013674545,10.031391,0.03884393,0.2668318
588,2074-01,12.404222,0.031506743,0.19211634,0.04275513,0.0015844696,8.651135,0.0035066493,0.20415713
589,2074-02,13.082525,0.039895937,0.76838803,1.370116,0.07443877,12.299783,0.14771055,0.6681296
590,2074-03,18.526445,0.05239636,0.5152824,0.076691195,0.0046458533,9.14743,0.001402896,0.20450939
591,2074-04,21.451464,0.035541177,0.383125,0.28887632,0.0056593036,6.5170984,0.009939317,0.014937635
592,2074-05,25.707619,0.031794507,0.34868184,0.37655038,0.0076619745,6.2091594,0.000284937,3.407044e-05
593,2074-06,31.089237,0.03159135,0.20297842,0.118754245,0.0023903565,6.125151,5.238158e-07,0.0
594,2074-07,35.15382,0.030214025,1.082303,1.3178788,0.023812948,10.97138,0.0,0.0
595,2074-08,33.015804,0.029896192,1.6798284,2.2335365,0.060396124,15.314517,0.0,0.0
596,2074-09,31.065567,0.03343992,1.1370149,0.7837648,0.052800685,12.324753,1.6200906e-07,0.0
597,2074-10,22.55125,0.031903584,0.22843428,0.034685943,0.00048467994,6.246161,0.00023121541,1.0493187e-07
598,2074-11,14.988446,0.030337391,0.1316107,0.12475953,0.0020154517,6.4587927,0.00059026806,5.4554857e-05
599,2074-12,9.905006,0.03750861,0.42012706,0.8213082,0.043195616,12.062536,0.067956686,0.7263979
600,2075-01,10.622263,0.03530918,0.47361973,1.1012068,0.04265235,12.697274,0.03253771,0.59406
601,2075-02,11.113514,0.23146585,1.2235401,3.4673421,0.30499205,20.41172,0.22460544,2.012249
602,2075-03,13.883985,0.29045683,1.229593,0.35530767,0.029962879,14.050081,0.026703125,2.753573
603,2075-04,21.846285,0.080557905,0.8996199,0.06576486,0.02231273,6.6434455,0.0002045774,0.7567367
604,2075-05,25.578264,0.048084326,0.29123473,0.01379896,0.0036209254,5.459108,0.00017241042,0.1591259
605,2075-06,28.672718,0.036963273,0.11698636,0.07494094,0.0017784882,5.4188237,3.5451203e-06,0.011620828
606,2075-07,33.218872,0.03358017,0.2086909,0.21495979,0.0037666692,6.69726,0.0,0.0
607,2075-08,33.555035,0.03244692,0.5866118,0.8861367,0.014585092,8.282669,0.0,0.0
608,2075-09,30.790068,0.03234435,0.7220414,0.643469,0.011754009,10.039938,0.00012288518,0.0
609,2075-10,21.952723,0.03197156,0.31194544,0.13122487,0.0017700561,7.733768,0.00057451485,3.173944e-06
610,2075-11,13.92375,0.031424917,0.069492444,0.050637897,0.0007015612,6.0153813,0.0037848586,0.0005691414
611,2075-12,11.117167,0.03190024,0.5290046,0.8636527,0.024686223,13.259115,0.13147283,0.56573284
612,2076-01,12.155088,0.032911725,0.31827122,0.20794056,0.009508034,10.003151,0.008406812,0.050983638
613,2076-02,12.432212,0.038448006,0.63041896,0.9629403,0.03534587,11.428792,0.052158237,0.21606874
614,2076-03,15.970599,0.041098006,0.42889524,0.073639214,0.0027924913,8.266718,0.0047385236,0.13216372
615,2076-04,21.426516,0.034616098,0.1917197,0.025625898,0.0006305831,5.725159,0.0003656254,0.037420988
616,2076-05,25.453238,0.031529605,0.10297127,0.044418134,0.00076749537,5.483526,0.00057331857,0.002036042
617,2076-06,28.65813,0.030022556,0.017166264,0.0062870104,6.810173e-05,5.3152375,0.0,0.0
618,2076-07,32.230255,0.029411228,0.3608403,0.44228038,0.007239419,7.440722,0.0,0.0
619,2076-08,32.86859,0.0290071,0.96995854,1.4059621,0.03228225,10.58272,1.6459235e-07,0.0
620,2076-09,25.96953,0.028974246,0.43648186,0.014879394,0.00020749868,7.837681,2.5094756e-05,0.0
621,2076-10,24.326033,0.028659444,0.05341139,0.052124735,0.0005645664,5.460541,0.0,0.0
622,2076-11,16.80065,0.028356612,0.11423149,0.15704384,0.0022360277,6.161669,0.0027520063,0.0051115747
623,2076-12,12.510082,0.03458046,0.5719476,1.2885518,0.09360254,12.276191,0.018708535,0.1505377
624,2077-01,10.52907,0.08962758,0.7392351,1.6566982,0.09495601,17.772562,0.07719814,0.8392519
625,2077-02,11.670845,0.43656728,1.4043707,4.003703,0.62142044,20.252464,0.25075087,4.8746214
626,2077-03,17.20747,0.21891251,1.3911608,0.3801771,0.07169526,11.479386,0.0057423497,2.4539046
627,2077-04,17.452024,0.08523672,0.7444117,0.14798938,0.01594766,7.1536226,0.011985547,0.9452792
628,2077-05,24.77008,0.054492448,0.41800526,0.06342042,0.010292129,5.671121,0.00066706276,0.36883196
629,2077-06,30.762676,0.04001394,0.19879784,0.02622254,0.003645942,5.49902,0.0,0.070179775
630,2077-07,33.30493,0.034898575,0.45067808,0.64434266,0.011207033,7.5703278,0.0,0.0002549805
631,2077-08,33.53572,0.03334677,0.9450015,1.0665132,0.021050788,11.403219,0.0,0.0
632,2077-09,28.677393,0.03270643,0.6501825,0.526349,0.012303851,10.250159,1.0764696e-07,0.0
633,2077-10,24.344488,0.032243323,0.17176057,0.032517478,0.00042993418,6.3829026,6.4088934e-05,0.0
634,2077-11,15.337591,0.031791385,0.034007084,0.031288434,0.00034015116,5.5845494,0.0005794019,0.00014795354
635,2077-12,12.06215,0.031389654,0.060725324,0.078506924,0.001468223,6.0591497,0.0035732135,0.0012378469
636,2078-01,11.841289,0.03320796,0.51382244,2.2971172,0.14483033,11.628149,0.12104526,0.45560133
637,2078-02,10.9499655,0.15700963,1.0425955,2.1068697,0.1891991,19.163954,0.15696846,3.8926306
638,2078-03,15.281312,0.16250661,1.2180874,0.21306223,0.023557154,11.676261,0.008738535,2.952827
639,2078-04,16.814062,0.15396854,1.3237152,1.1818707,0.055891227,12.672654,0.057564024,1.7094574
640,2078-05,26.630428,0.064104296,0.57025295,0.03675554,0.016962366,6.0854406,0.00021067898,0.2799402
641,2078-06,28.578747,0.04207273,0.17474069,0.041121446,0.0015294439,5.458843,1.0358752e-05,0.019560114
642,2078-07,32.97322,0.03658275,0.77342606,0.9884318,0.018106688,9.036039,0.0,0.0
643,2078-08,33.250767,0.03500662,0.6797312,0.7024939,0.0133886635,9.708671,0.0,0.0
644,2078-09,28.229296,0.034059167,0.26925978,0.052980013,0.0009442279,6.951747,3.574394e-05,0.0
645,2078-10,22.829493,0.033263046,0.033407595,0.034771677,0.000503786,5.491562,1.7810451e-05,0.0
646,2078-11,14.370001,0.032707814,0.121459894,0.20734502,0.0032443586,6.137469,0.015088125,0.013872378
647,2078-12,11.751511,0.032506846,0.3577313,0.54894346,0.014179328,9.453466,0.019786865,0.16828538
648,2079-01,11.488469,0.04765052,0.8715867,2.2630324,0.11697807,17.313686,0.08763753,0.64394015
649,2079-02,14.162365,0.09838113,0.7810062,0.20191792,0.015195647,14.420294,0.013398168,0.8838877
650,2079-03,14.370758,0.1055491,0.8668258,0.98677516,0.0479702,10.524912,0.04590522,0.40114564
651,2079-04,20.63397,0.1125786,0.6547575,0.15670747,0.010997261,8.177003,0.0015846828,0.340506
652,2079-05,25.226507,0.04177699,0.24879424,0.024991615,0.0020253067,5.4598684,4.8245915e-05,0.076113604
653,2079-06,31.042526,0.03485315,0.13974103,0.040123202,0.00088250765,5.444622,3.647693e-07,0.0048584207
654,2079-07,31.998539,0.032525018,0.22498463,0.24767481,0.0032932349,6.1541834,0.0,0.0
655,2079-08,33.72284,0.032040704,0.93851984,1.3760866,0.03202071,10.880356,0.0,0.0
656,2079-09,31.128044,0.032010827,0.52003276,0.16180451,0.0028750617,8.796537,5.7284865e-08,0.0
657,2079-10,23.78313,0.03218348,0.3056403,0.566285,0.020998506,7.3360977,0.00022123636,0.0
658,2079-11,17.213964,0.03340821,0.36136892,0.29455605,0.007058799,9.246615,0.0017739278,0.00010755007
659,2079-12,10.599627,0.040391292,0.6579237,1.2985717,0.052522365,15.410417,0.03757931,0.16255763
660,2080-01,11.515739,0.119107835,0.76735944,2.860403,0.44207996,15.738102,0.06580332,0.43105656
661,2080-02,12.468095,0.90749204,1.5602261,5.638426,1.1410909,20.676535,0.0802299,2.3982155
662,2080-03,14.836461,0.66914815,2.0107503,2.3186207,0.42283276,16.1486,0.07713165,3.0156982
663,2080-04,23.601831,0.15877868,1.856985,0.024728624,0.038132027,6.894888,4.095655e-05,1.4819977
664,2080-05,21.836863,0.08131091,0.6711829,0.22456463,0.00940165,6.286393,0.004778441,0.62487495
665,2080-06,25.90081,0.058157552,0.20830569,0.0513506,0.004986489,5.5072417,2.3564884e-05,0.30222782
666,2080-07,33.55695,0.047724213,0.26202917,0.2762582,0.0074626096,6.4313774,0.0,0.10174196
667,2080-08,33.208885,0.042422496,0.25830638,0.33595583,0.007755486,6.955579,0.0,0.003952484
668,2080-09,25.630217,0.039886914,0.11165768,0.010835664,0.000110235706,6.0080056,1.2509018e-06,0.0
669,2080-10,25.3891,0.038896095,0.121753685,0.14990963,0.0020690532,5.9067283,3.376512e-05,0.0
670,2080-11,15.536354,0.043109957,0.6930819,1.6467971,0.05027712,14.601874,0.0038117066,0.0019650992
671,2080-12,12.661822,0.053448237,0.68903327,0.9634123,0.03930644,15.517527,0.017622117,0.09244779
672,2081-01,10.501378,0.10019427,0.7114685,1.34724,0.07444998,17.657557,0.07206344,0.7992868
673,2081-02,12.313169,0.20164724,1.0257704,1.1289434,0.0630889,16.846016,0.030585622,0.8931641
674,2081-03,16.697132,0.12987441,1.095155,0.6957077,0.033828266,11.00297,0.032808755,0.5881673
675,2081-04,16.049524,0.17801428,1.3265448,1.2206899,0.068881966,13.008657,0.031803515,0.6664405
676,2081-05,24.317179,0.06050182,0.4702797,0.13218804,0.0062537603,6.0224314,0.00061362283,0.14077368
677,2081-06,28.594326,0.046300832,0.21472037,0.030248147,0.0012257334,5.5282216,1.9731544e-06,0.015606325
678,2081-07,30.68786,0.040901426,0.21405602,0.2666599,0.003404967,5.898629,3.1582076e-08,0.0
679,2081-08,32.31914,0.039006006,0.32621142,0.31887707,0.004933893,7.2485228,0.0,0.0
680,2081-09,27.899277,0.037919737,0.30822837,0.48810154,0.0073806876,6.4575095,4.317671e-06,0.0
681,2081-10,23.230223,0.037207443,0.28531176,0.13669543,0.002027005,7.497974,0.0006422337,5.851308e-05
682,2081-11,15.4265,0.03665058,0.107071295,0.062001258,0.0010406252,6.592851,0.001967821,0.0011164459
683,2081-12,9.808509,0.036157265,0.1534929,0.3599909,0.009148964,6.7540197,0.01958611,0.023274058
684,2082-01,11.11561,0.1087814,0.96694344,2.7721288,0.3519552,17.503378,0.10449275,1.7382424
685,2082-02,12.734196,0.08706717,0.62020475,0.0038087878,0.0035568683,9.052788,0.00055380445,0.40078387
686,2082-03,14.425346,0.08827133,0.7332676,0.48027113,0.021798415,8.9127035,0.06308604,0.45429775
687,2082-04,22.030643,0.05350031,0.376212,0.052658536,0.0015862668,5.8323407,0.0012508504,0.09918436
688,2082-05,25.75828,0.04290585,0.16103339,0.01608166,0.0007842949,5.3740344,5.5459965e-05,0.017132495
689,2082-06,29.648466,0.038900085,0.14059752,0.11307461,0.0009823713,5.5233746,5.613177e-06,0.0
690,2082-07,31.179455,0.03751215,0.22388834,0.26644388,0.005228088,6.7035084,0.0,0.0
691,2082-08,32.673862,0.036786735,0.26685,0.26157627,0.00408301,6.953269,0.0,0.0
692,2082-09,28.678316,0.036294974,0.095033795,0.08819776,0.0010845206,5.708765,6.015652e-08,0.0
693,2082-10,25.014347,0.03582348,0.09258268,0.095253244,0.0011625373,5.720462,0.00031589126,0.0
694,2082-11,17.616749,0.03539487,0.07659583,0.082104325,0.00121226,5.913472,0.0031034134,0.0027458973
695,2082-12,9.771371,0.035322648,0.35928673,0.8026906,0.024701891,9.000606,0.07047413,0.3134525
696,2083-01,9.810273,0.039881967,0.45481282,0.51925874,0.019860635,14.2360115,0.044846673,1.7766689
697,2083-02,11.673792,0.109451205,0.8989683,2.083863,0.1296803,17.537563,0.07559768,1.4066294
698,2083-03,17.472172,0.096620224,0.9099312,0.12352489,0.0106015215,10.062221,0.0074085356,0.7140456
699,2083-04,15.369521,0.13807328,0.742028,0.71111035,0.036067836,9.783545,0.08240081,1.0079471
700,2083-05,23.442764,0.08719809,0.5966197,0.4291186,0.022994598,7.4009542,0.021840366,0.29435122
701,2083-06,30.091463,0.039859585,0.36572507,0.16679405,0.0033736168,5.8421836,5.719755e-06,0.019477366
702,2083-07,32.9899,0.03497352,0.30090532,0.4982502,0.011417079,6.6171227,0.0,0.0
703,2083-08,31.670067,0.034207452,0.2661458,0.057384904,0.00085831014,7.1656003,2.4366776e-07,0.0
704,2083-09,28.624762,0.033633593,0.10299633,0.12195274,0.001632664,5.7179394,0.00012999526,0.0
705,2083-10,22.636892,0.033193085,0.05298897,0.021611314,0.00027525134,5.6368895,2.2501812e-05,0.0
706,2083-11,15.760059,0.032846414,0.14258601,0.18113518,0.0025926111,6.455435,0.0051506422,0.00234453
707,2083-12,10.937203,0.03258813,0.18299837,0.28525418,0.006333794,7.553808,0.03176102,0.1485139
708,2084-01,12.176471,0.036102597,0.4293519,1.0227141,0.061047256,9.546055,0.03203675,0.16781935
709,2084-02,13.835778,0.10802919,0.6798279,0.8148232,0.044717483,14.56658,0.017043069,0.44010505
710,2084-03,15.008559,0.2230144,1.1682684,2.0224764,0.1709229,15.196241,0.04059938,0.42851004
711,2084-04,16.702099,0.16210935,0.91875994,0.48008463,0.025056096,9.909312,0.024864675,0.4661073
712,2084-05,22.492872,0.06839809,0.49756,0.30304426,0.016109552,6.539801,0.0063367872,0.24810645
713,2084-06,27.670486,0.038193833,0.4879185,0.20404577,0.005271008,6.6314692,3.3143417e-05,0.040844306
714,2084-07,34.248432,0.032840446,0.40529162,0.38293278,0.0056497827,6.839161,0.0,0.0
715,2084-08,32.996563,0.03466474,1.1177416,2.4956927,0.10568609,10.721771,0.0,0.0
716,2084-09,30.984089,0.048618775,0.94857866,0.0945893,0.0017969235,9.0197935,0.0,0.0
717,2084-10,24.60306,0.039891183,0.18545084,0.13767014,0.0021406582,6.0999556,0.0003445765,0.0
718,2084-11,17.617285,0.036437526,0.08086638,0.079588674,0.0009487893,5.9380703,0.0008023222,0.00038057656
719,2084-12,9.892089,0.03490876,0.28712502,0.56758696,0.013937303,8.12099,0.026243942,0.069825865
720,2085-01,11.843059,0.03565085,0.21984887,0.109643966,0.0049036285,9.53096,0.01098988,0.15517928
721,2085-02,14.113737,0.035978824,0.4716845,0.62043124,0.018036949,9.1275425,0.01646437,0.062471025
722,2085-03,19.121264,0.035791084,0.24509102,0.02410564,0.0007061069,6.644419,0.00058933964,0.024315102
723,2085-04,17.013126,0.034702603,0.3959634,0.36724046,0.0060687624,7.0911484,0.006682665,0.0010151058
724,2085-05,23.745775,0.033150643,0.095169224,0.03706191,0.0005369525,5.5290523,0.0010718128,1.954049e-06
725,2085-06,28.76074,0.032477386,0.037556663,0.029372502,0.00028001785,5.364954,1.1109772e-07,0.0
726,2085-07,33.010494,0.03208204,0.38219073,0.53034014,0.008682886,7.080393,0.0,0.0
727,2085-08,33.520336,0.031816892,0.79817563,0.85448056,0.014783754,9.99192,0.0,0.0
728,2085-09,27.968538,0.031781036,0.20378262,0.039532594,0.0004948299,6.4258904,0.0,0.0
729,2085-10,24.73928,0.031550623,0.1603312,0.16550373,0.0023342124,6.1302276,8.2615395e-07,0.0
730,2085-11,16.256357,0.03250865,0.3704228,0.720496,0.022463929,8.702706,0.0026003853,0.02182567
731,2085-12,11.453709,0.033133127,0.29250842,0.37421545,0.013453352,9.118361,0.034270205,0.097703144
732,2086-01,10.560724,0.08917522,0.57246256,1.9026859,0.30345795,14.653961,0.09908367,1.2311063
733,2086-02,12.02578,0.22314079,0.941688,1.3299522,0.074503556,17.487698,0.026176237,1.9877515
734,2086-03,15.7910185,0.13413319,0.8251507,0.448352,0.029743746,10.389493,0.013603223,1.2416036
735,2086-04,18.10224,0.06846098,0.6475785,0.54523,0.037931714,7.8146467,0.030054158,0.6092861
736,2086-05,18.710087,0.090079814,1.1187503,1.0505812,0.03161396,11.201337,0.012822365,0.42090893
737,2086-06,29.401846,0.044012804,0.5824542,0.22590192,0.011403432,7.142126,3.4705594e-05,0.13292447
738,2086-07,33.94542,0.034108452,0.3524958,0.26539883,0.0049416777,6.2702518,0.0,0.0042866208
739,2086-08,34.298107,0.03203448,0.91403943,1.351287,0.032585766,10.666301,0.0,0.0
740,2086-09,28.093552,0.032297835,0.4491657,0.050324045,0.0009050135,7.905738,1.884559e-06,0.0
741,2086-10,26.728817,0.031809326,0.023189474,0.018016635,0.00024217766,5.386953,0.0003214733,0.0
742,2086-11,15.217738,0.036097605,0.62323546,1.0708349,0.037931655,12.571152,0.021639911,0.07730061
743,2086-12,13.029999,0.034212746,0.255295,0.0769795,0.0018630422,8.350346,0.0068417857,0.03902098
744,2087-01,12.283859,0.03623724,0.30847082,0.51397234,0.028509019,9.256743,0.04011075,0.16256133
745,2087-02,16.789843,0.03682098,0.30223915,0.15323453,0.005600494,7.5158243,0.01186858,0.047139186
746,2087-03,17.062408,0.03560185,0.36297515,0.47365135,0.015054371,7.175801,0.019705836,0.047624625
747,2087-04,19.951628,0.041465927,0.4402218,0.24568067,0.008676079,7.4916644,0.012423427,0.024905967
748,2087-05,25.943678,0.0326292,0.14405052,0.013806217,0.00017720467,5.4442816,1.4953943e-05,0.0007926515
749,2087-06,30.553068,0.030618696,0.103974424,0.10946889,0.0017130761,5.5235186,1.057817e-05,0.0
750,2087-07,34.82186,0.029897083,0.42526516,0.4876548,0.007174473,7.3097982,0.0,0.0
751,2087-08,34.285507,0.029483806,0.6529394,0.71067506,0.012267777,9.380644,0.0,0.0
752,2087-09,27.623114,0.029171403,0.172409,0.035445917,0.0003405769,6.2963715,0.0,0.0
753,2087-10,24.354332,0.028910777,0.015550504,0.008177108,8.2971834e-05,5.4051394,5.688264e-08,0.0
754,2087-11,16.453249,0.028665971,0.032421373,0.040688965,0.0005591523,5.5317054,0.00062848785,0.00012285344
755,2087-12,10.190189,0.028859666,0.45636502,0.93707836,0.027592482,10.776465,0.05545503,0.32211512
756,2088-01,11.512733,0.05002099,0.7647294,2.801304,0.2552709,14.237994,0.04923706,0.56637007
757,2088-02,11.494269,0.64414465,1.4284687,5.337648,1.0153117,21.92991,0.2770262,4.9257216
758,2088-03,13.340039,0.5886932,1.8005791,1.6782275,0.14638948,17.17058,0.085273065,7.4877105
759,2088-04,20.929863,0.18249817,1.7459856,0.025641106,0.06370985,7.3137927,0.00022744978,3.3427725
760,2088-05,25.26359,0.08549134,0.70574355,0.17230372,0.030222682,6.2001934,0.00076217816,1.1152034
761,2088-06,32.335747,0.05611058,0.15716721,0.00399095,0.0105978735,5.386016,2.1493607e-07,0.24711734
762,2088-07,32.55801,0.044995002,0.6469176,0.84137577,0.017246885,8.5880375,5.444967e-07,0.036910348
763,2088-08,33.9367,0.04081191,0.4684846,0.46466514,0.007880074,8.121855,0.0,0.0
764,2088-09,29.137503,0.039118793,0.2682319,0.09481734,0.0013800233,7.1628523,0.0,0.0
765,2088-10,22.790148,0.038165383,0.17367437,0.22691818,0.003259195,6.1306677,0.0021273538,0.0017198971
766,2088-11,13.430622,0.03749108,0.10796977,0.084901065,0.0016725159,6.814207,0.0024944663,0.0009123027
767,2088-12,10.024275,0.03718335,0.19143113,0.30678442,0.008884599,7.761036,0.030962821,0.12504014
768,2089-01,10.110097,0.04006049,0.42877308,0.8458112,0.04666345,9.636085,0.05294727,0.24211651
769,2089-02,13.798026,0.1439182,0.9942123,1.9077597,0.20863537,16.270035,0.032000076,0.63895285
770,2089-03,15.678501,0.13634089,1.0086755,0.8330876,0.037100337,12.176965,0.019582992,0.43126795
771,2089-04,16.73958,0.055155642,0.55982816,0.28311798,0.007740046,7.1069055,0.009657217,0.26680043
772,2089-05,21.201342,0.045569006,0.27689022,0.03454661,0.0021852602,5.9343023,0.0021746648,0.14171168
773,2089-06,28.762018,0.03938372,0.15749086,0.0022820039,0.0009998921,5.342939,1.1187648e-07,0.021321572
774,2089-07,33.219116,0.036096185,0.15036647,0.26103732,0.0044345553,5.939411,0.0,0.0
775,2089-08,34.772034,0.03548124,0.76165545,0.8646426,0.016155234,10.623898,0.0,0.0
776,2089-09,29.446476,0.03533848,0.6459072,0.61418754,0.014173463,9.295487,0.0,0.0
777,2089-10,23.366503,0.035333537,0.17376679,0.053991385,0.00079102244,6.268221,0.0006052709,1.2803609e-05
778,2089-11,16.492008,0.03485168,0.0484217,0.05343372,0.0007650719,5.736658,0.0011305084,0.00026186928
779,2089-12,10.424826,0.034426942,0.15518484,0.6042899,0.023239294,6.091969,0.022034192,0.025102463
780,2090-01,9.658196,0.04983394,0.55792916,0.88567626,0.050188314,14.64424,0.0690458,1.5591518
781,2090-02,12.468364,0.08433241,0.7379322,0.951815,0.039551344,13.119506,0.04954532,1.0532814
782,2090-03,16.864948,0.07299849,0.73475134,0.5894942,0.021309648,9.183882,0.018002415,0.39485535
783,2090-04,18.723557,0.06293127,0.49139094,0.12368393,0.0050050835,7.6507263,0.009317504,0.17300756
784,2090-05,28.184332,0.0390557,0.5944624,0.43396202,0.008203897,7.132335,6.261413e-05,0.022151407
785,2090-06,26.730642,0.034373492,0.1265878,0.020927077,0.00031336272,5.5703235,9.52843e-06,0.0
786,2090-07,33.94803,0.0333508,0.35048556,0.4627374,0.0067758723,6.686495,0.0,0.0
787,2090-08,33.093845,0.03287841,0.6665089,0.7285193,0.012231549,9.3043585,0.0,0.0
788,2090-09,30.212017,0.032532226,0.30302638,0.24122913,0.0033259275,6.966238,0.0,0.0
789,2090-10,23.662722,0.032236673,0.15272619,0.06656627,0.0010567742,6.5562844,2.2014665e-05,0.0
790,2090-11,15.580326,0.031956915,0.06811413,0.080918364,0.0012801351,5.9736056,0.0010306608,0.0
791,2090-12,8.658333,0.031680964,0.21204096,0.32090753,0.004882773,7.1520667,0.027911678,0.06857898
792,2091-01,11.12161,0.03142716,0.1600362,0.0919365,0.001801124,7.833243,0.011143145,0.07783826
793,2091-02,11.780666,0.031233113,0.2244717,0.30859387,0.0073451707,7.913104,0.016616542,0.033093538
794,2091-03,15.096344,0.031284418,0.21653435,0.11092793,0.0034001782,7.105568,0.0072362917,0.022522723
795,2091-04,18.431639,0.031177497,0.28251907,0.26481715,0.006724848,6.731126,0.015998842,0.020150201
796,2091-05,24.552422,0.030714579,0.055152856,0.008677602,0.000114579256,5.381708,4.027944e-05,1.5252735e-05
797,2091-06,29.818012,0.030285947,0.020110752,0.012247399,0.00012701645,5.3381314,9.3274316e-08,0.0
798,2091-07,33.587025,0.029971076,0.21768175,0.34741947,0.005488785,6.406828,0.0,0.0
799,2091-08,33.07845,0.029686531,0.4120768,0.36778352,0.0049296254,7.9710865,0.0,0.0
800,2091-09,26.529884,0.029421568,0.15507726,0.08520229,0.0009801231,6.1684365,1.2619743e-06,0.0
801,2091-10,21.746687,0.02916648,0.24532677,0.37155178,0.005551618,6.668187,0.004353458,0.0075723734
802,2091-11,14.072715,0.030805975,0.3595452,0.50586194,0.027240546,10.197489,0.0026666727,0.01672855
803,2091-12,12.024171,0.029851839,0.12434866,0.016953312,0.00031641885,6.9155617,0.005422829,0.002523709
804,2092-01,10.166926,0.033189688,0.48990422,1.059408,0.050122716,13.227221,0.06722693,0.5477173
805,2092-02,16.017847,0.032709926,0.42339617,0.006574288,0.0013920388,8.4894705,0.00048776116,0.080424845
806,2092-03,17.334925,0.030678872,0.20346487,0.10680453,0.0017988513,5.7812486,0.0007435272,0.0022191044
807,2092-04,21.12965,0.029155742,0.17047153,0.066591926,0.0006301251,5.8570523,0.0012608626,0.00029603057
808,2092-05,25.427317,0.028401257,0.0333179,0.010621919,0.0001309765,5.3492107,1.677237e-05,0.0
809,2092-06,30.512766,0.028014235,0.025808608,0.03389542,0.00040017947,5.357979,2.335618e-07,0.0
810,2092-07,34.67273,0.027744947,0.38239947,0.51864713,0.0067718173,7.2422185,0.0,0.0
811,2092-08,34.912827,0.027511584,0.29248685,0.31188533,0.0050839335,7.513002,0.0,0.0
812,2092-09,30.040367,0.027285522,0.23062812,0.103456445,0.0012234201,6.8443346,4.0307646e-06,0.0
813,2092-10,22.38535,0.027058512,0.03564012,0.013603734,0.0001205687,5.5374107,6.581251e-06,0.0
814,2092-11,14.827056,0.026840385,0.10062076,0.21145783,0.0043887356,6.1822443,0.003397701,0.0032332537
815,2092-12,12.193902,0.0266809,0.171695,0.17233479,0.0031540385,7.5567455,0.008007084,0.01332467
816,2093-01,13.118879,0.033415787,0.5957041,2.650088,0.26630357,10.812063,0.020964513,0.06765654
817,2093-02,12.067229,0.40898964,1.4523394,4.5046277,0.6217983,21.604767,0.17543985,2.2876544
818,2093-03,15.654563,0.24012677,1.3760377,0.25127733,0.028528202,11.262696,0.010259079,1.8000178
819,2093-04,19.6544,0.08988162,0.99547315,0.17493562,0.01515345,7.263977,0.010198695,0.640016
820,2093-05,24.520578,0.053306192,0.39525232,0.016276192,0.0043086708,5.5721703,5.5608376e-05,0.21336903
821,2093-06,30.86277,0.04150141,0.15358315,0.018832244,0.002023522,5.3586564,1.3468218e-07,0.032525316
822,2093-07,34.69324,0.03720162,0.27818206,0.41105115,0.0058608935,6.5559087,0.0,0.0
823,2093-08,33.878716,0.03590854,0.6823651,0.87742686,0.017791433,9.982223,0.0,0.0
824,2093-09,28.072882,0.035398047,0.38092238,0.08809512,0.0015176714,7.5553317,4.2086504e-06,0.0
825,2093-10,20.354492,0.03497717,0.025218192,0.016332187,0.0001907048,5.386395,0.00036817792,4.1928305e-07
826,2093-11,14.171057,0.03456154,0.015329926,0.013643161,0.000113641516,5.4089007,4.893473e-05,0.0
827,2093-12,9.660375,0.0341888,0.19519828,0.41922098,0.008816374,7.919613,0.042633746,0.2952334
828,2094-01,12.288559,0.048375137,0.6388488,1.0545658,0.06560393,13.992862,0.05430698,1.2346798
829,2094-02,13.51356,0.07598251,0.70282626,0.9019296,0.039875034,13.348903,0.01589684,0.59963286
830,2094-03,17.118828,0.06157129,0.5759642,0.6782676,0.023004642,8.648047,0.010474423,0.2467919
831,2094-04,15.373948,0.068724774,0.712118,0.31826976,0.008177087,10.336993,0.009984188,0.14430124
832,2094-05,25.659653,0.039051984,0.2744289,0.001379594,0.00091062626,5.6566753,2.8230257e-05,0.03639349
833,2094-06,26.690306,0.03393662,0.14023523,0.06368848,0.00077286497,5.51098,0.000108078464,3.8666776e-06
834,2094-07,35.027866,0.03260755,0.14971213,0.1693554,0.0021421015,5.9011183,0.0,0.0
835,2094-08,32.27666,0.032072302,0.659893,0.70862716,0.013021603,8.840764,0.0,0.0
836,2094-09,27.457926,0.031698436,0.08623826,0.032560594,0.00046638717,5.6884813,2.9448861e-07,0.0
837,2094-10,22.126667,0.031392515,0.1131545,0.13125212,0.0021467686,6.1174335,0.0022970685,0.000319125
838,2094-11,13.747974,0.031472232,0.46738464,0.8169093,0.019261325,10.572373,0.013817173,0.033279683
839,2094-12,9.337298,0.039240435,0.5186081,0.897112,0.0407907,15.451971,0.048083287,0.81589574
840,2095-01,12.405553,0.035784326,0.31037948,0.046354413,0.0044681258,10.643577,0.0027120404,0.5699488
841,2095-02,10.9961815,0.07542331,0.7752369,1.3585373,0.06430285,15.015513,0.053543802,0.6265294
842,2095-03,16.697962,0.053111203,0.54445904,0.016121265,0.0021163472,8.38543,0.00066575315,0.22967997
843,2095-04,19.373245,0.03679118,0.54449487,0.42496577,0.007192019,7.5203495,0.007013132,0.057904776
844,2095-05,25.328842,0.032739326,0.16280149,0.01770098,0.00047948575,5.4687037,0.00015764902,0.008117486
845,2095-06,29.267488,0.030503266,0.10599006,0.08660806,0.0013259206,5.773718,1.8967962e-06,8.075202e-07
846,2095-07,31.999289,0.029944982,0.052991606,0.07652913,0.0011237916,5.5961537,0.0,0.0
847,2095-08,34.99628,0.029590275,0.24627307,0.29058832,0.006172616,7.1710315,0.0,0.0
848,2095-09,30.232008,0.02933332,0.057845872,0.00058202003,1.481111e-06,5.8129687,0.0,0.0
849,2095-10,21.36204,0.02906901,0.02479183,0.029818079,0.00032328282,5.414915,0.0010425613,0.00029302845
850,2095-11,16.976797,0.028804785,0.1372005,0.15741742,0.002817854,6.8942275,0.00075414265,1.8417042e-07
851,2095-12,11.91918,0.0285435,0.115713805,0.22179835,0.0036469228,6.0300446,0.008571244,0.009156779
852,2096-01,10.503211,0.030846322,0.36486182,0.6054009,0.030701099,11.460333,0.027563669,0.26632383
853,2096-02,11.97454,0.047210656,0.7737335,1.5369409,0.0903892,15.354632,0.099703155,0.86868024
854,2096-03,17.147558,0.059382442,0.70902413,0.09591067,0.0048212865,9.5357065,0.0048495587,0.27245253
855,2096-04,22.393997,0.033565313,0.2908366,0.055873886,0.00095158664,5.747442,0.0013783834,0.012835129
856,2096-05,25.291391,0.029423762,0.19450136,0.12051702,0.0014080621,5.5644007,2.1494021e-05,0.0
857,2096-06,27.957655,0.028021017,0.05342052,0.0026049258,1.9741643e-05,5.4576397,1.0881272e-05,0.0
858,2096-07,33.13874,0.02750817,0.02207792,0.05628177,0.0007852566,5.396173,0.0,0.0
859,2096-08,34.27984,0.027171023,0.25771388,0.30505306,0.004954179,7.0066977,0.0,0.0
860,2096-09,27.01077,0.026914878,0.2568157,0.18822938,0.0024057624,6.7190447,7.461112e-08,0.0
861,2096-10,20.154083,0.026684564,0.13848943,0.2174669,0.0033383616,6.2222514,0.0014789302,0.0003005084
862,2096-11,17.439299,0.026456831,0.115851834,0.06364657,0.00065574,6.3131213,0.0023133084,0.00021837413
863,2096-12,8.783203,0.026487585,0.35669005,0.5512944,0.013838642,10.376894,0.083846346,0.41160983
864,2097-01,11.391463,0.027016342,0.60384345,1.2306978,0.035998933,13.367442,0.009272928,0.24833423
865,2097-02,13.39037,0.03521478,0.89057046,2.6727116,0.2740798,15.471566,0.05801591,0.29631898
866,2097-03,15.196562,0.14192465,1.3658743,1.1843026,0.07846359,16.514284,0.02531132,0.78283334
867,2097-04,19.154446,0.08393988,1.0392164,0.032312017,0.0035942083,8.387874,0.0015997533,0.43523756
868,2097-05,25.08408,0.041373715,0.32266626,0.024961675,0.0034487261,5.464922,4.6990033e-05,0.1207297
869,2097-06,29.0049,0.03371086,0.0927964,0.0005026265,0.000610789,5.307056,0.0,0.007358375
870,2097-07,33.919876,0.031014107,0.2424403,0.32371292,0.0054034693,6.8684144,2.4211833e-09,0.0
871,2097-08,33.483234,0.030080946,0.6129238,0.7861777,0.01807129,9.687733,0.0,0.0
872,2097-09,28.320559,0.029433466,0.2648811,0.036523238,0.00071993144,7.0681577,2.5471948e-06,0.0
873,2097-10,25.16061,0.028934864,0.013713664,0.004972074,4.5661352e-05,5.3443446,8.17734e-08,0.0
874,2097-11,17.74786,0.028525189,0.12813905,0.18421315,0.0030135233,6.3261347,0.0010447219,0.0005456758
875,2097-12,10.453769,0.0285828,0.2708037,0.4541917,0.011944567,7.8297586,0.02241017,0.06073694
876,2098-01,12.369405,0.0346661,0.45527032,0.7775117,0.041182462,10.498161,0.05173895,0.25372618
877,2098-02,12.796044,0.09315798,1.004076,2.488305,0.19247271,15.18463,0.14534508,0.93471354
878,2098-03,15.87465,0.19748522,0.9272662,0.14383867,0.029736266,12.076089,0.010315469,1.391175
879,2098-04,20.382778,0.057080157,0.66842365,0.44575444,0.022011047,7.307698,0.011139666,0.24391544
880,2098-05,21.468487,0.056168072,0.4903738,0.35041502,0.014604563,7.0046697,0.011121988,0.12046344
881,2098-06,30.34221,0.032376703,0.23168951,0.005840218,0.0010876765,5.372311,9.82959e-06,0.014944067
882,2098-07,35.753838,0.02837356,0.45230016,0.48079824,0.008174239,7.4662275,0.0,0.0
883,2098-08,33.547626,0.02748377,0.27189675,0.3695033,0.0061040763,7.2945666,0.0,0.0
884,2098-09,29.038094,0.027010374,0.5202058,0.42240682,0.0072595733,8.841974,1.0767435e-05,0.0
885,2098-10,23.656765,0.026670232,0.11556303,0.08810018,0.0011119475,5.966202,0.00030274814,0.0
886,2098-11,14.454188,0.026403543,0.14680588,0.22567451,0.00334097,6.201943,0.0077913324,0.0067137484
887,2098-12,10.304064,0.035943694,0.6189407,1.1568887,0.04172992,14.047357,0.03783417,0.19354238
888,2099-01,11.290453,0.03341634,0.26505554,0.02186231,0.00077858235,10.370821,0.0032965536,0.18888229
889,2099-02,12.251482,0.12898202,0.9752531,2.421506,0.16324797,16.420515,0.06448907,0.72646594
890,2099-03,15.003982,0.1475159,0.8335029,0.3243845,0.015737288,11.866819,0.009350119,0.5813753
891,2099-04,23.160805,0.049599458,0.5063202,0.02812323,0.0047053974,6.286027,0.00019995506,0.17423281
892,2099-05,24.281376,0.03083098,0.24052654,0.06164834,0.0015253454,5.679738,0.00031325515,0.014438096
893,2099-06,27.287853,0.026828896,0.072951525,0.0015409047,9.312281e-06,5.3223248,3.3884087e-06,0.0
894,2099-07,32.970837,0.025952106,0.12826897,0.22388215,0.003935875,6.119798,1.4687467e-09,0.0
895,2099-08,33.851818,0.025561403,0.4423768,0.4957661,0.009254,8.447068,0.0,0.0
896,2099-09,29.189394,0.025343979,0.45359203,0.35698098,0.0069930353,8.070059,2.062444e-06,0.0
897,2099-10,23.404432,0.025125474,0.02480119,0.005891674,5.49328e-05,5.4137783,7.3703507e-07,0.0
898,2099-11,17.180922,0.024893917,0.031678133,0.035580587,0.0004722784,5.491461,0.0011553254,1.1855713e-08
899,2099-12,12.4860735,0.024666488,0.031687073,0.02180304,0.00020471698,5.518375,0.0067682224,0.0014423813
