date,D0,D1,D2,D3,D4
1950-07-01,90.2440050000001,76.82925499999999,32.25623999999998,4.815000000000005,1.1119999999999999
1950-08-01,94.29829000000014,77.31440499999991,40.14885999999996,13.209005000000023,1.3597999999999972
1950-09-01,90.446205,69.90033999999993,17.457280000000022,10.35546,0.71564
1950-10-01,86.3420050000001,70.25408999999999,14.996875,2.2901749999999996,0.1441
1950-11-01,82.84350000000009,66.44189999999992,14.635139999999987,1.8259999999999998,0.0774
1950-12-01,85.93448499999995,75.9079999999999,39.95388500000001,23.588724999999997,9.019999999999992
1951-01-01,78.67557499999988,60.72799999999992,15.24322499999998,6.668999999999991,2.644775
1951-02-01,88.50617999999997,74.13082000000007,27.079475000000034,8.06350000000001,0.6589999999999999
1951-03-01,95.6202600000001,79.8367000000001,48.59492500000007,17.23599999999998,0.9717249999999983
1951-04-01,95.91499999999996,83.54762000000001,39.63411000000004,14.04699999999998,0.5169999999999995
1951-05-01,87.53924999999988,68.77178000000002,19.97118999999998,4.8324,0.19800000000000006
1951-06-01,89.3091250000001,72.64700000000008,32.83846000000003,12.753224999999988,3.8020000000000045
1951-07-01,77.6548749999999,51.42162499999993,16.947670000000027,7.29207999999999,0.9311699999999984
1951-08-01,50.70397499999993,35.22862500000005,12.723159999999986,4.7096,0.6190000000000007
1951-09-01,28.565799999999964,18.123359999999977,6.117100000000006,2.2200000000000024,0.33454
1951-10-01,29.503520000000027,15.505499999999989,5.479999999999998,1.5745999999999993,0.24199999999999985
1951-11-01,25.4815,17.021999999999988,4.229049999999999,1.0273000000000017,0.15099999999999994
1951-12-01,7.086075000000001,1.87,0.5720000000000001,0.24999999999999997,0.29336
1952-01-01,3.0863200000000006,0.9799000000000001,0.637,0.61766,0.16124
1952-02-01,0.25300000000000006,0.9229999999999999,0.335,0.068,0.063
1952-03-01,0.34600000000000003,0.292,0.48499999999999993,0.4180000000000001,0.034
1952-04-01,0.258,0.535,0.491,0.43400000000000005,0.035
1952-05-01,0.02,1.0640000000000003,0.20627500000000001,0.012,0.0
1952-06-01,0.23700000000000002,0.062,0.0,0.0,0.0
1952-07-01,0.14996,0.0,0.0,0.0,0.0
1952-08-01,0.8781799999999998,0.012,0.0,0.0,0.0
1952-09-01,0.15,0.0,0.0,0.0,0.0
1952-10-01,0.4660000000000001,0.04,0.021,0.0,0.0
1952-11-01,0.768,0.049,0.0,0.0,0.0
1952-12-01,2.4107800000000004,0.006999999999999999,0.0,0.0,0.0
1953-01-01,0.485,0.062,0.0,0.0,0.0
1953-02-01,7.584219999999995,0.062,0.0,0.0,0.0
1953-03-01,23.282294999999973,4.141624999999996,0.0,0.0,0.0
1953-04-01,36.53079999999996,13.264579999999983,0.031,0.0,0.0
1953-05-01,33.06755500000003,8.576485000000014,0.57,0.0,0.0
1953-06-01,49.48560000000005,18.29812000000002,2.142549999999998,0.0,0.0
1953-07-01,44.470299999999924,14.772025000000017,1.2795000000000014,0.0,0.0
1953-08-01,65.17020000000007,40.75606000000004,5.051320000000006,0.7530199999999989,0.0
1953-09-01,90.99860499999998,82.82435000000011,50.48163999999993,22.58999999999999,6.3020000000000005
1953-10-01,93.37148000000006,85.69704999999995,55.57100000000004,30.297235000000015,7.626499999999996
1953-11-01,93.936,85.900315,59.868800000000064,33.740000000000045,1.870999999999998
1953-12-01,94.00940000000011,87.95430000000012,67.22332499999995,39.49184999999997,5.4340000000000055
1954-01-01,48.77373500000003,31.652425000000004,22.659329999999997,15.359175000000002,0.7620649999999999
1954-02-01,36.64432500000004,15.417800000000017,0.812,0.5309999999999999,0.13140000000000002
1954-03-01,14.115300000000008,7.242134999999986,1.7975,0.41100000000000003,0.24328
1954-04-01,14.593510000000013,2.2808000000000046,0.6620000000000001,1.8310000000000004,1.55628
1954-05-01,15.420634999999987,3.8405000000000014,0.3629999999999999,0.635,0.597
1954-06-01,15.86588500000001,2.7862999999999993,0.6459999999999999,1.9210000000000003,0.6839999999999999
1954-07-01,8.69519,1.12748,0.0,0.0,0.0
1954-08-01,3.1300000000000052,1.08275,0.0,0.0,0.0
1954-09-01,4.656655,0.6116250000000001,0.0,0.0,0.0
1954-10-01,13.875185000000009,3.0159999999999996,0.002,0.0,0.0
1954-11-01,7.318115000000001,1.8930499999999995,0.005,0.0,0.0
1954-12-01,33.51294000000003,19.93800000000002,8.79266000000001,2.206999999999997,0.0
1955-01-01,9.09999999999999,2.93291,1.7488350000000004,0.8046599999999999,0.0
1955-02-01,8.451540000000001,3.756999999999993,1.037,0.4340000000000001,0.0
1955-03-01,33.69533500000003,8.773999999999994,0.44799999999999995,0.08100000000000002,0.0
1955-04-01,75.0312,44.30410000000002,2.5460499999999997,0.142,0.0
1955-05-01,77.48726000000005,32.050570000000015,8.013195,0.38992000000000004,0.0
1955-06-01,71.56978,30.950334999999978,1.16075,0.39287500000000003,0.0
1955-07-01,32.738209999999974,13.461790000000015,0.9133199999999999,0.0,0.0
1955-08-01,13.854639999999996,6.237300000000002,0.043525,0.0,0.0
1955-09-01,17.95363500000002,10.799849999999992,0.35605000000000003,0.0,0.0
1955-10-01,25.87567499999999,20.65699999999998,8.380000000000006,5.197824999999997,0.6367000000000007
1955-11-01,34.74319999999999,20.57899999999998,8.42115,3.8413000000000044,0.37799999999999995
1955-12-01,28.368149999999996,16.957849999999986,4.902699999999995,1.7046000000000021,0.14299999999999996
1956-01-01,10.504199999999985,5.8319999999999945,1.835,0.4359999999999999,0.0407
1956-02-01,19.73969499999998,12.14495,1.899999999999998,1.1159999999999999,0.06899999999999999
1956-03-01,35.92599999999996,19.025000000000016,8.971120000000008,2.718,0.044000000000000004
1956-04-01,64.177025,31.917999999999946,5.285049999999999,1.6109,0.037000000000000005
1956-05-01,90.96282000000002,78.352425,57.00599999999993,44.89999999999996,39.70600000000005
1956-06-01,91.70875000000004,81.37295000000009,65.02082499999993,55.95606000000007,45.51399999999999
1956-07-01,80.08504999999992,61.94217500000006,42.74837500000005,36.23819999999994,24.795999999999957
1956-08-01,78.5729999999999,63.902000000000065,39.293000000000035,35.030500000000046,24.75195
1956-09-01,71.78595,56.887000000000036,35.61053500000004,32.7063,23.228
1956-10-01,83.0081000000001,73.45215000000002,41.26300000000003,30.912020000000005,23.747000000000007
1956-11-01,84.62558000000007,73.47632499999992,41.43656499999995,30.75380000000004,27.304000000000038
1956-12-01,81.43206,68.05568000000007,37.700599999999966,30.31814999999998,22.701900000000023
1957-01-01,55.28980000000007,41.46997500000005,14.140454999999996,4.276999999999995,4.05425
1957-02-01,61.39700000000003,45.47415,14.782225000000015,5.628999999999995,0.48399999999999993
1957-03-01,84.37400000000011,56.216900000000024,24.171,11.157999999999989,1.3639999999999999
1957-04-01,92.4006499999999,71.98230000000008,35.06812500000004,17.015820000000016,5.1230000000000055
1957-05-01,94.69999999999999,79.8544950000001,28.698600000000003,13.455999999999985,1.8395
1957-06-01,87.37628500000002,54.30921999999999,16.856199999999987,7.157419999999998,1.3579999999999997
1957-07-01,76.89071999999999,55.48375000000003,14.85294999999999,3.9133000000000044,0.5577
1957-08-01,58.34399999999992,34.15126,7.8675999999999995,1.9108249999999978,0.42100000000000004
1957-09-01,43.535800000000044,18.251375000000028,3.681749999999998,1.2252049999999999,1.087
1957-10-01,22.62199999999998,10.796100000000006,0.9139999999999999,0.53,0.325
1957-11-01,17.04001999999998,8.241000000000003,0.478,0.6200000000000001,0.0
1957-12-01,5.305200000000005,1.6609999999999996,0.0,0.20199999999999999,0.0
1958-01-01,12.004300000000015,1.327,0.386,0.17300000000000001,0.0
1958-02-01,7.796599999999997,2.3004500000000023,0.195,0.02500000000000001,0.0
1958-03-01,1.19378,1.0485000000000002,0.004300000000000001,0.0,0.0
1958-04-01,0.06417999999999999,0.11800000000000001,0.0,0.0,0.0
1958-05-01,0.011000000000000001,0.070625,0.0,0.0,0.0
1958-06-01,0.45435000000000003,0.042,0.0,0.0,0.0
1958-07-01,1.698889999999997,0.16004000000000002,0.0,0.0,0.0
1958-08-01,3.311060000000005,0.523,0.0,0.0,0.0
1958-09-01,0.8039999999999986,0.38599999999999995,0.0,0.0,0.0
1958-10-01,0.8219999999999997,0.34,0.0,0.0,0.0
1958-11-01,0.7520000000000011,0.7760000000000002,0.0,0.0,0.0
1958-12-01,5.067775000000006,1.2670000000000001,0.0,0.0,0.0
1959-01-01,33.050109999999975,16.175149999999984,5.674000000000004,0.8520199999999999,0.0
1959-02-01,24.373375000000006,11.180909999999985,3.533600000000003,0.8809499999999996,0.0010000000000000002
1959-03-01,52.825375000000015,28.261999999999965,8.771999999999993,3.2480999999999995,0.14999999999999988
1959-04-01,56.821999999999946,33.89266,10.93230999999999,4.280200000000005,0.04800000000000001
1959-05-01,71.5800199999999,46.894950000000044,13.976099999999999,7.104000000000009,0.8220000000000006
1959-06-01,94.18706000000007,77.95967500000008,22.477725000000024,11.841600000000001,0.9369999999999986
1959-07-01,96.34300000000009,84.64097500000007,41.82326000000003,19.523000000000014,1.0548199999999988
1959-08-01,94.61177499999991,85.37240000000008,34.79917499999996,8.507500000000007,0.22030000000000008
1959-09-01,75.26328000000008,51.703720000000004,15.622029999999988,5.85676,0.15142500000000003
1959-10-01,54.18915000000003,21.028960000000012,4.041774999999999,1.095,0.156
1959-11-01,48.65690000000001,31.095100000000023,10.921700000000014,7.937999999999993,5.306000000000006
1959-12-01,19.38718499999998,11.581339999999997,3.808234999999999,2.9099999999999993,1.0407249999999997
1960-01-01,7.800000000000008,2.131900000000002,0.162,0.11800000000000001,0.6198
1960-02-01,6.274659999999994,1.7619999999999998,0.47700000000000004,0.128,0.37300000000000005
1960-03-01,15.374215000000019,6.481040000000008,1.6130000000000002,1.508,0.405
1960-04-01,19.87835999999999,11.9839,5.0743599999999995,5.3870000000000005,1.4990000000000003
1960-05-01,33.494570000000024,14.185899999999997,4.7677,6.073200000000001,2.5517000000000003
1960-06-01,40.80457999999996,14.17300000000001,0.34600000000000003,0.0,0.0
1960-07-01,35.70204000000002,10.841435000000015,0.30699999999999994,0.0,0.0
1960-08-01,43.77554,13.647790000000008,0.32515,0.0,0.0
1960-09-01,45.577639999999995,12.429400000000003,0.344,0.0,0.0
1960-10-01,49.750199999999985,25.372,3.290750000000001,0.495,0.0
1960-11-01,25.78789999999999,14.940580000000018,2.0775499999999996,0.0,0.0
1960-12-01,31.723000000000038,10.66164,1.2179999999999993,0.0,0.0
1961-01-01,42.14376000000006,16.668349999999986,1.1622999999999988,0.0,0.0
1961-02-01,68.2548150000001,43.559720000000056,15.092050000000015,4.248375,0.0
1961-03-01,77.51947000000007,53.99055000000007,24.50218000000003,9.742599999999985,0.0087
1961-04-01,81.90256000000008,58.682259999999935,28.285905000000003,19.50451999999998,1.3909999999999993
1961-05-01,72.71435500000001,54.156024999999936,31.689875000000008,23.436000000000003,6.060299999999995
1961-06-01,79.42999999999995,65.34499999999998,38.70715000000005,33.319624999999974,10.571999999999992
1961-07-01,92.91040000000007,80.06400000000008,45.080425,36.862800000000036,21.709000000000024
1961-08-01,90.99400000000003,80.59704999999997,51.558674999999994,38.18824000000004,18.58344000000002
1961-09-01,82.37199999999991,75.90695000000001,46.97528000000001,26.839879999999983,10.12011500000001
1961-10-01,84.38510000000002,73.11802500000007,48.74123,21.64359999999999,6.758799999999992
1961-11-01,73.55937499999999,50.953050000000005,22.003820000000022,3.770999999999999,0.813
1961-12-01,41.75999999999995,26.13427500000002,7.7614750000000035,2.019000000000001,0.055999999999999994
1962-01-01,39.817999999999955,30.78300000000003,11.606999999999998,4.558000000000004,0.008
1962-02-01,32.60512499999996,24.844,3.8500000000000023,1.7777199999999993,0.36840000000000006
1962-03-01,50.24849500000004,35.36799999999996,5.692,0.32800000000000007,0.0
1962-04-01,50.790000000000006,35.895554999999966,8.74599999999999,0.274,0.102
1962-05-01,62.54200000000001,52.51035999999999,20.830249999999996,6.921000000000001,0.61
1962-06-01,69.76499999999992,59.985300000000024,20.348660000000002,10.28470000000001,0.29800000000000004
1962-07-01,67.26359999999991,56.36229999999997,17.923934999999982,8.136259999999995,0.17540000000000003
1962-08-01,70.87700000000004,61.37799999999996,29.984084999999972,9.771804999999988,0.17869999999999997
1962-09-01,73.76160000000006,61.98394999999998,33.18528999999998,16.412125000000014,4.328199999999996
1962-10-01,69.84858000000008,53.059,23.151825000000002,13.704539999999982,4.893525000000004
1962-11-01,86.22499999999992,79.92999999999992,65.63999999999993,47.1827,29.43500000000003
1962-12-01,94.72999999999998,88.38967499999995,68.52838999999993,52.53724000000005,31.151000000000018
1963-01-01,97.79100000000003,88.46827499999998,64.58147499999998,52.85198500000001,30.111724999999975
1963-02-01,92.00813999999997,81.27057499999998,54.04606000000003,34.79440000000004,11.965599999999986
1963-03-01,95.638725,84.60535999999988,54.80620999999994,35.80956500000004,4.047200000000005
1963-04-01,97.74799999999988,88.9529949999999,55.520175000000066,21.41299999999999,2.8315249999999996
1963-05-01,95.72623999999998,86.76009499999996,49.81101000000006,21.088320000000017,6.761100000000006
1963-06-01,93.70297999999997,82.368185,36.91647499999996,12.263299999999985,3.009800000000001
1963-07-01,96.43239999999989,87.48793500000012,58.626999999999924,30.278959999999973,13.092799999999993
1963-08-01,96.44136499999988,85.34930000000004,24.88159500000002,9.321810000000008,2.2440800000000003
1963-09-01,34.66895999999999,27.94880999999999,4.022325,1.4035000000000002,0.681
1963-10-01,7.281400000000001,3.1286,0.653,0.73566,0.53436
1963-11-01,3.01985,1.8847,0.0,2.402685000000001,0.07712000000000001
1963-12-01,5.847320000000001,5.376,2.9430000000000005,2.6877500000000007,0.58112
1964-01-01,7.004780000000002,5.610999999999999,3.7710000000000004,0.977,0.205
1964-02-01,22.23929499999997,3.6919999999999997,0.56066,0.02800000000000001,0.0
1964-03-01,23.642765,7.230150000000006,0.0,0.0,0.0
1964-04-01,20.789020000000033,5.575820000000006,0.1255,0.0,0.0
1964-05-01,19.67358000000002,4.691060000000004,0.0010000000000000002,0.0,0.0
1964-06-01,64.84219500000007,40.81620000000004,10.460999999999991,6.193374999999992,0.0
1964-07-01,95.54511999999988,89.4834,52.95107499999994,25.76339999999997,0.005699999999999999
1964-08-01,98.66,94.44711,80.925075,60.20830999999994,18.76599999999998
1964-09-01,96.90800000000002,91.01977999999988,74.9122449999999,46.413904999999986,10.951849999999986
1964-10-01,95.25982500000015,84.43181000000013,69.228125,35.395405000000046,4.964479999999993
1964-11-01,71.66804000000006,49.277519999999996,26.59728500000004,12.896769999999995,1.6952800000000001
1964-12-01,69.01074999999996,38.02424999999996,4.737999999999996,2.863000000000001,1.2172799999999997
1965-01-01,86.6011500000001,69.48522000000006,24.21992000000003,5.464000000000001,0.56
1965-02-01,97.8577049999999,86.39507500000005,52.221530000000065,21.00149999999998,0.326725
1965-03-01,96.10670000000007,80.7580699999999,27.852404999999994,4.059439999999998,0.35094000000000003
1965-04-01,50.79675999999999,15.58636500000001,4.145025,0.345,0.026000000000000002
1965-05-01,47.37599999999998,11.090120000000018,1.537,0.09,0.027000000000000003
1965-06-01,29.532500000000038,6.529999999999996,1.025,0.0,0.04300000000000001
1965-07-01,12.319510000000005,7.130450000000001,0.618,0.34696,0.062
1965-08-01,29.537079999999968,8.304450000000003,1.57266,1.5660000000000003,0.10400000000000001
1965-09-01,30.723515000000038,13.726629999999998,1.62,0.39202,0.805
1965-10-01,14.600620000000006,3.227799999999996,0.15055,0.037000000000000005,1.3030000000000002
1965-11-01,2.7006500000000004,0.86807,0.0,0.0,0.0
1965-12-01,0.22665999999999997,0.12999999999999998,0.0,0.0,0.0
1966-01-01,0.8587799999999999,0.168,0.001,0.0,0.0
1966-02-01,0.081,0.37,0.0010000000000000002,0.0,0.0
1966-03-01,0.026000000000000002,0.045,0.0,0.0,0.0
1966-04-01,0.14600000000000002,0.016,0.0,0.0,0.0
1966-05-01,0.35135,0.0,0.0,0.0,0.0
1966-06-01,0.729775,0.011000000000000001,0.0,0.0,0.0
1966-07-01,0.625,0.027999999999999997,0.0,0.0,0.0
1966-08-01,14.680295000000015,4.529624999999995,0.0,0.0,0.0
1966-09-01,74.79383999999993,56.899800000000035,31.874000000000002,13.596899999999984,0.2849999999999996
1966-10-01,82.66680000000004,70.44571999999992,35.42423500000004,15.9244,4.342820000000005
1966-11-01,67.54165000000008,48.915140000000065,22.895599999999995,4.903800000000004,0.44071999999999995
1966-12-01,24.542149999999978,11.44027500000001,4.815575000000001,0.8170000000000001,0.055999999999999994
1967-01-01,17.963350000000013,6.8730000000000055,0.009000000000000001,0.126,0.0
1967-02-01,40.07470000000004,17.537799999999976,0.7079999999999999,0.708,0.016
1967-03-01,62.472799999999914,35.526285000000044,4.832500000000007,0.067,0.0
1967-04-01,61.43804499999991,37.70360000000003,3.8132499999999965,0.36450000000000005,0.08800000000000001
1967-05-01,57.98648499999999,27.268069999999998,3.60864,0.05399999999999999,0.0
1967-06-01,49.88000000000001,20.283399999999972,0.7967,0.0,0.0
1967-07-01,42.35083999999996,17.34649999999998,0.4584999999999993,0.0,0.0
1967-08-01,19.20121999999998,11.652580000000006,0.3734999999999998,0.0,0.0
1967-09-01,13.360100000000005,8.671600000000012,0.073,0.0,0.0
1967-10-01,16.735919999999986,8.69048,0.06682500000000001,0.0,0.0
1967-11-01,3.8364150000000063,0.9830000000000002,1.274,0.0,0.0
1967-12-01,1.8883200000000004,0.355,0.039575,0.0,0.0
1968-01-01,1.24272,0.379,0.028575,0.0,0.0
1968-02-01,0.982999999999999,0.006999999999999998,0.0,0.0,0.0
1968-03-01,6.11967500000001,0.264,0.0,0.0,0.0
1968-04-01,1.5689999999999977,0.198,0.0,0.0,0.0
1968-05-01,10.147445,0.005,0.0,0.0,0.0
1968-06-01,21.883559999999974,0.3914000000000005,0.0,0.0,0.0
1968-07-01,6.875210000000007,0.952925,0.0,0.0,0.0
1968-08-01,15.208075,4.458999999999996,0.0,0.0,0.0
1968-09-01,55.06277500000006,18.559350000000016,1.7527600000000003,0.0,0.0
1968-10-01,32.512605000000036,8.726130000000001,0.7603,0.0,0.0
1968-11-01,20.30377999999997,4.113619999999995,0.025999999999999995,0.0,0.0
1968-12-01,38.74940000000005,10.849090000000013,0.44199999999999945,0.0,0.0
1969-01-01,8.327700000000009,3.777119999999999,0.65166,0.0,0.0
1969-02-01,3.388660000000005,0.9890000000000001,0.0395,0.0,0.0
1969-03-01,5.656000000000001,0.7109999999999994,0.059574999999999996,0.0,0.0
1969-04-01,15.596995000000014,7.414000000000004,2.812000000000003,0.7040200000000002,0.0
1969-05-01,13.506954999999987,7.294399999999995,1.1125999999999998,0.4323,0.008
1969-06-01,10.706644999999988,5.024000000000006,0.581,0.1284,0.0
1969-07-01,7.233724999999996,3.618850000000001,0.752,0.14800000000000002,0.0
1969-08-01,8.132820000000008,4.708999999999996,0.37300000000000005,0.053,0.0
1969-09-01,6.654179999999999,2.1302999999999996,0.21299999999999997,0.003,0.0
1969-10-01,2.535325,1.8204000000000005,0.8137000000000001,0.10799999999999998,0.0
1969-11-01,3.421000000000002,0.4820000000000003,0.0,0.0,0.0
1969-12-01,26.30800000000001,4.449129999999994,0.0,0.0,0.0
1970-01-01,53.155255000000025,25.855740000000015,0.22435000000000024,0.0,0.0
1970-02-01,67.22991999999994,43.04341000000003,7.093125000000004,0.2390000000000003,0.0
1970-03-01,69.19714999999998,32.25875499999997,2.979080000000002,0.14400000000000002,0.0
1970-04-01,79.40623999999993,48.96550000000001,5.321759999999997,0.5324200000000006,0.0
1970-05-01,79.0540699999999,55.16020000000007,7.79469000000001,0.4716650000000009,0.0
1970-06-01,88.23547999999994,65.57026000000002,12.759840000000015,2.035320000000002,0.0
1970-07-01,79.84250999999992,56.10959500000006,6.799350000000007,0.918275,0.0
1970-08-01,61.52848500000004,43.952699999999986,6.5524900000000015,0.11699999999999999,0.0
1970-09-01,53.265000000000015,28.030520000000003,4.786275,0.260525,0.0
1970-10-01,37.15339999999995,14.81986000000002,1.8965,0.183475,0.0
1970-11-01,16.99167500000001,5.428900000000008,1.00605,0.14300000000000002,0.0
1970-12-01,24.0093,8.740489999999989,0.052000000000000005,0.381,0.0
1971-01-01,44.17844000000004,28.445699999999977,3.7229999999999954,0.06899999999999991,0.0
1971-02-01,58.9644,42.56451,14.441199999999986,3.112500000000004,0.0
1971-03-01,73.55974000000008,54.54423500000003,28.96080000000004,11.569600000000001,0.21000000000000024
1971-04-01,89.77995000000003,69.54517499999992,34.41527500000001,20.40999999999998,7.328240000000001
1971-05-01,93.82003500000013,71.60353500000001,43.28050000000007,20.83172000000002,1.2617999999999983
1971-06-01,94.24028000000013,77.80527500000008,42.67485499999999,21.951839999999983,1.2954999999999999
1971-07-01,86.05152000000007,69.23810000000007,39.52406000000002,22.38613999999999,4.518999999999997
1971-08-01,78.12035499999998,62.36865000000002,30.421839999999985,5.6934000000000005,0.7848900000000001
1971-09-01,84.49625000000007,71.52672500000008,43.99238000000001,25.056900000000027,3.3673249999999957
1971-10-01,77.7925499999999,66.39584999999992,30.742990000000034,14.941260000000016,1.6396000000000002
1971-11-01,73.425775,61.27162999999993,22.912375000000008,10.2456,3.431999999999997
1971-12-01,29.86806000000003,15.006979999999981,6.953160000000001,2.90298,0.35824000000000006
1972-01-01,43.00408499999997,15.508999999999999,1.5300000000000005,1.7180000000000002,0.21899999999999997
1972-02-01,67.87873999999992,48.03657499999999,17.70599999999998,5.987,1.5319999999999985
1972-03-01,90.51930000000011,79.53586000000008,44.29635000000001,21.676324999999988,4.318120000000005
1972-04-01,91.04746000000003,78.11286499999994,48.88475000000001,21.650500000000015,2.8143000000000007
1972-05-01,97.1472,90.02246500000012,79.49702500000001,57.30210000000005,25.95
1972-06-01,95.52600000000002,93.2556199999999,72.39849000000008,45.40946500000002,18.857764999999976
1972-07-01,97.71265000000001,93.68831499999999,80.73183999999993,71.730095,36.77560000000005
1972-08-01,97.0438299999999,93.03617499999999,64.52934999999998,47.64054999999998,28.194645
1972-09-01,98.12479999999998,95.0317499999999,82.20270000000009,69.42550000000007,46.88979999999999
1972-10-01,89.01324999999997,76.96955999999996,55.28060999999998,34.939599999999956,20.15676500000001
1972-11-01,46.001809999999956,23.808355000000027,17.533,9.550935000000003,3.899600000000002
1972-12-01,17.68191999999999,11.755399999999998,1.2619999999999998,0.6457250000000001,1.02
1973-01-01,17.551150000000018,8.288500000000004,0.4960000000000008,0.23199999999999998,0.24599999999999997
1973-02-01,9.720575000000009,6.006799999999999,1.6670000000000003,0.6579999999999999,2.282
1973-03-01,8.038450000000008,8.22300000000001,3.954,5.485000000000001,3.533
1973-04-01,5.816300000000009,9.622,5.016000000000001,5.719000000000001,2.5794000000000006
1973-05-01,2.466875,0.075,0.004300000000000001,0.0,0.0
1973-06-01,0.25235,0.004,0.002575,0.0,0.0
1973-07-01,4.9651499999999995,1.0707750000000003,0.016325000000000006,0.0,0.0
1973-08-01,10.088400000000014,4.686519999999999,0.0,0.0,0.0
1973-09-01,11.042409999999986,5.5175000000000045,0.0463,0.0,0.0
1973-10-01,9.148884999999991,5.258480000000005,0.10799999999999997,0.0,0.0
1973-11-01,20.57647500000002,5.794630000000001,0.005,0.0,0.0
1973-12-01,76.58809500000005,61.956900000000005,41.3047,32.50300000000001,15.24499999999999
1974-01-01,44.42585000000005,24.22432999999999,7.090010000000001,9.460525000000002,4.6735000000000015
1974-02-01,58.23827499999993,39.80819499999997,4.380999999999997,4.044,2.045
1974-03-01,50.123825,23.320920000000005,6.261000000000008,1.1759999999999997,0.621
1974-04-01,56.856059999999985,24.312780000000025,2.461,1.4529999999999998,0.0
1974-05-01,44.22200000000005,11.892820000000015,1.3947000000000003,1.69,0.0
1974-06-01,34.70199999999996,14.393650000000012,2.339,2.5927249999999997,1.8539999999999999
1974-07-01,20.475215,3.6534999999999997,0.23099999999999998,0.0,0.0
1974-08-01,16.15798999999998,2.6398999999999972,0.39899999999999997,0.0,0.0
1974-09-01,13.537714999999999,6.526920000000001,0.21252499999999994,0.0,0.0
1974-10-01,30.97302500000002,12.841999999999999,1.0455750000000001,0.42000000000000043,0.0
1974-11-01,34.11847999999994,12.571570000000001,2.7181000000000046,0.5290200000000002,0.009000000000000001
1974-12-01,22.865949999999994,5.675,0.711,0.3480000000000002,0.0
1975-01-01,48.23973999999994,26.007680000000008,2.1400999999999977,0.17999999999999997,0.0
1975-02-01,61.64490000000005,42.07243500000004,8.267000000000001,1.739999999999998,0.0
1975-03-01,67.62794999999991,36.176484999999964,6.584245000000003,0.8304999999999997,0.0
1975-04-01,61.17814999999994,28.589099999999966,3.0110000000000015,0.37560000000000004,0.0
1975-05-01,64.78644999999993,24.1261,2.2820000000000022,0.2049999999999997,0.0
1975-06-01,60.570049999999995,20.010160000000013,3.5563,0.40224999999999994,0.0
1975-07-01,78.57749999999993,61.00047000000006,10.568600000000009,1.2608749999999984,0.0
1975-08-01,91.34670000000004,83.24166499999993,19.134560000000025,3.0150499999999996,0.0
1975-09-01,89.2269099999999,71.498385,16.121805,4.6135699999999975,0.0
1975-10-01,75.95254000000006,52.45529999999999,11.910820000000008,2.847499999999999,0.1097
1975-11-01,69.27185,50.02661999999997,10.448594999999994,2.7087250000000025,0.10400000000000001
1975-12-01,87.06827999999996,72.63929999999992,24.945704999999997,7.931174999999992,0.15600000000000003
1976-01-01,96.57809999999992,91.10619999999996,74.26740000000007,63.37844499999997,49.72599999999995
1976-02-01,63.187004999999935,51.81289999999999,35.277009999999976,15.827780000000024,11.175600000000001
1976-03-01,68.67590000000007,37.57595999999997,8.437049999999992,3.1250000000000018,0.825
1976-04-01,57.643509999999964,37.50767499999996,17.349099999999986,2.964000000000001,1.181
1976-05-01,42.048,28.59543500000002,2.255000000000001,0.385,2.6239999999999997
1976-06-01,44.607,31.414575000000028,4.928699999999996,1.9579999999999997,10.357999999999999
1976-07-01,38.94216000000004,26.84770000000001,3.872700000000005,3.1030000000000006,8.713
1976-08-01,43.60671999999995,16.90325,3.7278500000000037,1.348975,0.0
1976-09-01,6.5215,4.4717199999999995,0.8297,0.259,0.0
1976-10-01,1.0489999999999997,1.0320000000000003,0.158,0.0,0.0
1976-11-01,0.4970000000000001,0.44,0.22857499999999997,0.0,0.0
1976-12-01,9.671540000000011,4.425,0.7871000000000001,0.0,0.0
1977-01-01,3.4096350000000033,0.43799999999999994,0.1,0.0,0.0
1977-02-01,8.16860000000001,2.49975,0.057,0.0,0.0
1977-03-01,15.628519999999982,5.574150000000003,0.006274999999999999,0.0,0.0
1977-04-01,25.608530000000034,9.868850000000014,1.4909999999999999,0.0,0.0
1977-05-01,10.072800000000012,5.5245999999999995,0.41650000000000004,0.0,0.0
1977-06-01,56.555759999999964,24.62104999999997,3.868999999999996,0.33599999999999963,0.0
1977-07-01,97.21145999999986,76.22087499999992,10.030060000000002,1.7785999999999982,0.0
1977-08-01,27.27355000000001,23.308924999999995,2.3836349999999995,1.18857,0.0
1977-09-01,6.200975000000009,2.8107500000000005,0.41200000000000003,0.040725,0.0
1977-10-01,18.602419999999984,4.763,0.3247,0.04064999999999999,0.0
1977-11-01,10.820049999999982,8.41280000000001,0.89105,0.19201999999999997,0.0
1977-12-01,3.1832000000000007,1.1478000000000002,0.155,0.098,0.0
1978-01-01,0.023,0.22399999999999998,0.36700000000000005,0.033,0.0
1978-02-01,0.0030000000000000005,0.1365,0.0,0.0,0.0
1978-03-01,0.006,0.0,0.0,0.0,0.0
1978-04-01,0.0,0.0,0.0,0.0,0.0
1978-05-01,0.0,0.149,0.0,0.0,0.0
1978-06-01,0.079175,0.0,0.0,0.0,0.0
1978-07-01,0.36356,0.0,0.0,0.0,0.0
1978-08-01,0.09243499999999999,0.0,0.0,0.0,0.0
1978-09-01,0.0,0.0,0.0,0.0,0.0
1978-10-01,0.0,0.03304000000000001,0.0,0.0,0.0
1978-11-01,0.03296,0.0,0.0,0.0,0.0
1978-12-01,3.199100000000003,0.14799999999999994,0.008,0.0,0.0
1979-01-01,2.781819999999999,0.91,0.005,0.0,0.0
1979-02-01,0.38,0.212,0.060999999999999985,0.0,0.0
1979-03-01,0.0,0.12399999999999999,0.0,0.0,0.0
1979-04-01,0.078175,0.0,0.0,0.0,0.0
1979-05-01,0.002,0.0,0.0,0.0,0.0
1979-06-01,0.078175,0.0,0.0,0.0,0.0
1979-07-01,0.37744,0.03304000000000001,0.0,0.0,0.0
1979-08-01,0.0,0.0095,0.0,0.0,0.0
1979-09-01,0.067475,0.001,0.0,0.0,0.0
1979-10-01,0.43578000000000006,0.0,0.0,0.0,0.0
1979-11-01,0.183,0.003,0.0,0.0,0.0
1979-12-01,20.105779999999978,19.403999999999982,12.251049999999987,5.539524999999993,0.1499999999999998
1980-01-01,5.457675000000003,3.416860000000001,2.2167850000000002,1.47688,0.06899999999999999
1980-02-01,1.0509999999999997,0.672,0.0385,0.0,0.09599999999999997
1980-03-01,0.0,0.051,0.0,0.0,0.011000000000000001
1980-04-01,0.0,0.0,0.0,0.0,0.002
1980-05-01,0.0,0.0,0.0,0.0,0.009000000000000001
1980-06-01,0.0,0.8320000000000001,0.436,0.223,0.018000000000000002
1980-07-01,0.465,0.006,0.0,0.0,0.0
1980-08-01,0.0,0.0,0.0,0.0,0.0
1980-09-01,0.05896,0.0,0.0,0.0,0.0
1980-10-01,0.086,0.0,0.0,0.0,0.0
1980-11-01,4.156900000000001,0.135,0.004,0.0,0.0
1980-12-01,67.31769,48.71489999999998,16.574999999999978,8.828999999999997,0.16599999999999973
1981-01-01,85.25049500000003,74.13320500000002,39.38108000000002,8.684400000000002,0.177
1981-02-01,97.75165999999996,88.83509499999997,53.905764999999974,15.205999999999978,0.6509999999999995
1981-03-01,73.4517499999999,59.454299999999996,16.337134999999982,3.5558200000000006,0.14700000000000002
1981-04-01,74.36405999999992,65.75513999999994,21.441815000000023,2.0629999999999997,0.0437
1981-05-01,53.57849500000001,37.03780000000002,11.391199999999996,0.5615249999999999,0.0407
1981-06-01,52.13800000000002,31.62125999999997,5.493750000000007,0.61448,0.06
1981-07-01,55.59000000000002,31.152609999999964,5.679800000000003,0.7929599999999999,0.057999999999999996
1981-08-01,47.11765000000004,24.87643999999998,2.6870000000000003,0.24995999999999996,0.0737
1981-09-01,17.90374999999998,7.858229999999999,0.7746999999999999,0.0,0.0
1981-10-01,11.647734999999996,1.8420500000000022,0.26899999999999996,0.191,0.0
1981-11-01,11.278824999999994,1.50148,0.7926599999999999,0.0,0.0
1981-12-01,29.86492999999996,17.067500000000017,8.802,3.053,0.0
1982-01-01,21.926,12.789699999999998,2.7516,0.9406999999999996,0.003
1982-02-01,28.457260000000023,6.121899999999993,0.172,0.086,0.0
1982-03-01,6.908824999999991,0.8699999999999999,0.245,0.013000000000000001,0.0
1982-04-01,5.97622,0.44752000000000003,0.0,0.011000000000000001,0.0
1982-05-01,3.1951,0.26089999999999997,0.0,0.002,0.0
1982-06-01,0.012,3.2290000000000005,1.9809999999999997,1.111,0.0
1982-07-01,0.36019999999999996,0.08342500000000001,0.0,0.0,0.0
1982-08-01,1.037375,0.32299999999999995,0.0,0.0,0.0
1982-09-01,0.291775,0.008,0.0,0.0,0.0
1982-10-01,1.022575,0.0,0.0,0.0,0.0
1982-11-01,0.15266,0.006999999999999999,0.0,0.0,0.0
1982-12-01,0.6433199999999999,0.024,0.0,0.0,0.0
1983-01-01,0.23778000000000002,0.006999999999999999,0.0,0.0,0.0
1983-02-01,0.0030000000000000005,0.013999999999999999,0.0,0.0,0.0
1983-03-01,0.0,0.03,0.0,0.0,0.0
1983-04-01,0.06336,0.0,0.0,0.0,0.0
1983-05-01,0.002,0.0,0.0,0.0,0.0
1983-06-01,0.078175,0.0,0.0,0.0,0.0
1983-07-01,0.0,0.0,0.0,0.0,0.0
1983-08-01,0.0,0.0,0.0,0.0,0.0
1983-09-01,0.0,0.0,0.0,0.0,0.0
1983-10-01,0.0,0.0,0.0,0.0,0.0
1983-11-01,0.14200000000000002,0.0,0.0,0.0,0.0
1983-12-01,0.07465999999999999,0.0,0.0,0.0,0.0
1984-01-01,0.48632000000000003,0.037000000000000005,0.0,0.0,0.0
1984-02-01,0.22900000000000043,0.051500000000000004,0.0,0.0,0.0
1984-03-01,3.8397799999999966,0.28399999999999964,0.0,0.0,0.0
1984-04-01,10.574329999999993,1.1094199999999983,0.0,0.0,0.0
1984-05-01,45.48579500000002,25.233320000000003,7.707059999999999,0.0,0.0
1984-06-01,85.50087500000005,65.70294500000008,17.924420000000026,0.0,0.0
1984-07-01,54.23313499999997,32.699399999999976,5.805369999999995,0.2988500000000004,0.0
1984-08-01,31.819375000000004,19.87880000000003,5.774660000000001,3.055000000000004,0.6176999999999994
1984-09-01,29.407725000000017,18.34900000000002,6.785000000000007,5.535300000000003,3.8058000000000045
1984-10-01,23.973259999999996,15.157400000000022,7.379969999999994,5.398000000000008,4.179539999999995
1984-11-01,13.130040000000015,9.945000000000018,1.3690000000000024,0.9959999999999998,0.243
1984-12-01,2.752,1.605,0.22699999999999995,0.077,0.25695999999999997
1985-01-01,0.061,0.282,0.307,0.10100000000000002,0.231
1985-02-01,0.11800000000000001,0.7430000000000001,1.0270000000000001,0.242,1.145
1985-03-01,0.013999999999999999,0.0,0.073,0.571,1.9970000000000006
1985-04-01,0.13599999999999984,0.503,0.529,0.15200000000000002,0.19700000000000004
1985-05-01,3.2973500000000024,0.15154499999999987,0.09699999999999999,0.0,0.0
1985-06-01,9.414675000000006,0.5759999999999996,0.0,0.0,0.0
1985-07-01,3.8724850000000033,1.2615700000000003,0.0,0.0,0.0
1985-08-01,3.3811100000000027,0.22509999999999994,0.0,0.0,0.0
1985-09-01,55.00846500000001,40.29899999999996,30.066999999999975,17.161999999999978,5.637999999999993
1985-10-01,83.48727999999997,76.15881499999999,49.93132500000001,30.361020000000025,10.672000000000002
1985-11-01,44.84314999999999,21.927600000000012,9.286760000000001,8.55155,2.1240000000000006
1985-12-01,34.170999999999964,14.85565000000002,1.6860000000000002,0.08800000000000001,0.009000000000000001
1986-01-01,22.333960000000012,11.576,0.023000000000000003,0.003,0.008
1986-02-01,17.465650000000025,8.73090000000001,0.6016600000000001,0.0,0.019
1986-03-01,7.988999999999987,3.4529999999999994,0.133,0.0,0.6809999999999999
1986-04-01,14.011125000000002,3.8989999999999996,0.166575,0.5719999999999998,0.43200000000000005
1986-05-01,5.196840000000002,0.2057,0.0,0.0,0.0
1986-06-01,0.489375,0.36700000000000005,0.0,0.0,0.0
1986-07-01,0.183,0.12,0.0,0.0,0.0
1986-08-01,7.776880000000001,2.3269,0.0,0.0,0.0
1986-09-01,8.932475,1.43472,0.000825,0.0,0.0
1986-10-01,4.7110449999999995,0.20800000000000002,0.0,0.0,0.0
1986-11-01,1.5003999999999977,0.065,0.0,0.0,0.0
1986-12-01,5.3635200000000065,0.8794999999999993,0.006,0.0,0.0
1987-01-01,3.1220200000000036,0.6405699999999999,0.002,0.0,0.0
1987-02-01,13.759449999999976,0.45700000000000024,0.0,0.0,0.0
1987-03-01,11.160525000000002,1.25544,0.0,0.0,0.0
1987-04-01,24.02243,3.574459999999996,0.0,0.0,0.0
1987-05-01,21.430630000000015,4.240870000000005,0.08299999999999992,0.0,0.0
1987-06-01,20.57845000000003,5.924300000000008,1.0090499999999991,0.0,0.0
1987-07-01,23.235205000000004,11.278320000000017,1.6326000000000005,0.0,0.0
1987-08-01,35.37532000000003,17.9129,2.1927000000000025,0.0,0.0
1987-09-01,44.65554000000004,17.931925,1.5187,0.0,0.0
1987-10-01,11.622900000000001,3.691300000000004,0.3455,0.0,0.0
1987-11-01,2.7734500000000004,0.8525200000000001,0.071,0.0,0.0
1987-12-01,1.4306199999999996,0.43800000000000006,0.07200000000000001,0.0,0.0
1988-01-01,0.29863999999999996,0.172,0.026000000000000002,0.0,0.0
1988-02-01,0.018,0.037000000000000005,0.092,0.0,0.0
1988-03-01,0.5120000000000005,0.156,0.07,0.0,0.0
1988-04-01,0.539,0.013000000000000001,0.0,0.0,0.0
1988-05-01,0.009,0.011699999999999999,0.0,0.0,0.0
1988-06-01,0.13117499999999999,0.008,0.0,0.0,0.0
1988-07-01,4.517735000000004,0.3950000000000004,0.0,0.0,0.0
1988-08-01,7.9108899999999895,0.883115,0.0,0.0,0.0
1988-09-01,7.244234999999992,0.782825,0.0,0.0,0.0
1988-10-01,13.46019000000001,4.374970000000006,0.15164999999999978,0.0,0.0
1988-11-01,15.636799999999988,3.53803,0.2615,0.0,0.0
1988-12-01,8.751749999999989,1.6575199999999974,0.012,0.0,0.0
1989-01-01,12.791124999999983,2.650700000000002,0.06899999999999991,0.0,0.0
1989-02-01,28.416645000000013,8.41290000000001,0.4741699999999994,0.0,0.0
1989-03-01,42.720999999999975,18.689000000000018,1.554,0.06799999999999992,0.0
1989-04-01,46.71103999999993,27.06801000000002,3.8040500000000033,0.7940000000000004,0.0
1989-05-01,82.11787499999998,72.19543499999992,20.96945,7.175960000000009,0.0
1989-06-01,98.1429999999999,79.02406999999992,25.053035000000033,12.493450000000006,0.026700000000000005
1989-07-01,99.16562499999998,76.31283000000009,21.020225,3.1489749999999996,0.0297
1989-08-01,99.62899999999996,76.26769999999993,17.132615,1.0238000000000007,0.0
1989-09-01,97.84405999999998,71.53345500000007,12.63574500000001,1.5103799999999996,0.0
1989-10-01,99.1891,84.78122499999992,61.65145999999997,44.38700000000004,34.62500000000003
1989-11-01,99.68281999999999,96.69650499999997,86.53687,70.45210499999993,58.51480000000006
1989-12-01,98.59314,96.55864499999996,90.26363500000008,85.26158499999988,62.38840000000008
1990-01-01,97.56666999999997,94.63733999999988,69.12816000000008,38.23913500000004,13.089999999999986
1990-02-01,95.87817,90.81737999999997,67.34999999999991,37.34034000000005,6.751364999999992
1990-03-01,98.8354,96.06539499999988,73.08323499999995,57.40912500000003,15.015640000000005
1990-04-01,99.44799999999998,94.80201999999997,76.72562499999998,44.89226999999998,12.837849999999985
1990-05-01,99.085,92.53203999999998,67.72463999999994,46.697079999999936,16.104284999999976
1990-06-01,94.47691499999988,88.22499500000009,54.65600000000007,38.834500000000034,9.491004999999987
1990-07-01,84.3486249999999,70.90484999999993,32.18940000000003,19.565400000000018,0.5466449999999999
1990-08-01,74.52097499999999,52.222500000000025,19.61820000000002,6.755479999999994,0.306
1990-09-01,45.69514999999995,25.83960000000004,5.524435,3.855,0.011000000000000001
1990-10-01,41.21255999999995,23.12215000000003,9.459999999999988,4.459725000000003,0.909
1990-11-01,43.914999999999964,32.77987500000003,14.355525000000007,6.929300000000008,2.193000000000003
1990-12-01,50.36247499999999,41.08186000000004,15.019669999999987,7.275220000000008,1.2421799999999998
1991-01-01,35.85083999999996,30.778,7.506800000000003,1.947000000000001,0.06199999999999999
1991-02-01,28.206689999999977,12.259820000000012,1.1669999999999998,0.2489,0.008
1991-03-01,5.29936,2.487,0.293,0.221,0.01
1991-04-01,0.023,0.33590000000000003,0.17800000000000002,0.025,0.008
1991-05-01,0.006,0.10099999999999999,0.39269999999999994,0.337,0.026000000000000002
1991-06-01,0.074625,1.008,2.80466,1.6128750000000003,0.0
1991-07-01,0.3629200000000001,1.5196499999999997,1.2313199999999997,0.413765,0.0
1991-08-01,1.50558,0.30075,0.0,0.0,0.0
1991-09-01,0.276195,0.013425,0.0,0.0,0.0
1991-10-01,0.5961000000000001,0.293275,0.0,0.0,0.0
1991-11-01,0.32073,0.075,0.0,0.0,0.0
1991-12-01,19.268059999999974,6.680999999999992,0.41200000000000053,0.0,0.0
1992-01-01,10.62751,2.5042999999999997,0.87578,0.0,0.0
1992-02-01,1.6672749999999998,0.3499999999999999,0.004,0.0,0.0
1992-03-01,0.03736,0.042,0.043,0.0,0.0
1992-04-01,0.002,0.0,0.0,0.0,0.0
1992-05-01,0.0,0.07400000000000001,0.013000000000000001,0.0,0.0
1992-06-01,0.22795,0.3444,0.07,0.0,0.0
1992-07-01,0.26073500000000005,0.0,0.0,0.0,0.0
1992-08-01,0.5307600000000001,0.13412000000000002,0.0,0.0,0.0
1992-09-01,0.15796,0.0,0.0,0.0,0.0
1992-10-01,0.05399999999999999,0.03304000000000001,0.0,0.0,0.0
1992-11-01,0.24317500000000003,0.0,0.0,0.0,0.0
1992-12-01,5.021320000000006,0.41600000000000015,0.004,0.0,0.0
1993-01-01,1.669195,0.7589999999999999,0.043,0.0,0.0
1993-02-01,0.078,0.045,0.0,0.0,0.0
1993-03-01,0.0,0.136,0.0,0.0,0.0
1993-04-01,0.078175,0.004,0.0,0.0,0.0
1993-05-01,0.0,0.018000000000000002,0.0,0.0,0.0
1993-06-01,0.0,0.0,0.0,0.0,0.0
1993-07-01,0.31000000000000005,0.1,0.21100000000000002,0.0,0.0
1993-08-01,0.1418,0.0,0.0,0.0,0.0
1993-09-01,0.348475,0.045,0.000275,0.0,0.0
1993-10-01,2.5300000000000025,0.0,0.0,0.0,0.0
1993-11-01,65.78492500000007,51.385999999999974,37.338999999999956,27.184000000000015,13.902000000000005
1993-12-01,95.44457999999987,84.7171650000001,60.67312499999996,35.26299999999996,12.860999999999983
1994-01-01,99.36999999999998,92.270565,68.729925,48.74309999999994,14.017000000000005
1994-02-01,94.39264999999999,83.94337499999989,44.63382000000001,25.97353999999998,3.985805000000003
1994-03-01,88.69537499999991,71.78516999999994,35.21649999999999,13.293939999999997,2.512125
1994-04-01,89.30643499999991,54.91984,22.253719999999976,8.109140000000009,0.031
1994-05-01,78.76265500000001,57.03148500000002,19.424799999999983,6.4600000000000035,0.251
1994-06-01,70.6495,49.664300000000075,14.7627,2.1697249999999966,0.725
1994-07-01,72.60340000000008,56.586000000000006,19.49409999999998,3.677459999999998,1.0379999999999998
1994-08-01,72.00170000000001,58.84200000000007,26.239049999999988,3.782450000000003,0.08900000000000001
1994-09-01,69.06962499999992,54.19726000000001,17.443409999999982,2.0707250000000004,0.16299999999999998
1994-10-01,61.95882500000002,44.11823499999998,6.50915000000001,0.668125,0.0
1994-11-01,56.75540000000001,41.84929999999999,13.752375000000015,5.821375000000006,1.184999999999999
1994-12-01,33.00897500000003,20.027475000000003,7.181449999999993,4.185500000000001,0.081
1995-01-01,5.161224999999999,1.8619999999999999,0.524,0.128,0.057999999999999996
1995-02-01,0.006,0.134,0.0,0.0,0.0
1995-03-01,0.006,0.401,0.009000000000000001,0.09700000000000002,0.0
1995-04-01,0.0,0.0209,0.614,0.0,0.023
1995-05-01,0.006,1.315,1.403,0.27899999999999997,0.0
1995-06-01,0.013999999999999999,0.17300000000000001,0.16204999999999997,0.0,0.0
1995-07-01,0.14981,0.0,0.0,0.0,0.0
1995-08-01,0.45051,0.05899999999999998,0.0,0.0,0.0
1995-09-01,0.066475,0.0,0.0,0.0,0.0
1995-10-01,29.73359999999999,18.79451999999998,6.375699999999999,0.9479999999999982,0.20099999999999998
1995-11-01,64.997555,46.163700000000006,19.857660000000013,11.285449999999985,1.7549999999999988
1995-12-01,94.90456,92.23615000000001,69.72053499999991,37.48164499999996,19.654120000000024
1996-01-01,98.96334000000012,98.25489999999999,82.25654499999993,66.99703000000007,31.90739999999996
1996-02-01,81.759075,74.03548999999994,63.912145000000045,41.63561,18.529599999999977
1996-03-01,79.82908500000009,65.36346499999993,60.09505000000006,47.08968499999998,20.769924999999997
1996-04-01,92.02970000000003,75.48784999999992,59.807399999999944,37.67522499999996,18.93982499999998
1996-05-01,95.33680500000013,81.900355,51.14564000000003,26.315600000000032,10.71759999999999
1996-06-01,94.28666499999989,79.522885,48.96542000000004,25.852000000000004,6.661600000000009
1996-07-01,92.55834000000003,71.74685000000005,44.489225000000026,18.894099999999984,4.0564
1996-08-01,85.48991500000005,68.96750499999992,36.79327999999996,19.105900000000023,5.310600000000003
1996-09-01,82.87327999999997,68.28370499999997,23.481495000000017,9.765759999999988,2.826725
1996-10-01,72.54981000000002,42.370000000000026,12.174775000000013,6.363499999999993,0.645
1996-11-01,62.64828499999998,29.837615000000017,4.090999999999999,3.4170000000000003,0.32
1996-12-01,57.09215999999994,24.406885,2.735000000000001,0.6749999999999993,0.24100000000000002
1997-01-01,32.13736999999999,8.4032,0.7,0.3185,0.14512
1997-02-01,58.769239999999925,24.495050000000006,0.47100000000000003,0.8159999999999998,0.27212
1997-03-01,85.65988999999998,51.86583000000002,4.548119999999995,0.669,0.0
1997-04-01,92.90740999999998,71.33602499999992,8.905760000000013,0.44868999999999964,0.0
1997-05-01,87.49017499999995,56.48395500000005,6.8240700000000025,0.7002000000000002,0.0
1997-06-01,84.74115999999995,41.970520000000015,5.88976,0.9375000000000009,0.0
1997-07-01,75.01481000000007,31.5284,5.110500000000005,1.105200000000001,0.0
1997-08-01,84.76992500000011,65.06029999999996,27.873719999999967,5.487374999999999,0.5626999999999993
1997-09-01,37.431999999999974,20.682789999999986,11.668305,1.3373999999999997,0.1267
1997-10-01,32.723799999999954,17.886279999999978,6.115875,4.699899999999995,2.3717000000000024
1997-11-01,17.526125000000025,11.482460000000012,2.3850500000000023,1.5450000000000004,0.297
1997-12-01,3.5642199999999997,1.5976000000000006,1.1665349999999999,0.3600000000000001,0.161
1998-01-01,0.5756600000000001,0.24100000000000005,0.0,0.08800000000000001,0.0
1998-02-01,1.65666,0.3450000000000001,0.0005,0.0,0.26812
1998-03-01,0.006,0.0,0.073,0.011000000000000001,0.0
1998-04-01,0.013999999999999999,0.0,0.073,0.0,0.01
1998-05-01,0.0,0.07400000000000001,0.013999999999999999,0.0,0.0
1998-06-01,0.0,0.0,0.0,0.0,0.0
1998-07-01,0.12385,0.040999999999999995,0.0,0.0,0.0
1998-08-01,0.47312,0.08199999999999999,0.0,0.0,0.0
1998-09-01,0.03096,0.01,0.0,0.0,0.0
1998-10-01,0.252475,0.006,0.0,0.0,0.0
1998-11-01,0.37300000000000005,0.03,0.0,0.0,0.0
1998-12-01,8.218654999999998,4.619000000000005,0.44000000000000056,0.0,0.0
1999-01-01,28.013995000000023,13.816025000000003,5.477299999999996,1.0110399999999986,0.0
1999-02-01,63.76829500000007,44.770870000000016,11.532124999999997,4.1645500000000055,0.06899999999999991
1999-03-01,85.21940000000004,68.25761000000004,28.114715,11.132575,2.5810000000000026
1999-04-01,65.17996,41.31262500000005,10.986324999999988,3.8043599999999973,0.6618199999999999
1999-05-01,71.17631000000003,48.41762000000005,12.727769999999998,5.287775,0.5426999999999996
1999-06-01,89.28370999999991,71.31167499999994,22.07647499999998,7.607399999999993,2.4720000000000026
1999-07-01,65.13057999999994,39.61752499999996,13.506305,4.44718,0.45359999999999984
1999-08-01,50.787,24.152400000000036,7.48674999999999,3.0570000000000026,0.41869999999999996
1999-09-01,29.960000000000026,13.88536,2.4908000000000006,1.9255999999999998,0.524
1999-10-01,22.01511500000001,10.40250000000001,0.8849999999999999,2.5260000000000007,0.21900000000000003
1999-11-01,16.672224999999987,10.33490000000001,0.916,1.1730000000000003,0.12199999999999997
1999-12-01,23.709925000000002,12.160550000000002,2.4417500000000003,2.1580000000000004,0.43399999999999994
2000-01-01,60.82919999999996,6.0984500000000015,1.35605,0.32102,0.0
2000-02-01,67.06099999999998,4.90152,0.6361000000000001,0.19142000000000003,0.0
2000-03-01,27.854919999999957,2.1468100000000003,0.0481,0.0,0.0
2000-04-01,7.619884999999999,0.77081,0.0,0.0,0.0
2000-05-01,0.08047499999999999,0.22954999999999998,0.0,0.0,0.0
2000-06-01,0.338335,0.11746500000000001,0.0,0.0,0.0
2000-07-01,6.1191650000000015,0.275505,0.004,0.0,0.0
2000-08-01,48.96913999999998,2.464345000000001,0.0,0.0,0.0
2000-09-01,47.63836999999998,1.5363499999999999,0.0,0.0,0.0
2000-10-01,41.97345500000002,0.62987,0.0,0.0,0.0
2000-11-01,18.555615,1.6310799999999999,0.0,0.0,0.0
2000-12-01,2.9825299999999997,0.236435,0.0,0.0,0.0
2001-01-01,5.568160000000003,0.029999999999999995,0.0,0.0,0.0
2001-02-01,2.715515,0.2575,0.024,0.0,0.0
2001-03-01,0.04208,0.0,0.0,0.0,0.0
2001-04-01,0.05396000000000001,0.0,0.0,0.0,0.0
2001-05-01,0.20213500000000004,0.006,0.0,0.0,0.0
2001-06-01,5.93508,2.325,0.078,0.0,0.0
2001-07-01,1.9091950000000018,0.03304000000000001,0.0,0.0,0.0
2001-08-01,5.234889999999999,0.109,0.0,0.0,0.0
2001-09-01,2.4559350000000015,0.0,0.0,0.0,0.0
2001-10-01,8.421900000000008,0.113,0.00055,0.0,0.0
2001-11-01,6.698719999999994,0.0475,0.0,0.0,0.0
2001-12-01,4.59649,0.5485,0.11599999999999999,0.0,0.0
2002-01-01,5.381130000000009,1.014,0.006,0.0,0.0
2002-02-01,52.452600000000004,0.25804,0.0,0.0,0.0
2002-03-01,92.00428500000002,49.73358999999995,1.9101500000000002,0.0,0.0
2002-04-01,99.90948,95.70635999999996,64.8654999999999,0.8068149999999992,0.0
2002-05-01,99.569,97.64875000000002,90.60263500000013,9.027750000000012,0.019
2002-06-01,99.637,99.00859,96.06326000000003,44.48105499999998,0.027000000000000003
2002-07-01,99.86573,99.76262000000001,98.57855999999998,80.48633999999993,0.0
2002-08-01,99.518245,100.0,100.0,91.93816500000003,0.0020000000000000005
2002-09-01,99.932,100.0,100.0,92.98873500000009,0.0
2002-10-01,100.0,100.0,99.964675,91.74862999999998,0.0
2002-11-01,100.0,99.979955,99.23382500000004,87.69482500000004,0.0
2002-12-01,99.96201,99.01288000000002,96.60918499999993,77.09885000000008,0.0
2003-01-01,99.98899999999999,97.31046999999998,91.4090799999999,72.18234999999993,0.0
2003-02-01,98.99252499999987,95.75508500000007,81.10325500000008,46.17348999999997,0.0
2003-03-01,98.0729050000001,89.99598999999995,57.516409999999915,18.84731500000003,0.0
2003-04-01,95.90603000000003,87.41012500000005,35.16531999999996,2.363094999999997,0.0
2003-05-01,96.20030499999989,86.50721499999997,27.806040000000024,0.5267500000000002,0.0
2003-06-01,95.64494999999994,83.88620999999993,32.51569999999994,0.39484000000000036,0.0
2003-07-01,94.86102500000001,81.30784499999993,32.890839999999955,0.5651450000000011,0.0
2003-08-01,91.56628000000005,79.12859499999995,36.77383500000003,0.16576000000000002,0.0
2003-09-01,90.98358999999991,83.47809000000008,38.01185500000001,0.23770000000000002,0.0
2003-10-01,94.74631500000007,85.05991500000013,38.80656499999996,0.04705,0.0
2003-11-01,98.68679000000002,91.59417999999992,39.60389499999997,0.028399999999999998,0.0
2003-12-01,99.06496999999997,91.07269999999993,37.637875000000015,0.075,0.0
2004-01-01,98.36012000000004,78.17766499999999,38.24211999999999,0.0,0.0
2004-02-01,95.16759000000006,60.11487500000001,32.11032499999997,0.0,0.0
2004-03-01,91.659755,62.568850000000054,35.91127999999999,0.0,0.0
2004-04-01,96.08315000000013,64.35905000000008,28.052749999999993,0.0,0.0
2004-05-01,99.55632,88.21101000000003,23.188140000000004,0.0,0.0
2004-06-01,99.99431,99.44269,26.316650000000013,0.12,0.054000000000000006
2004-07-01,99.999,99.84735,30.792930000000037,0.0,0.0
2004-08-01,100.0,99.97405,31.661555000000025,0.0,0.0
2004-09-01,99.9456,99.89612000000001,19.42606500000003,0.0,0.0
2004-10-01,96.610715,94.88128999999994,10.243275000000008,0.0,0.0
2004-11-01,99.72521,82.55821999999996,6.830925000000002,0.0,0.0
2004-12-01,96.80484,64.03098499999999,2.485735,0.0,0.0
2005-01-01,44.39408499999995,13.123605000000007,5.13055,0.0,0.0
2005-02-01,5.478985000000002,4.739329999999999,0.20705,0.0,0.0
2005-03-01,3.9565950000000005,1.4330400000000003,0.004,0.09695000000000001,0.009000000000000001
2005-04-01,0.0,0.15204000000000004,0.043,0.19390000000000002,0.018000000000000002
2005-05-01,0.002,0.0010000000000000002,0.1561,0.0,0.0
2005-06-01,0.34378,0.214,0.13205,0.0,0.0
2005-07-01,0.33539,0.05812499999999999,0.0,0.0,0.0
2005-08-01,0.10159500000000017,0.0,0.0,0.0,0.0
2005-09-01,0.26689,0.01,0.0,0.0,0.0
2005-10-01,0.05733999999999997,0.0,0.0,0.0,0.0
2005-11-01,0.18607500000000002,0.005,0.0,0.0,0.0
2005-12-01,1.4212850000000001,0.7219999999999999,0.006,0.0,0.0
2006-01-01,6.212699999999999,0.0635,0.0,0.0,0.0
2006-02-01,19.358794999999972,0.6762400000000008,0.006,0.0,0.0
2006-03-01,17.85863499999997,3.6087199999999955,0.0,0.0,0.0
2006-04-01,15.061490000000008,2.463379999999998,0.022000000000000002,0.0,0.0
2006-05-01,18.26828499999998,1.8392949999999986,0.21,0.0,0.0
2006-06-01,17.15253999999998,0.9659449999999998,0.0,0.0,0.0
2006-07-01,15.541030000000005,0.4424600000000005,0.0,0.0,0.028499999999999998
2006-08-01,15.933035000000016,0.5928550000000002,0.000275,0.0,0.0
2006-09-01,48.614819999999966,3.224075000000003,0.0,0.0,0.0
2006-10-01,59.58113499999994,5.4636300000000055,0.001,0.0,0.0
2006-11-01,60.060949999999956,7.469410000000011,0.08397500000000001,0.0,0.0
2006-12-01,87.66793999999996,34.24856000000003,0.019500000000000003,0.0,0.0
2007-01-01,99.3709,89.42718500000008,33.721750000000036,0.0,0.0
2007-02-01,100.00024000000002,97.84597500000001,88.79858000000002,0.0,0.0
2007-03-01,100.0,99.81667999999999,97.100125,40.89075500000002,0.0
2007-04-01,100.0,99.936,99.20481500000001,89.39578499999999,0.0
2007-05-01,99.41485,99.94705,99.87560000000002,94.06345500000006,0.026700000000000005
2007-06-01,99.9017,100.0,99.33434000000001,94.61622000000001,0.11
2007-07-01,99.99700000000001,100.0,99.99615,94.56474500000004,0.0
2007-08-01,99.99700000000001,99.98637500000001,99.89779999999999,93.11712000000001,0.0
2007-09-01,99.9486,99.98423500000001,99.60112500000002,86.59244500000004,0.0
2007-10-01,100.0,99.98637500000001,99.16887499999989,86.43603000000006,0.0
2007-11-01,100.0,99.98423500000001,99.29624500000011,78.9492100000001,0.0
2007-12-01,99.94033999999999,99.28625500000003,96.57539000000008,36.730285,0.0
2008-01-01,99.060095,96.76186500000013,79.96595999999988,6.822314999999995,0.0
2008-02-01,99.039795,88.36104000000005,53.52523000000005,1.3305449999999999,0.003
2008-03-01,95.46633500000006,83.93972999999997,36.786410000000046,0.073225,0.0
2008-04-01,95.04269500000001,84.74868499999991,12.030320000000001,0.08223000000000001,0.0
2008-05-01,98.06411499999996,84.79819999999992,3.8256349999999992,0.331635,0.0
2008-06-01,99.73724499999999,88.40549000000006,9.055335000000008,0.12265000000000001,0.0
2008-07-01,99.77763499999996,94.78850499999992,11.438205000000014,0.58377,0.0
2008-08-01,99.54805000000002,96.69580500000002,12.713330000000015,0.0,0.0
2008-09-01,99.07158000000008,95.10007999999999,17.17837499999999,0.0,0.0
2008-10-01,99.64601,93.37092000000008,25.355635000000003,0.0,0.0
2008-11-01,99.34632500000004,92.626715,25.003595000000015,0.0,0.0
2008-12-01,95.92904500000003,85.41862499999998,19.309534999999997,0.031,0.0
2009-01-01,99.51469000000004,76.12056500000007,11.73753,0.0,0.0
2009-02-01,87.41695500000002,38.247440000000054,1.8573600000000001,0.0,0.0
2009-03-01,83.79361000000006,15.811845,2.2908950000000003,0.0,0.0
2009-04-01,82.98336,17.252990000000008,0.5986,0.0,0.0
2009-05-01,84.41068999999999,21.239320000000017,1.3378999999999999,0.0,0.0
2009-06-01,86.89176000000009,27.703555000000023,5.514499999999999,0.0,0.0
2009-07-01,88.20056999999996,27.748849999999976,6.926250000000008,0.0,0.0
2009-08-01,93.73388000000001,22.97470999999998,7.087750000000007,0.0,0.0
2009-09-01,98.42196000000001,27.38599999999997,7.798500000000013,0.0,0.0
2009-10-01,97.81435499999999,28.18347999999999,9.970200000000016,0.0,0.0
2009-11-01,99.86776,74.386695,13.234970000000017,0.0,0.0
2009-12-01,98.78761499999999,94.72265499999999,17.158959999999976,0.0,0.0
2010-01-01,85.94073999999996,86.98375500000003,28.94635000000003,0.0,0.0
2010-02-01,63.984805000000016,36.19215500000004,15.975464999999996,0.0,0.0
2010-03-01,14.036564999999985,6.766234999999998,0.6375,0.0,0.0
2010-04-01,4.388315000000002,0.21589999999999995,0.0,0.0,0.0
2010-05-01,7.997569999999999,0.07400000000000001,0.0,0.19390000000000002,0.0
2010-06-01,0.48235,0.5039,0.419,0.0,0.0
2010-07-01,2.247139999999999,0.7554900000000001,2.633,0.0,0.0
2010-08-01,8.587744999999995,0.26502499999999996,0.0,0.0,0.0
2010-09-01,14.994699999999991,0.247045,0.0,0.0,0.0
2010-10-01,13.033625000000011,0.10254999999999999,0.0,0.0,0.0
2010-11-01,13.717514999999986,0.13570000000000002,0.0,0.0,0.0
2010-12-01,15.558254999999983,0.12825,0.0,0.0,0.0
2011-01-01,7.7106650000000005,0.9233999999999999,0.021,0.0,0.0
2011-02-01,0.8546200000000002,0.1106,0.024,0.0,0.0
2011-03-01,0.9720850000000009,0.0,0.0,0.0,0.0
2011-04-01,5.49958,0.0,0.0,0.0,0.0
2011-05-01,0.9847599999999999,0.0,0.0,0.0,0.0
2011-06-01,5.900419999999998,0.0095,0.0,0.0,0.0
2011-07-01,33.61963500000004,0.053040000000000004,0.0,0.0,0.0
2011-08-01,34.33646999999995,0.89079,0.0,0.0,0.0
2011-09-01,42.73201999999999,0.07400000000000001,0.0,0.0,0.0
2011-10-01,43.195324999999954,1.2330599999999996,0.0,0.0,0.0
2011-11-01,41.67366999999996,0.13749999999999998,0.0,0.0,0.0
2011-12-01,41.43001499999997,1.6788899999999998,0.1175,0.0,0.0
2012-01-01,63.948774999999934,9.839099999999997,0.0,0.0,0.0
2012-02-01,94.59747999999999,65.77184999999994,0.4866,0.0,0.0
2012-03-01,99.99236,86.99902499999996,34.44892999999994,0.0,0.0
2012-04-01,99.99046000000003,95.65062000000002,68.42515500000005,0.0,0.0
2012-05-01,99.87423999999999,95.24516499999999,76.82479999999995,0.0,0.0
2012-06-01,99.98700000000001,94.92719499999997,76.36282499999994,0.0,0.0
2012-07-01,98.89317,94.36957499999997,72.59257999999991,0.0,0.0
2012-08-01,98.99999,93.68300999999988,70.57818500000003,0.0,0.0
2012-09-01,100.0,93.58717000000017,64.36336,0.016725,0.0
2012-10-01,100.0,92.38194500000003,59.077419999999975,0.016725,0.0
2012-11-01,100.0,89.46276999999996,53.85729999999993,0.0,0.0
2012-12-01,99.9516,87.68751499999999,50.32820499999996,0.0,0.0
2013-01-01,99.99241999999998,83.11920499999991,56.900040000000054,0.0,0.0
2013-02-01,99.9032,77.23761000000005,54.53066999999997,0.0,0.0
2013-03-01,100.0,74.56992000000002,54.32999999999997,0.0,0.0
2013-04-01,100.0,79.78158999999991,58.07296499999995,0.0,0.0
2013-05-01,100.0,87.62937999999987,69.56934500000006,0.0,0.0
2013-06-01,100.0,90.79619000000002,78.9936949999999,0.12,0.054000000000000006
2013-07-01,99.99824000000001,90.38041500000004,80.11397999999994,0.05575,0.0
2013-08-01,100.0,89.71097500000005,79.69839000000005,1.2793249999999998,0.0
2013-09-01,94.555,83.32073500000011,75.19149999999986,1.968104999999997,0.0
2013-10-01,85.48054000000013,75.35642000000001,69.92798500000002,2.6653899999999986,0.0
2013-11-01,78.011135,71.7748299999999,66.7469599999999,1.921884999999998,0.0
2013-12-01,81.32740499999993,74.26861999999993,65.54909500000007,2.3838949999999977,0.0
2014-01-01,88.47781499999992,74.90532499999993,67.09887999999995,3.7488249999999965,0.0
2014-02-01,93.67896999999999,73.95786500000004,70.0583100000001,9.138895000000012,0.0
2014-03-01,91.45593499999997,76.49197000000004,69.61797500000007,14.146300000000007,0.0
2014-04-01,99.71045999999998,94.963085,77.94042999999996,16.751880000000014,0.0
2014-05-01,99.74625,99.501175,90.06710499999997,17.99128000000002,0.0
2014-06-01,99.49765,99.97258,96.22922499999997,23.367370000000015,0.032400000000000005
2014-07-01,99.9965,99.664,98.08344999999997,19.908979999999985,0.4491000000000001
2014-08-01,99.90924999999999,100.0,92.9264299999999,22.83951999999998,0.5344000000000001
2014-09-01,100.0,99.98637500000001,79.05343499999994,21.573039999999978,0.5544000000000002
2014-10-01,100.0,100.0,78.61923999999989,21.641919999999974,0.5651000000000003
2014-11-01,100.0,98.87026000000002,78.9873199999999,23.125869999999978,0.5885000000000002
2014-12-01,100.0,96.61078000000003,79.2387399999999,21.502489999999977,0.6627
2015-01-01,99.29002499999999,88.31867000000004,75.5550599999999,19.313869999999973,0.5613750000000003
2015-02-01,93.44900000000007,84.3078800000001,70.28214999999994,19.126859999999986,0.5656000000000002
2015-03-01,96.2028850000001,81.59311000000014,65.73417000000003,18.586160000000028,0.5643000000000002
2015-04-01,98.61874500000003,87.77686000000003,71.35140000000004,18.89480000000002,0.5700000000000002
2015-05-01,98.83619999999986,90.315005,71.87458500000004,19.920420000000025,0.5709500000000002
2015-06-01,98.78725999999982,89.68025999999998,72.36588500000002,31.434619999999995,0.5601500000000003
2015-07-01,98.81929999999983,88.41677499999996,71.79298499999993,42.83237999999999,0.5586000000000002
2015-08-01,98.80847499999982,87.67108499999993,69.49017500000006,42.01057999999999,0.5610000000000003
2015-09-01,98.81804999999981,86.9440199999999,66.92166000000003,44.70174,0.6130000000000002
2015-10-01,98.91259999999984,86.98733999999992,65.92736000000006,42.210739999999994,0.5643000000000002
2015-11-01,98.92859999999986,86.8868599999999,66.25034999999994,42.29693999999999,0.5706000000000002
2015-12-01,99.19985000000004,86.91465999999993,65.51268999999995,42.26264999999999,0.5918500000000002
2016-01-01,99.73408500000001,86.94473499999992,63.696815000000036,42.39798999999993,0.5764500000000004
2016-02-01,97.08566499999999,83.24468999999993,57.32947499999998,32.737775000000035,0.6476750000000007
2016-03-01,99.172035,88.89639000000005,63.48249999999998,39.537160000000064,0.6601000000000009
2016-04-01,99.92554499999999,96.69228000000003,67.72415000000007,42.013405000000056,0.6598499999999998
2016-05-01,100.0,97.68469999999992,64.3386200000001,37.44076499999994,0.6173000000000006
2016-06-01,99.992725,89.05107500000003,54.74783500000009,32.12627499999996,0.6320250000000011
2016-07-01,99.45549999999999,84.26204,52.67137500000008,29.97578999999997,0.6280500000000009
2016-08-01,100.0,86.24800500000003,54.388640000000066,32.04213999999996,0.6608000000000009
2016-09-01,100.0,86.32659000000001,60.29298999999994,31.80316999999996,0.6385000000000011
2016-10-01,100.0,86.37265000000001,63.80648499999996,32.65657999999997,0.8258999999999997
2016-11-01,99.71525,85.61829000000002,62.07554499999999,28.941809999999972,0.6010750000000002
2016-12-01,99.94731999999998,85.34040500000006,61.92714,28.292319999999997,0.5384499999999992
2017-01-01,96.62381999999992,74.81330500000008,44.51895499999996,14.303080000000001,0.23670000000000002
2017-02-01,69.52894499999998,26.472200000000047,9.363404999999995,2.9953000000000003,0.10667499999999999
2017-03-01,25.666469999999986,10.220960000000009,2.41975,0.034,0.07569999999999999
2017-04-01,14.662709999999983,2.0810700000000026,0.137,0.0,0.037700000000000004
2017-05-01,15.710870000000009,1.484650000000002,0.137,0.228,0.008
2017-06-01,16.559465000000014,1.2942200000000021,0.57,0.32650000000000007,0.07500000000000001
2017-07-01,20.060480000000034,3.047449999999996,1.8630000000000002,1.6335550000000003,0.0
2017-08-01,18.068594999999977,1.730920000000002,0.10559999999999999,0.0,0.0
2017-09-01,16.06990000000001,1.5828500000000023,0.0,0.0,0.0
2017-10-01,14.601614999999999,1.2255000000000025,0.0,0.0,0.0
2017-11-01,28.934820000000006,1.220370000000002,0.0,0.0,0.0
2017-12-01,71.81947000000008,9.892299999999988,0.0,0.0,0.0
2018-01-01,84.22086999999999,26.64927000000003,0.8734549999999988,0.0,0.0
2018-02-01,87.26707499999996,62.462810000000026,11.058559999999998,0.0,0.0
2018-03-01,98.83505,78.34735000000009,23.26771999999996,0.0,0.0
2018-04-01,99.885,84.26408999999994,26.677264999999988,0.0,0.0
2018-05-01,99.806675,85.34970499999997,30.95666999999996,0.9363400000000002,0.0
2018-06-01,99.81395,87.88617999999995,32.89784999999997,1.2948749999999987,0.0
2018-07-01,99.92899,88.44182000000008,35.09641499999995,1.4589500000000006,0.0
2018-08-01,99.99794,89.23811000000002,34.73457999999996,1.1872749999999985,0.0
2018-09-01,100.0,89.09781000000001,33.03974999999997,3.3640499999999984,0.0
2018-10-01,99.92223,88.55209499999988,27.00267499999999,1.5315850000000004,0.0
2018-11-01,98.7295,90.19478500000008,18.743830000000017,0.8684399999999998,0.0
2018-12-01,99.94580000000002,96.21185000000008,11.080025,0.309975,0.0
2019-01-01,99.97165999999996,86.0226150000001,9.499060000000002,0.35529999999999995,0.0
2019-02-01,70.8727699999999,16.33579999999997,2.2415700000000003,0.46940000000000004,0.0
2019-03-01,18.827145000000005,2.98238,0.109,0.17875,0.0
2019-04-01,1.2988349999999997,0.4561,0.005,0.14350000000000002,0.0
2019-05-01,0.8688649999999999,0.94759,0.41269999999999996,0.19390000000000002,0.018000000000000002
2019-06-01,1.2792199999999998,4.04675,1.172685,0.078375,0.0
2019-07-01,1.8835499999999996,1.165665,1.1627100000000001,0.0,0.0
2019-08-01,4.773799999999994,0.9284400000000005,0.000275,0.0,0.0
2019-09-01,14.259180000000015,6.87367,0.02030000000000002,0.0,0.0
2019-10-01,23.269745000000036,6.484025000000002,0.09994999999999982,0.0,0.0
2019-11-01,69.86583000000002,6.056370000000005,0.3230000000000006,0.0,0.0
2019-12-01,39.59411500000005,6.844289999999996,0.49956,0.0,0.0
2020-01-01,12.296374999999998,1.7930399999999997,0.00095,0.0,0.0
2020-02-01,2.0737999999999994,0.396,0.0,0.0,0.0
2020-03-01,4.355345000000003,0.433,0.0003,0.0,0.0
2020-04-01,18.70676,0.823045,0.0027999999999999995,0.0,0.0
2020-05-01,1.45851,0.7778750000000001,0.006424999999999999,0.0,0.0
2020-06-01,8.083525000000003,1.1520000000000001,0.08327499999999999,0.0,0.0
2020-07-01,9.505204999999998,0.6814249999999998,0.0,0.0,0.0
2020-08-01,40.61571500000002,9.11449999999999,0.03440000000000005,0.0,0.07410000000000001
2020-09-01,77.2327799999999,39.42815500000004,8.368135000000004,0.0,0.0
2020-10-01,91.68471499999995,52.192260000000005,17.253224999999993,0.0,0.0
2020-11-01,97.44174499999987,70.12473999999997,35.129125000000016,6.065374999999992,0.0
2020-12-01,89.23929999999999,68.95006499999995,55.34112999999999,33.51570999999999,3.6696449999999983
2021-01-01,83.68403500000001,77.89370500000012,71.06799500000012,52.42225500000004,6.7339600000000015
2021-02-01,99.03227499999998,92.73612499999984,87.83885999999998,64.50235499999991,9.719899999999985
2021-03-01,98.36904999999999,94.27692999999995,86.69759000000008,65.19235499999998,11.86326999999999
2021-04-01,98.96970499999999,98.773195,90.84200999999999,66.97052999999991,17.99719499999999
2021-05-01,99.9214,99.350705,99.04874,78.91665,19.31473999999997
2021-06-01,99.992725,99.81028,99.89418500000002,88.86388999999988,19.633395000000018
2021-07-01,100.0,100.0,100.0,86.31533499999996,20.432260000000014
2021-08-01,100.0,100.0,99.9178,89.88619999999987,18.011825
2021-09-01,100.0,100.0,99.99807499999999,90.22524999999989,9.920774999999988
2021-10-01,99.98700000000001,100.0,99.84924999999997,89.632945,4.619215000000005
2021-11-01,100.0,99.97258,95.89507499999999,86.47907499999985,4.416850000000005
2021-12-01,99.99781999999999,99.811715,95.13452500000015,72.58139000000007,3.8885300000000025
2022-01-01,99.614245,98.70174000000002,67.45140000000004,17.98059,1.7414200000000002
2022-02-01,99.93520000000001,99.61646499999999,55.221305000000065,8.570279999999997,0.63155
2022-03-01,99.88205000000002,99.732775,73.17336500000002,22.721660000000025,0.18622
2022-04-01,100.0,99.90362,92.73182999999997,47.18504499999998,0.762525
2022-05-01,100.0,100.0,96.96636500000001,74.8337449999999,2.5978249999999963
2022-06-01,100.0,100.0,98.05152499999998,83.29777499999992,5.122200000000007
2022-07-01,100.0,100.0,99.95756000000002,81.15500999999996,5.0741850000000035
2022-08-01,100.0,100.0,99.9926,45.40147000000005,1.4913300000000016
2022-09-01,99.7132,99.94616,99.95560000000002,5.117755,0.39258499999999996
2022-10-01,100.0,100.0,99.09032000000012,8.582350000000002,1.0433999999999999
2022-11-01,100.0,100.0,96.59953000000013,4.2909,1.9599000000000006
2022-12-01,100.0,99.93594000000002,85.97934500000008,3.3092500000000005,0.8087000000000001
2023-01-01,100.0,99.964175,79.74700999999989,0.6140899999999999,0.331265
2023-02-01,96.552775,94.04071000000009,68.38723999999998,1.110535,0.10552500000000002
2023-03-01,98.68294500000003,89.1443000000001,38.03470499999995,0.039025,0.0
2023-04-01,92.78855000000013,55.435365000000004,2.8891349999999996,0.016725,0.0
2023-05-01,88.96079999999995,31.711395000000042,2.53607,0.0,0.0
2023-06-01,87.21439000000005,24.54924000000001,0.9108499999999999,0.0,0.0
2023-07-01,85.68766500000007,29.85914999999998,1.4263000000000003,0.0,0.0
2023-08-01,62.63202500000004,22.78305500000001,0.8998750000000001,0.0,0.0
2023-09-01,31.227950000000025,14.335469999999997,1.7597800000000001,0.0,0.0
2023-10-01,11.613984999999984,0.8243550000000001,0.027999999999999997,0.0,0.0
2023-11-01,8.695069999999992,0.45108000000000004,0.006999999999999999,0.0,0.0
2023-12-01,8.739429999999997,0.8080900000000001,0.003,0.0,0.0
2024-01-01,9.156335000000007,0.44804,0.020999999999999998,0.0,0.0
2024-02-01,9.589155000000018,0.9177900000000001,0.0,0.0,0.0
2024-03-01,5.800480000000005,0.006999999999999999,0.0,0.0,0.0
2024-04-01,6.460520000000002,0.0,0.0,0.0,0.0
2024-05-01,8.99873500000001,0.030899999999999997,0.0,0.0,0.0
2024-06-01,8.924880000000012,0.014100000000000001,0.004575,0.0,0.0
2024-07-01,11.683365000000013,0.64392,0.00915,0.0,0.0
2024-08-01,21.147289999999984,1.5761500000000002,0.013725000000000001,0.0,0.0
2024-09-01,46.25693999999999,31.3995,0.30897499999999983,0.029500000000000002,0.0
2024-10-01,75.73907999999996,49.26184499999997,12.599459999999983,0.2065,0.0
2024-11-01,69.11674499999992,49.263280000000016,15.867225000000019,2.1976999999999975,0.0
2024-12-01,81.79403000000003,58.635500000000064,20.96337500000002,3.4836400000000065,0.0
