time,snowfall_month_HadGEM2-ES_rcp45
2006-01-31 00:00:00+00:00,0.01177368
2006-02-28 00:00:00+00:00,0.03876444
2006-03-31 00:00:00+00:00,0.016545309
2006-04-30 00:00:00+00:00,0.008702147
2006-05-31 00:00:00+00:00,0.0
2006-06-30 00:00:00+00:00,8.867499e-09
2006-07-31 00:00:00+00:00,0.0
2006-08-31 00:00:00+00:00,0.0
2006-09-30 00:00:00+00:00,0.0
2006-10-31 00:00:00+00:00,0.0016417248
2006-11-30 00:00:00+00:00,6.979583e-05
2006-12-31 00:00:00+00:00,0.052079882
2007-01-31 00:00:00+00:00,0.057101198
2007-02-28 00:00:00+00:00,0.26537785
2007-03-31 00:00:00+00:00,0.021758825
2007-04-30 00:00:00+00:00,0.09647832
2007-05-31 00:00:00+00:00,8.999534e-05
2007-06-30 00:00:00+00:00,2.5341052e-07
2007-07-31 00:00:00+00:00,0.0
2007-08-31 00:00:00+00:00,0.0
2007-09-30 00:00:00+00:00,3.8298393e-05
2007-10-31 00:00:00+00:00,0.020892138
2007-11-30 00:00:00+00:00,0.0077233124
2007-12-31 00:00:00+00:00,0.123024486
2008-01-31 00:00:00+00:00,0.020047726
2008-02-29 00:00:00+00:00,0.009708251
2008-03-31 00:00:00+00:00,0.13775091
2008-04-30 00:00:00+00:00,0.019207798
2008-05-31 00:00:00+00:00,2.57639e-06
2008-06-30 00:00:00+00:00,0.0
2008-07-31 00:00:00+00:00,4.301332e-06
2008-08-31 00:00:00+00:00,0.0
2008-09-30 00:00:00+00:00,2.053335e-07
2008-10-31 00:00:00+00:00,2.4705907e-05
2008-11-30 00:00:00+00:00,0.0022141994
2008-12-31 00:00:00+00:00,5.8167345e-05
2009-01-31 00:00:00+00:00,0.05744363
2009-02-28 00:00:00+00:00,0.31942236
2009-03-31 00:00:00+00:00,0.1420989
2009-04-30 00:00:00+00:00,0.035381097
2009-05-31 00:00:00+00:00,8.46126e-06
2009-06-30 00:00:00+00:00,1.198099e-05
2009-07-31 00:00:00+00:00,1.7107072e-07
2009-08-31 00:00:00+00:00,0.0
2009-09-30 00:00:00+00:00,1.3303314e-05
2009-10-31 00:00:00+00:00,7.5965927e-06
2009-11-30 00:00:00+00:00,0.016645998
2009-12-31 00:00:00+00:00,0.12761548
2010-01-31 00:00:00+00:00,0.036174912
2010-02-28 00:00:00+00:00,0.092447735
2010-03-31 00:00:00+00:00,0.014544647
2010-04-30 00:00:00+00:00,6.2924046e-05
2010-05-31 00:00:00+00:00,2.0729592e-06
2010-06-30 00:00:00+00:00,2.7140002e-05
2010-07-31 00:00:00+00:00,0.0
2010-08-31 00:00:00+00:00,0.0
2010-09-30 00:00:00+00:00,1.8681852e-06
2010-10-31 00:00:00+00:00,0.00096778484
2010-11-30 00:00:00+00:00,0.00019377405
2010-12-31 00:00:00+00:00,0.007125158
2011-01-31 00:00:00+00:00,0.08802333
2011-02-28 00:00:00+00:00,0.2684464
2011-03-31 00:00:00+00:00,0.008863473
2011-04-30 00:00:00+00:00,0.004883885
2011-05-31 00:00:00+00:00,1.8769846e-05
2011-06-30 00:00:00+00:00,2.9448258e-05
2011-07-31 00:00:00+00:00,0.0
2011-08-31 00:00:00+00:00,0.0
2011-09-30 00:00:00+00:00,1.8337609e-05
2011-10-31 00:00:00+00:00,3.5434492e-05
2011-11-30 00:00:00+00:00,0.0440989
2011-12-31 00:00:00+00:00,0.059146218
2012-01-31 00:00:00+00:00,0.07901476
2012-02-29 00:00:00+00:00,0.00035494697
2012-03-31 00:00:00+00:00,0.010586489
2012-04-30 00:00:00+00:00,0.021874353
2012-05-31 00:00:00+00:00,0.00024068201
2012-06-30 00:00:00+00:00,5.5466982e-05
2012-07-31 00:00:00+00:00,0.0
2012-08-31 00:00:00+00:00,0.0
2012-09-30 00:00:00+00:00,0.0
2012-10-31 00:00:00+00:00,2.3325867e-05
2012-11-30 00:00:00+00:00,0.03736818
2012-12-31 00:00:00+00:00,0.007988957
2013-01-31 00:00:00+00:00,0.32367122
2013-02-28 00:00:00+00:00,0.08242303
2013-03-31 00:00:00+00:00,0.0027198128
2013-04-30 00:00:00+00:00,0.0028795674
2013-05-31 00:00:00+00:00,3.484599e-06
2013-06-30 00:00:00+00:00,0.0
2013-07-31 00:00:00+00:00,0.0
2013-08-31 00:00:00+00:00,0.0
2013-09-30 00:00:00+00:00,4.2705913e-05
2013-10-31 00:00:00+00:00,0.00031430504
2013-11-30 00:00:00+00:00,0.026394743
2013-12-31 00:00:00+00:00,0.013364259
2014-01-31 00:00:00+00:00,0.059011217
2014-02-28 00:00:00+00:00,0.3805717
2014-03-31 00:00:00+00:00,0.070838474
2014-04-30 00:00:00+00:00,0.043337848
2014-05-31 00:00:00+00:00,2.108051e-05
2014-06-30 00:00:00+00:00,0.0
2014-07-31 00:00:00+00:00,2.5947855e-08
2014-08-31 00:00:00+00:00,0.0
2014-09-30 00:00:00+00:00,3.7469374e-05
2014-10-31 00:00:00+00:00,0.009068212
2014-11-30 00:00:00+00:00,0.013286702
2014-12-31 00:00:00+00:00,0.12958361
2015-01-31 00:00:00+00:00,0.009565092
2015-02-28 00:00:00+00:00,0.29609847
2015-03-31 00:00:00+00:00,0.041782457
2015-04-30 00:00:00+00:00,0.018148988
2015-05-31 00:00:00+00:00,1.9697949e-05
2015-06-30 00:00:00+00:00,0.0019530319
2015-07-31 00:00:00+00:00,1.406059e-07
2015-08-31 00:00:00+00:00,0.0
2015-09-30 00:00:00+00:00,1.4004409e-05
2015-10-31 00:00:00+00:00,9.7485434e-05
2015-11-30 00:00:00+00:00,0.028329937
2015-12-31 00:00:00+00:00,0.0030762216
2016-01-31 00:00:00+00:00,0.28591323
2016-02-29 00:00:00+00:00,0.21358798
2016-03-31 00:00:00+00:00,0.08397295
2016-04-30 00:00:00+00:00,0.003023832
2016-05-31 00:00:00+00:00,0.00016987999
2016-06-30 00:00:00+00:00,0.00036889498
2016-07-31 00:00:00+00:00,0.0
2016-08-31 00:00:00+00:00,0.0
2016-09-30 00:00:00+00:00,5.6642955e-05
2016-10-31 00:00:00+00:00,8.465858e-05
2016-11-30 00:00:00+00:00,0.0049206815
2016-12-31 00:00:00+00:00,0.020437777
2017-01-31 00:00:00+00:00,0.0725148
2017-02-28 00:00:00+00:00,0.093950815
2017-03-31 00:00:00+00:00,0.21148482
2017-04-30 00:00:00+00:00,0.009410255
2017-05-31 00:00:00+00:00,0.00013653695
2017-06-30 00:00:00+00:00,8.331821e-06
2017-07-31 00:00:00+00:00,0.0
2017-08-31 00:00:00+00:00,0.0
2017-09-30 00:00:00+00:00,6.0516822e-06
2017-10-31 00:00:00+00:00,0.006723369
2017-11-30 00:00:00+00:00,0.008624801
2017-12-31 00:00:00+00:00,0.02831796
2018-01-31 00:00:00+00:00,0.26369452
2018-02-28 00:00:00+00:00,0.07924446
2018-03-31 00:00:00+00:00,0.011833303
2018-04-30 00:00:00+00:00,0.021848563
2018-05-31 00:00:00+00:00,3.7020163e-06
2018-06-30 00:00:00+00:00,1.5474363e-05
2018-07-31 00:00:00+00:00,0.0
2018-08-31 00:00:00+00:00,8.006938e-05
2018-09-30 00:00:00+00:00,7.582581e-05
2018-10-31 00:00:00+00:00,0.00046814093
2018-11-30 00:00:00+00:00,0.055647865
2018-12-31 00:00:00+00:00,0.12804554
2019-01-31 00:00:00+00:00,0.02766858
2019-02-28 00:00:00+00:00,0.14287418
2019-03-31 00:00:00+00:00,0.06995444
2019-04-30 00:00:00+00:00,0.00920202
2019-05-31 00:00:00+00:00,2.1527065e-05
2019-06-30 00:00:00+00:00,9.178979e-06
2019-07-31 00:00:00+00:00,1.2847708e-07
2019-08-31 00:00:00+00:00,0.0
2019-09-30 00:00:00+00:00,4.127024e-06
2019-10-31 00:00:00+00:00,2.1798442e-05
2019-11-30 00:00:00+00:00,0.1542455
2019-12-31 00:00:00+00:00,0.09795688
2020-01-31 00:00:00+00:00,0.0031894525
2020-02-29 00:00:00+00:00,0.013075162
2020-03-31 00:00:00+00:00,0.08392997
2020-04-30 00:00:00+00:00,7.8952755e-05
2020-05-31 00:00:00+00:00,2.7138443e-05
2020-06-30 00:00:00+00:00,1.3361841e-05
2020-07-31 00:00:00+00:00,0.0
2020-08-31 00:00:00+00:00,0.0
2020-09-30 00:00:00+00:00,1.6283777e-05
2020-10-31 00:00:00+00:00,4.143337e-05
2020-11-30 00:00:00+00:00,0.010458513
2020-12-31 00:00:00+00:00,0.035622478
2021-01-31 00:00:00+00:00,0.0593256
2021-02-28 00:00:00+00:00,0.00016070866
2021-03-31 00:00:00+00:00,0.00026161477
2021-04-30 00:00:00+00:00,0.00036092952
2021-05-31 00:00:00+00:00,0.00136404
2021-06-30 00:00:00+00:00,1.4274643e-06
2021-07-31 00:00:00+00:00,0.0
2021-08-31 00:00:00+00:00,0.0
2021-09-30 00:00:00+00:00,0.000116440344
2021-10-31 00:00:00+00:00,0.0104608545
2021-11-30 00:00:00+00:00,0.010639577
2021-12-31 00:00:00+00:00,0.0010213854
2022-01-31 00:00:00+00:00,0.03462647
2022-02-28 00:00:00+00:00,0.04980133
2022-03-31 00:00:00+00:00,0.069292545
2022-04-30 00:00:00+00:00,0.00083834317
2022-05-31 00:00:00+00:00,0.00020695316
2022-06-30 00:00:00+00:00,0.0
2022-07-31 00:00:00+00:00,1.00367934e-07
2022-08-31 00:00:00+00:00,0.0
2022-09-30 00:00:00+00:00,1.5138329e-05
2022-10-31 00:00:00+00:00,0.0004055784
2022-11-30 00:00:00+00:00,0.011731144
2022-12-31 00:00:00+00:00,0.011567084
2023-01-31 00:00:00+00:00,0.015783004
2023-02-28 00:00:00+00:00,0.06150676
2023-03-31 00:00:00+00:00,0.031305615
2023-04-30 00:00:00+00:00,0.0555941
2023-05-31 00:00:00+00:00,0.002602427
2023-06-30 00:00:00+00:00,0.0
2023-07-31 00:00:00+00:00,0.0
2023-08-31 00:00:00+00:00,2.7810123e-07
2023-09-30 00:00:00+00:00,0.00020098123
2023-10-31 00:00:00+00:00,0.026107386
2023-11-30 00:00:00+00:00,0.018893264
2023-12-31 00:00:00+00:00,0.07183718
2024-01-31 00:00:00+00:00,0.05194153
2024-02-29 00:00:00+00:00,0.066221625
2024-03-31 00:00:00+00:00,0.0025636775
2024-04-30 00:00:00+00:00,0.025145654
2024-05-31 00:00:00+00:00,7.4844094e-05
2024-06-30 00:00:00+00:00,9.120723e-08
2024-07-31 00:00:00+00:00,0.0
2024-08-31 00:00:00+00:00,4.97144e-07
2024-09-30 00:00:00+00:00,0.0005255246
2024-10-31 00:00:00+00:00,0.0
2024-11-30 00:00:00+00:00,0.022864839
2024-12-31 00:00:00+00:00,0.011432223
2025-01-31 00:00:00+00:00,0.040356718
2025-02-28 00:00:00+00:00,0.19268936
2025-03-31 00:00:00+00:00,0.14729264
2025-04-30 00:00:00+00:00,0.002781433
2025-05-31 00:00:00+00:00,0.0028474652
2025-06-30 00:00:00+00:00,3.2294918e-06
2025-07-31 00:00:00+00:00,0.0
2025-08-31 00:00:00+00:00,0.0
2025-09-30 00:00:00+00:00,0.0
2025-10-31 00:00:00+00:00,2.6504576e-05
2025-11-30 00:00:00+00:00,0.009119028
2025-12-31 00:00:00+00:00,0.060559105
2026-01-31 00:00:00+00:00,0.18128715
2026-02-28 00:00:00+00:00,0.07431498
2026-03-31 00:00:00+00:00,0.005829299
2026-04-30 00:00:00+00:00,4.1829328e-05
2026-05-31 00:00:00+00:00,0.0
2026-06-30 00:00:00+00:00,3.7001037e-06
2026-07-31 00:00:00+00:00,5.368595e-07
2026-08-31 00:00:00+00:00,0.0
2026-09-30 00:00:00+00:00,1.3007693e-07
2026-10-31 00:00:00+00:00,0.0005536043
2026-11-30 00:00:00+00:00,0.0075032506
2026-12-31 00:00:00+00:00,0.0027340897
2027-01-31 00:00:00+00:00,0.011133701
2027-02-28 00:00:00+00:00,0.0012635858
2027-03-31 00:00:00+00:00,0.03764478
2027-04-30 00:00:00+00:00,1.9671188e-06
2027-05-31 00:00:00+00:00,9.069363e-06
2027-06-30 00:00:00+00:00,8.386303e-08
2027-07-31 00:00:00+00:00,0.0
2027-08-31 00:00:00+00:00,1.5538173e-05
2027-09-30 00:00:00+00:00,2.6213888e-06
2027-10-31 00:00:00+00:00,0.00060637214
2027-11-30 00:00:00+00:00,0.055877227
2027-12-31 00:00:00+00:00,0.007971204
2028-01-31 00:00:00+00:00,0.22638346
2028-02-29 00:00:00+00:00,0.04580061
2028-03-31 00:00:00+00:00,0.099914804
2028-04-30 00:00:00+00:00,0.0370433
2028-05-31 00:00:00+00:00,3.5818123e-06
2028-06-30 00:00:00+00:00,0.0
2028-07-31 00:00:00+00:00,0.0
2028-08-31 00:00:00+00:00,1.4736152e-06
2028-09-30 00:00:00+00:00,8.981224e-06
2028-10-31 00:00:00+00:00,0.00019926368
2028-11-30 00:00:00+00:00,0.029268136
2028-12-31 00:00:00+00:00,0.015061788
2029-01-31 00:00:00+00:00,0.018933507
2029-02-28 00:00:00+00:00,0.02731376
2029-03-31 00:00:00+00:00,0.13212396
2029-04-30 00:00:00+00:00,0.07382708
2029-05-31 00:00:00+00:00,3.0865692e-06
2029-06-30 00:00:00+00:00,2.00596e-05
2029-07-31 00:00:00+00:00,0.0
2029-08-31 00:00:00+00:00,0.0
2029-09-30 00:00:00+00:00,0.0
2029-10-31 00:00:00+00:00,3.804296e-05
2029-11-30 00:00:00+00:00,0.00023810356
2029-12-31 00:00:00+00:00,0.4990109
2030-01-31 00:00:00+00:00,0.13716023
2030-02-28 00:00:00+00:00,0.013004751
2030-03-31 00:00:00+00:00,0.023932047
2030-04-30 00:00:00+00:00,0.031147465
2030-05-31 00:00:00+00:00,3.1497352e-06
2030-06-30 00:00:00+00:00,1.9551631e-07
2030-07-31 00:00:00+00:00,0.0
2030-08-31 00:00:00+00:00,0.0
2030-09-30 00:00:00+00:00,0.0
2030-10-31 00:00:00+00:00,0.0001222191
2030-11-30 00:00:00+00:00,0.02593993
2030-12-31 00:00:00+00:00,0.009308942
2031-01-31 00:00:00+00:00,0.0044081947
2031-02-28 00:00:00+00:00,0.021439848
2031-03-31 00:00:00+00:00,0.070297316
2031-04-30 00:00:00+00:00,2.7659437e-06
2031-05-31 00:00:00+00:00,0.0022015332
2031-06-30 00:00:00+00:00,0.0
2031-07-31 00:00:00+00:00,0.0
2031-08-31 00:00:00+00:00,0.0
2031-09-30 00:00:00+00:00,3.458814e-05
2031-10-31 00:00:00+00:00,0.0003122718
2031-11-30 00:00:00+00:00,0.006612763
2031-12-31 00:00:00+00:00,0.09604731
2032-01-31 00:00:00+00:00,0.062099166
2032-02-29 00:00:00+00:00,0.16996922
2032-03-31 00:00:00+00:00,0.0069195395
2032-04-30 00:00:00+00:00,0.0081181675
2032-05-31 00:00:00+00:00,1.0551377e-06
2032-06-30 00:00:00+00:00,0.0
2032-07-31 00:00:00+00:00,0.0
2032-08-31 00:00:00+00:00,1.6798539e-07
2032-09-30 00:00:00+00:00,3.2112617e-05
2032-10-31 00:00:00+00:00,0.00014268605
2032-11-30 00:00:00+00:00,0.0046198056
2032-12-31 00:00:00+00:00,0.008359552
2033-01-31 00:00:00+00:00,0.06404168
2033-02-28 00:00:00+00:00,0.33353314
2033-03-31 00:00:00+00:00,0.11425858
2033-04-30 00:00:00+00:00,0.0027529902
2033-05-31 00:00:00+00:00,1.4694494e-06
2033-06-30 00:00:00+00:00,0.0
2033-07-31 00:00:00+00:00,7.525396e-06
2033-08-31 00:00:00+00:00,5.2879706e-08
2033-09-30 00:00:00+00:00,2.3829584e-07
2033-10-31 00:00:00+00:00,0.00062823546
2033-11-30 00:00:00+00:00,0.0019933437
2033-12-31 00:00:00+00:00,0.03914357
2034-01-31 00:00:00+00:00,0.0010363746
2034-02-28 00:00:00+00:00,0.0015597701
2034-03-31 00:00:00+00:00,0.0025824343
2034-04-30 00:00:00+00:00,0.0007367425
2034-05-31 00:00:00+00:00,1.3369004e-05
2034-06-30 00:00:00+00:00,2.4550457e-06
2034-07-31 00:00:00+00:00,4.4556346e-06
2034-08-31 00:00:00+00:00,0.0
2034-09-30 00:00:00+00:00,0.0
2034-10-31 00:00:00+00:00,0.00028891594
2034-11-30 00:00:00+00:00,0.007823858
2034-12-31 00:00:00+00:00,0.03251954
2035-01-31 00:00:00+00:00,0.056801707
2035-02-28 00:00:00+00:00,0.2668318
2035-03-31 00:00:00+00:00,0.2666637
2035-04-30 00:00:00+00:00,0.04268223
2035-05-31 00:00:00+00:00,0.014356838
2035-06-30 00:00:00+00:00,3.860993e-06
2035-07-31 00:00:00+00:00,0.0
2035-08-31 00:00:00+00:00,0.0
2035-09-30 00:00:00+00:00,1.8452168e-07
2035-10-31 00:00:00+00:00,2.1709027e-06
2035-11-30 00:00:00+00:00,0.0063109966
2035-12-31 00:00:00+00:00,0.0028656407
2036-01-31 00:00:00+00:00,0.0012161772
2036-02-29 00:00:00+00:00,0.035781346
2036-03-31 00:00:00+00:00,0.016005088
2036-04-30 00:00:00+00:00,0.0013581277
2036-05-31 00:00:00+00:00,2.373754e-06
2036-06-30 00:00:00+00:00,7.8155966e-07
2036-07-31 00:00:00+00:00,0.0
2036-08-31 00:00:00+00:00,0.0
2036-09-30 00:00:00+00:00,1.4009466e-06
2036-10-31 00:00:00+00:00,6.645917e-05
2036-11-30 00:00:00+00:00,0.01212346
2036-12-31 00:00:00+00:00,0.59162086
2037-01-31 00:00:00+00:00,0.09478656
2037-02-28 00:00:00+00:00,0.19708689
2037-03-31 00:00:00+00:00,0.014618835
2037-04-30 00:00:00+00:00,0.034580152
2037-05-31 00:00:00+00:00,0.00046080872
2037-06-30 00:00:00+00:00,0.0
2037-07-31 00:00:00+00:00,1.5970804e-06
2037-08-31 00:00:00+00:00,0.0
2037-09-30 00:00:00+00:00,0.0
2037-10-31 00:00:00+00:00,0.0
2037-11-30 00:00:00+00:00,0.002092268
2037-12-31 00:00:00+00:00,8.686438e-05
2038-01-31 00:00:00+00:00,0.06783521
2038-02-28 00:00:00+00:00,0.1346597
2038-03-31 00:00:00+00:00,0.13940413
2038-04-30 00:00:00+00:00,0.017276514
2038-05-31 00:00:00+00:00,2.316334e-05
2038-06-30 00:00:00+00:00,0.0
2038-07-31 00:00:00+00:00,0.0
2038-08-31 00:00:00+00:00,0.0
2038-09-30 00:00:00+00:00,0.0006135977
2038-10-31 00:00:00+00:00,0.0001470798
2038-11-30 00:00:00+00:00,0.09452413
2038-12-31 00:00:00+00:00,0.24627705
2039-01-31 00:00:00+00:00,0.06246465
2039-02-28 00:00:00+00:00,0.01770684
2039-03-31 00:00:00+00:00,0.048242863
2039-04-30 00:00:00+00:00,0.0020520345
2039-05-31 00:00:00+00:00,6.300234e-07
2039-06-30 00:00:00+00:00,0.0
2039-07-31 00:00:00+00:00,0.0
2039-08-31 00:00:00+00:00,0.0
2039-09-30 00:00:00+00:00,1.942888e-05
2039-10-31 00:00:00+00:00,0.00012324791
2039-11-30 00:00:00+00:00,0.00017407465
2039-12-31 00:00:00+00:00,0.007901722
2040-01-31 00:00:00+00:00,0.013121125
2040-02-29 00:00:00+00:00,0.013766351
2040-03-31 00:00:00+00:00,0.0016084561
2040-04-30 00:00:00+00:00,0.00764933
2040-05-31 00:00:00+00:00,0.008271385
2040-06-30 00:00:00+00:00,0.0
2040-07-31 00:00:00+00:00,0.0
2040-08-31 00:00:00+00:00,0.000109172994
2040-09-30 00:00:00+00:00,8.1908016e-05
2040-10-31 00:00:00+00:00,0.0017731036
2040-11-30 00:00:00+00:00,0.042907566
2040-12-31 00:00:00+00:00,0.05047501
2041-01-31 00:00:00+00:00,0.021360068
2041-02-28 00:00:00+00:00,0.059033155
2041-03-31 00:00:00+00:00,0.081100404
2041-04-30 00:00:00+00:00,0.05929121
2041-05-31 00:00:00+00:00,4.198083e-06
2041-06-30 00:00:00+00:00,2.1857832e-06
2041-07-31 00:00:00+00:00,0.0
2041-08-31 00:00:00+00:00,0.0
2041-09-30 00:00:00+00:00,0.0
2041-10-31 00:00:00+00:00,0.00082901336
2041-11-30 00:00:00+00:00,0.0025004614
2041-12-31 00:00:00+00:00,0.15493701
2042-01-31 00:00:00+00:00,0.13052264
2042-02-28 00:00:00+00:00,0.032390304
2042-03-31 00:00:00+00:00,0.14101154
2042-04-30 00:00:00+00:00,0.0029389458
2042-05-31 00:00:00+00:00,4.7647776e-05
2042-06-30 00:00:00+00:00,7.114711e-05
2042-07-31 00:00:00+00:00,0.0
2042-08-31 00:00:00+00:00,0.0
2042-09-30 00:00:00+00:00,0.00017528086
2042-10-31 00:00:00+00:00,0.00013841917
2042-11-30 00:00:00+00:00,0.041272204
2042-12-31 00:00:00+00:00,0.23797695
2043-01-31 00:00:00+00:00,0.15138353
2043-02-28 00:00:00+00:00,0.11910007
2043-03-31 00:00:00+00:00,0.08158335
2043-04-30 00:00:00+00:00,0.0033933427
2043-05-31 00:00:00+00:00,8.968236e-06
2043-06-30 00:00:00+00:00,5.5570484e-07
2043-07-31 00:00:00+00:00,2.7217362e-07
2043-08-31 00:00:00+00:00,0.0
2043-09-30 00:00:00+00:00,9.1352945e-07
2043-10-31 00:00:00+00:00,4.3546147e-06
2043-11-30 00:00:00+00:00,0.0024924865
2043-12-31 00:00:00+00:00,0.0013339864
2044-01-31 00:00:00+00:00,0.08077947
2044-02-29 00:00:00+00:00,0.008465895
2044-03-31 00:00:00+00:00,0.06387533
2044-04-30 00:00:00+00:00,0.0006543569
2044-05-31 00:00:00+00:00,2.136733e-05
2044-06-30 00:00:00+00:00,0.0
2044-07-31 00:00:00+00:00,0.0
2044-08-31 00:00:00+00:00,0.0
2044-09-30 00:00:00+00:00,7.059547e-06
2044-10-31 00:00:00+00:00,0.0010023509
2044-11-30 00:00:00+00:00,0.001426993
2044-12-31 00:00:00+00:00,0.018178148
2045-01-31 00:00:00+00:00,0.0132479025
2045-02-28 00:00:00+00:00,0.116511546
2045-03-31 00:00:00+00:00,0.09417566
2045-04-30 00:00:00+00:00,0.053827308
2045-05-31 00:00:00+00:00,2.5169707e-06
2045-06-30 00:00:00+00:00,0.0
2045-07-31 00:00:00+00:00,1.7575982e-08
2045-08-31 00:00:00+00:00,0.0
2045-09-30 00:00:00+00:00,7.373026e-06
2045-10-31 00:00:00+00:00,0.0042635985
2045-11-30 00:00:00+00:00,0.017292509
2045-12-31 00:00:00+00:00,0.014189586
2046-01-31 00:00:00+00:00,0.016168764
2046-02-28 00:00:00+00:00,0.11442042
2046-03-31 00:00:00+00:00,0.07658711
2046-04-30 00:00:00+00:00,0.0050417245
2046-05-31 00:00:00+00:00,1.890795e-05
2046-06-30 00:00:00+00:00,0.0
2046-07-31 00:00:00+00:00,0.0
2046-08-31 00:00:00+00:00,0.0
2046-09-30 00:00:00+00:00,0.0
2046-10-31 00:00:00+00:00,4.9350678e-05
2046-11-30 00:00:00+00:00,0.0005543674
2046-12-31 00:00:00+00:00,0.38186568
2047-01-31 00:00:00+00:00,0.078406066
2047-02-28 00:00:00+00:00,0.022714736
2047-03-31 00:00:00+00:00,0.006865706
2047-04-30 00:00:00+00:00,0.0019309013
2047-05-31 00:00:00+00:00,0.00048029082
2047-06-30 00:00:00+00:00,5.953406e-05
2047-07-31 00:00:00+00:00,0.0
2047-08-31 00:00:00+00:00,0.0
2047-09-30 00:00:00+00:00,4.9849455e-06
2047-10-31 00:00:00+00:00,7.487809e-05
2047-11-30 00:00:00+00:00,0.022882702
2047-12-31 00:00:00+00:00,0.019693399
2048-01-31 00:00:00+00:00,0.07377831
2048-02-29 00:00:00+00:00,0.014161912
2048-03-31 00:00:00+00:00,0.00029401822
2048-04-30 00:00:00+00:00,0.07294824
2048-05-31 00:00:00+00:00,0.00222131
2048-06-30 00:00:00+00:00,0.0
2048-07-31 00:00:00+00:00,2.3731424e-07
2048-08-31 00:00:00+00:00,0.0
2048-09-30 00:00:00+00:00,0.0
2048-10-31 00:00:00+00:00,6.128405e-06
2048-11-30 00:00:00+00:00,0.0040476974
2048-12-31 00:00:00+00:00,0.04104431
2049-01-31 00:00:00+00:00,0.01205203
2049-02-28 00:00:00+00:00,0.034416575
2049-03-31 00:00:00+00:00,0.03027256
2049-04-30 00:00:00+00:00,0.032451462
2049-05-31 00:00:00+00:00,0.0017664764
2049-06-30 00:00:00+00:00,0.0
2049-07-31 00:00:00+00:00,0.0
2049-08-31 00:00:00+00:00,0.0
2049-09-30 00:00:00+00:00,0.0
2049-10-31 00:00:00+00:00,4.6623263e-05
2049-11-30 00:00:00+00:00,0.036846012
2049-12-31 00:00:00+00:00,0.089917704
2050-01-31 00:00:00+00:00,0.13250291
2050-02-28 00:00:00+00:00,0.02854604
2050-03-31 00:00:00+00:00,0.0021121372
2050-04-30 00:00:00+00:00,0.0026013057
2050-05-31 00:00:00+00:00,4.2989916e-05
2050-06-30 00:00:00+00:00,5.049389e-09
2050-07-31 00:00:00+00:00,0.0
2050-08-31 00:00:00+00:00,3.175363e-06
2050-09-30 00:00:00+00:00,9.2732586e-07
2050-10-31 00:00:00+00:00,4.6935103e-05
2050-11-30 00:00:00+00:00,0.0008582039
2050-12-31 00:00:00+00:00,0.05494509
2051-01-31 00:00:00+00:00,0.0828833
2051-02-28 00:00:00+00:00,0.037572607
2051-03-31 00:00:00+00:00,0.020928632
2051-04-30 00:00:00+00:00,0.0003727098
2051-05-31 00:00:00+00:00,6.5933025e-05
2051-06-30 00:00:00+00:00,0.0
2051-07-31 00:00:00+00:00,0.0
2051-08-31 00:00:00+00:00,0.0
2051-09-30 00:00:00+00:00,0.00014185344
2051-10-31 00:00:00+00:00,0.0
2051-11-30 00:00:00+00:00,0.0
2051-12-31 00:00:00+00:00,0.0070320433
2052-01-31 00:00:00+00:00,0.1669213
2052-02-29 00:00:00+00:00,0.103195146
2052-03-31 00:00:00+00:00,0.02511517
2052-04-30 00:00:00+00:00,0.0046268534
2052-05-31 00:00:00+00:00,0.0014371983
2052-06-30 00:00:00+00:00,0.0
2052-07-31 00:00:00+00:00,0.0
2052-08-31 00:00:00+00:00,0.0
2052-09-30 00:00:00+00:00,1.0653421e-06
2052-10-31 00:00:00+00:00,0.00023545271
2052-11-30 00:00:00+00:00,0.013694128
2052-12-31 00:00:00+00:00,0.04950844
2053-01-31 00:00:00+00:00,0.097538024
2053-02-28 00:00:00+00:00,0.09739686
2053-03-31 00:00:00+00:00,0.044399947
2053-04-30 00:00:00+00:00,0.01540904
2053-05-31 00:00:00+00:00,0.00015523932
2053-06-30 00:00:00+00:00,0.0
2053-07-31 00:00:00+00:00,0.0
2053-08-31 00:00:00+00:00,1.2626605e-08
2053-09-30 00:00:00+00:00,7.335595e-06
2053-10-31 00:00:00+00:00,0.0014213807
2053-11-30 00:00:00+00:00,0.0007608911
2053-12-31 00:00:00+00:00,0.055869777
2054-01-31 00:00:00+00:00,0.0439148
2054-02-28 00:00:00+00:00,0.043430034
2054-03-31 00:00:00+00:00,0.08507271
2054-04-30 00:00:00+00:00,0.00023931461
2054-05-31 00:00:00+00:00,0.0018902128
2054-06-30 00:00:00+00:00,1.0345316e-06
2054-07-31 00:00:00+00:00,0.0
2054-08-31 00:00:00+00:00,0.0
2054-09-30 00:00:00+00:00,1.4011468e-06
2054-10-31 00:00:00+00:00,0.0017873162
2054-11-30 00:00:00+00:00,3.1350257e-05
2054-12-31 00:00:00+00:00,0.023376672
2055-01-31 00:00:00+00:00,0.016950399
2055-02-28 00:00:00+00:00,0.09090085
2055-03-31 00:00:00+00:00,0.008021867
2055-04-30 00:00:00+00:00,0.009439237
2055-05-31 00:00:00+00:00,9.273603e-05
2055-06-30 00:00:00+00:00,1.2498296e-07
2055-07-31 00:00:00+00:00,0.0
2055-08-31 00:00:00+00:00,1.5858177e-08
2055-09-30 00:00:00+00:00,1.0777983e-06
2055-10-31 00:00:00+00:00,7.848557e-05
2055-11-30 00:00:00+00:00,0.013828237
2055-12-31 00:00:00+00:00,0.03208013
2056-01-31 00:00:00+00:00,0.009205788
2056-02-29 00:00:00+00:00,0.064847805
2056-03-31 00:00:00+00:00,0.07815318
2056-04-30 00:00:00+00:00,0.0345924
2056-05-31 00:00:00+00:00,6.895706e-05
2056-06-30 00:00:00+00:00,5.6655863e-06
2056-07-31 00:00:00+00:00,0.0
2056-08-31 00:00:00+00:00,0.0
2056-09-30 00:00:00+00:00,8.876096e-05
2056-10-31 00:00:00+00:00,9.335841e-06
2056-11-30 00:00:00+00:00,0.004462898
2056-12-31 00:00:00+00:00,0.014637008
2057-01-31 00:00:00+00:00,0.0003047194
2057-02-28 00:00:00+00:00,0.0045264196
2057-03-31 00:00:00+00:00,0.0023418674
2057-04-30 00:00:00+00:00,0.0019386758
2057-05-31 00:00:00+00:00,2.6544005e-06
2057-06-30 00:00:00+00:00,6.864681e-08
2057-07-31 00:00:00+00:00,0.0
2057-08-31 00:00:00+00:00,0.0
2057-09-30 00:00:00+00:00,0.0004208926
2057-10-31 00:00:00+00:00,0.001990646
2057-11-30 00:00:00+00:00,0.0009698723
2057-12-31 00:00:00+00:00,0.0069012227
2058-01-31 00:00:00+00:00,0.0021463342
2058-02-28 00:00:00+00:00,0.001434689
2058-03-31 00:00:00+00:00,0.021181146
2058-04-30 00:00:00+00:00,0.0013060701
2058-05-31 00:00:00+00:00,1.5620164e-05
2058-06-30 00:00:00+00:00,0.0
2058-07-31 00:00:00+00:00,6.695777e-08
2058-08-31 00:00:00+00:00,0.0
2058-09-30 00:00:00+00:00,2.0395618e-07
2058-10-31 00:00:00+00:00,0.00014567841
2058-11-30 00:00:00+00:00,0.0012214656
2058-12-31 00:00:00+00:00,0.000421354
2059-01-31 00:00:00+00:00,0.005871804
2059-02-28 00:00:00+00:00,0.0010413632
2059-03-31 00:00:00+00:00,0.019369606
2059-04-30 00:00:00+00:00,0.0075658467
2059-05-31 00:00:00+00:00,2.2936752e-06
2059-06-30 00:00:00+00:00,0.0
2059-07-31 00:00:00+00:00,0.0
2059-08-31 00:00:00+00:00,0.0
2059-09-30 00:00:00+00:00,2.8522712e-07
2059-10-31 00:00:00+00:00,3.733946e-05
2059-11-30 00:00:00+00:00,0.053602673
2059-12-31 00:00:00+00:00,0.0005859772
2060-01-31 00:00:00+00:00,0.03133932
2060-02-29 00:00:00+00:00,0.1400247
2060-03-31 00:00:00+00:00,0.017854242
2060-04-30 00:00:00+00:00,9.769787e-05
2060-05-31 00:00:00+00:00,6.3453575e-07
2060-06-30 00:00:00+00:00,0.0
2060-07-31 00:00:00+00:00,3.375717e-07
2060-08-31 00:00:00+00:00,0.0
2060-09-30 00:00:00+00:00,0.00012282935
2060-10-31 00:00:00+00:00,0.0
2060-11-30 00:00:00+00:00,0.015091746
2060-12-31 00:00:00+00:00,0.0119756395
2061-01-31 00:00:00+00:00,0.016331185
2061-02-28 00:00:00+00:00,0.0052974103
2061-03-31 00:00:00+00:00,0.03389604
2061-04-30 00:00:00+00:00,0.0068649207
2061-05-31 00:00:00+00:00,2.1807025e-06
2061-06-30 00:00:00+00:00,6.123292e-07
2061-07-31 00:00:00+00:00,0.0
2061-08-31 00:00:00+00:00,0.0
2061-09-30 00:00:00+00:00,1.1667648e-05
2061-10-31 00:00:00+00:00,3.866945e-07
2061-11-30 00:00:00+00:00,0.0017107836
2061-12-31 00:00:00+00:00,0.027038848
2062-01-31 00:00:00+00:00,0.0018758866
2062-02-28 00:00:00+00:00,0.025049267
2062-03-31 00:00:00+00:00,0.009067763
2062-04-30 00:00:00+00:00,0.004016295
2062-05-31 00:00:00+00:00,6.275289e-05
2062-06-30 00:00:00+00:00,4.430911e-08
2062-07-31 00:00:00+00:00,0.0
2062-08-31 00:00:00+00:00,0.0
2062-09-30 00:00:00+00:00,0.0
2062-10-31 00:00:00+00:00,0.0
2062-11-30 00:00:00+00:00,0.0026151107
2062-12-31 00:00:00+00:00,0.051080413
2063-01-31 00:00:00+00:00,0.0189341
2063-02-28 00:00:00+00:00,0.006294413
2063-03-31 00:00:00+00:00,0.030559486
2063-04-30 00:00:00+00:00,0.00018218759
2063-05-31 00:00:00+00:00,0.0023563097
2063-06-30 00:00:00+00:00,3.0714276e-07
2063-07-31 00:00:00+00:00,0.0
2063-08-31 00:00:00+00:00,1.2137697e-08
2063-09-30 00:00:00+00:00,0.0
2063-10-31 00:00:00+00:00,3.6121735e-05
2063-11-30 00:00:00+00:00,0.0025233545
2063-12-31 00:00:00+00:00,0.02523725
2064-01-31 00:00:00+00:00,0.101524346
2064-02-29 00:00:00+00:00,0.02030197
2064-03-31 00:00:00+00:00,0.040664904
2064-04-30 00:00:00+00:00,3.1744917e-06
2064-05-31 00:00:00+00:00,5.676239e-07
2064-06-30 00:00:00+00:00,9.593979e-07
2064-07-31 00:00:00+00:00,0.0
2064-08-31 00:00:00+00:00,0.0
2064-09-30 00:00:00+00:00,0.0
2064-10-31 00:00:00+00:00,0.00059359684
2064-11-30 00:00:00+00:00,5.8858104e-06
2064-12-31 00:00:00+00:00,0.0070139556
2065-01-31 00:00:00+00:00,0.09050306
2065-02-28 00:00:00+00:00,0.054587804
2065-03-31 00:00:00+00:00,0.03915078
2065-04-30 00:00:00+00:00,0.00015071349
2065-05-31 00:00:00+00:00,9.224892e-06
2065-06-30 00:00:00+00:00,5.2007124e-07
2065-07-31 00:00:00+00:00,0.0
2065-08-31 00:00:00+00:00,0.0
2065-09-30 00:00:00+00:00,0.0
2065-10-31 00:00:00+00:00,9.3254766e-07
2065-11-30 00:00:00+00:00,0.029679123
2065-12-31 00:00:00+00:00,0.15449698
2066-01-31 00:00:00+00:00,0.032486834
2066-02-28 00:00:00+00:00,0.017200328
2066-03-31 00:00:00+00:00,0.005630954
2066-04-30 00:00:00+00:00,0.00025735432
2066-05-31 00:00:00+00:00,1.4128367e-06
2066-06-30 00:00:00+00:00,0.0
2066-07-31 00:00:00+00:00,0.0
2066-08-31 00:00:00+00:00,0.0
2066-09-30 00:00:00+00:00,0.0
2066-10-31 00:00:00+00:00,2.378584e-05
2066-11-30 00:00:00+00:00,0.0008213772
2066-12-31 00:00:00+00:00,0.00015987868
2067-01-31 00:00:00+00:00,0.029160256
2067-02-28 00:00:00+00:00,0.1068752
2067-03-31 00:00:00+00:00,0.0078974655
2067-04-30 00:00:00+00:00,0.010650201
2067-05-31 00:00:00+00:00,1.7614702e-06
2067-06-30 00:00:00+00:00,5.3081086e-09
2067-07-31 00:00:00+00:00,0.0
2067-08-31 00:00:00+00:00,0.0
2067-09-30 00:00:00+00:00,0.0003041074
2067-10-31 00:00:00+00:00,1.0953904e-06
2067-11-30 00:00:00+00:00,0.003858706
2067-12-31 00:00:00+00:00,0.008808963
2068-01-31 00:00:00+00:00,0.014135262
2068-02-29 00:00:00+00:00,0.001317548
2068-03-31 00:00:00+00:00,0.05289556
2068-04-30 00:00:00+00:00,0.0018495613
2068-05-31 00:00:00+00:00,2.3612483e-05
2068-06-30 00:00:00+00:00,1.7280908e-07
2068-07-31 00:00:00+00:00,0.0
2068-08-31 00:00:00+00:00,0.0
2068-09-30 00:00:00+00:00,2.9174928e-06
2068-10-31 00:00:00+00:00,2.6646112e-05
2068-11-30 00:00:00+00:00,0.0014953284
2068-12-31 00:00:00+00:00,0.0009870158
2069-01-31 00:00:00+00:00,0.14921091
2069-02-28 00:00:00+00:00,0.09073796
2069-03-31 00:00:00+00:00,0.064421676
2069-04-30 00:00:00+00:00,0.02869307
2069-05-31 00:00:00+00:00,0.00013123262
2069-06-30 00:00:00+00:00,1.0999379e-08
2069-07-31 00:00:00+00:00,0.0
2069-08-31 00:00:00+00:00,0.0
2069-09-30 00:00:00+00:00,1.4080682e-08
2069-10-31 00:00:00+00:00,1.1517034e-05
2069-11-30 00:00:00+00:00,0.0015005929
2069-12-31 00:00:00+00:00,0.018828953
2070-01-31 00:00:00+00:00,0.07310653
2070-02-28 00:00:00+00:00,0.03907135
2070-03-31 00:00:00+00:00,0.003543913
2070-04-30 00:00:00+00:00,0.10287312
2070-05-31 00:00:00+00:00,5.014642e-07
2070-06-30 00:00:00+00:00,0.0
2070-07-31 00:00:00+00:00,0.0
2070-08-31 00:00:00+00:00,0.0
2070-09-30 00:00:00+00:00,1.3124499e-06
2070-10-31 00:00:00+00:00,0.0
2070-11-30 00:00:00+00:00,0.0024000353
2070-12-31 00:00:00+00:00,0.055580523
2071-01-31 00:00:00+00:00,0.08454911
2071-02-28 00:00:00+00:00,0.078725174
2071-03-31 00:00:00+00:00,0.015575891
2071-04-30 00:00:00+00:00,0.0033184355
2071-05-31 00:00:00+00:00,0.0005303981
2071-06-30 00:00:00+00:00,1.2648592e-06
2071-07-31 00:00:00+00:00,0.0
2071-08-31 00:00:00+00:00,0.0
2071-09-30 00:00:00+00:00,0.00010421629
2071-10-31 00:00:00+00:00,0.00054188486
2071-11-30 00:00:00+00:00,0.030890355
2071-12-31 00:00:00+00:00,0.100824974
2072-01-31 00:00:00+00:00,0.04940901
2072-02-29 00:00:00+00:00,0.00032056836
2072-03-31 00:00:00+00:00,0.018589536
2072-04-30 00:00:00+00:00,0.0010973021
2072-05-31 00:00:00+00:00,1.2969978e-06
2072-06-30 00:00:00+00:00,2.0380921e-06
2072-07-31 00:00:00+00:00,0.0
2072-08-31 00:00:00+00:00,0.0
2072-09-30 00:00:00+00:00,9.377764e-06
2072-10-31 00:00:00+00:00,6.586909e-06
2072-11-30 00:00:00+00:00,0.00014188545
2072-12-31 00:00:00+00:00,0.0016809531
2073-01-31 00:00:00+00:00,0.020268803
2073-02-28 00:00:00+00:00,0.06824648
2073-03-31 00:00:00+00:00,0.17502275
2073-04-30 00:00:00+00:00,0.020151842
2073-05-31 00:00:00+00:00,0.00036311883
2073-06-30 00:00:00+00:00,3.2894961e-06
2073-07-31 00:00:00+00:00,0.0
2073-08-31 00:00:00+00:00,0.0
2073-09-30 00:00:00+00:00,0.0
2073-10-31 00:00:00+00:00,9.6532995e-06
2073-11-30 00:00:00+00:00,0.0016834626
2073-12-31 00:00:00+00:00,0.09105245
2074-01-31 00:00:00+00:00,0.00798598
2074-02-28 00:00:00+00:00,0.06267739
2074-03-31 00:00:00+00:00,0.03473307
2074-04-30 00:00:00+00:00,0.02478129
2074-05-31 00:00:00+00:00,1.1456406e-06
2074-06-30 00:00:00+00:00,0.0
2074-07-31 00:00:00+00:00,0.0
2074-08-31 00:00:00+00:00,0.0
2074-09-30 00:00:00+00:00,2.4110861e-05
2074-10-31 00:00:00+00:00,1.7100234e-07
2074-11-30 00:00:00+00:00,0.054658737
2074-12-31 00:00:00+00:00,0.0264967
2075-01-31 00:00:00+00:00,0.071031235
2075-02-28 00:00:00+00:00,0.04583307
2075-03-31 00:00:00+00:00,0.019271225
2075-04-30 00:00:00+00:00,0.021269362
2075-05-31 00:00:00+00:00,0.00036869623
2075-06-30 00:00:00+00:00,6.4191806e-07
2075-07-31 00:00:00+00:00,0.0
2075-08-31 00:00:00+00:00,0.0
2075-09-30 00:00:00+00:00,0.0
2075-10-31 00:00:00+00:00,0.0017498153
2075-11-30 00:00:00+00:00,0.00016874277
2075-12-31 00:00:00+00:00,0.020367071
2076-01-31 00:00:00+00:00,0.0024856764
2076-02-29 00:00:00+00:00,0.04641143
2076-03-31 00:00:00+00:00,0.036606915
2076-04-30 00:00:00+00:00,0.0024817635
2076-05-31 00:00:00+00:00,2.5013792e-08
2076-06-30 00:00:00+00:00,0.0
2076-07-31 00:00:00+00:00,0.0
2076-08-31 00:00:00+00:00,0.0
2076-09-30 00:00:00+00:00,0.0
2076-10-31 00:00:00+00:00,9.847413e-07
2076-11-30 00:00:00+00:00,0.009166455
2076-12-31 00:00:00+00:00,0.026381195
2077-01-31 00:00:00+00:00,0.06260454
2077-02-28 00:00:00+00:00,0.029452655
2077-03-31 00:00:00+00:00,0.026093185
2077-04-30 00:00:00+00:00,0.008286353
2077-05-31 00:00:00+00:00,2.5158242e-06
2077-06-30 00:00:00+00:00,0.0
2077-07-31 00:00:00+00:00,0.0
2077-08-31 00:00:00+00:00,0.0
2077-09-30 00:00:00+00:00,7.449939e-06
2077-10-31 00:00:00+00:00,1.8319189e-06
2077-11-30 00:00:00+00:00,0.0013378161
2077-12-31 00:00:00+00:00,5.9882467e-07
2078-01-31 00:00:00+00:00,0.025927987
2078-02-28 00:00:00+00:00,0.05714249
2078-03-31 00:00:00+00:00,0.09608769
2078-04-30 00:00:00+00:00,0.005236065
2078-05-31 00:00:00+00:00,0.0058379564
2078-06-30 00:00:00+00:00,0.0
2078-07-31 00:00:00+00:00,0.0
2078-08-31 00:00:00+00:00,0.0
2078-09-30 00:00:00+00:00,3.993535e-05
2078-10-31 00:00:00+00:00,0.0
2078-11-30 00:00:00+00:00,0.0035857325
2078-12-31 00:00:00+00:00,0.006413034
2079-01-31 00:00:00+00:00,0.003374504
2079-02-28 00:00:00+00:00,0.019414918
2079-03-31 00:00:00+00:00,0.017375408
2079-04-30 00:00:00+00:00,0.0029413898
2079-05-31 00:00:00+00:00,0.00033455782
2079-06-30 00:00:00+00:00,0.0
2079-07-31 00:00:00+00:00,0.0
2079-08-31 00:00:00+00:00,0.0
2079-09-30 00:00:00+00:00,2.1138728e-06
2079-10-31 00:00:00+00:00,2.9492685e-07
2079-11-30 00:00:00+00:00,0.002474057
2079-12-31 00:00:00+00:00,0.016644934
2080-01-31 00:00:00+00:00,0.039120793
2080-02-29 00:00:00+00:00,0.0022486802
2080-03-31 00:00:00+00:00,0.03124398
2080-04-30 00:00:00+00:00,0.00037515722
2080-05-31 00:00:00+00:00,7.997256e-06
2080-06-30 00:00:00+00:00,7.2786015e-08
2080-07-31 00:00:00+00:00,0.0
2080-08-31 00:00:00+00:00,0.0
2080-09-30 00:00:00+00:00,1.536939e-05
2080-10-31 00:00:00+00:00,0.00025294189
2080-11-30 00:00:00+00:00,0.03712139
2080-12-31 00:00:00+00:00,0.25379562
2081-01-31 00:00:00+00:00,0.03028381
2081-02-28 00:00:00+00:00,0.14914727
2081-03-31 00:00:00+00:00,0.028029324
2081-04-30 00:00:00+00:00,0.0016550042
2081-05-31 00:00:00+00:00,3.5221694e-07
2081-06-30 00:00:00+00:00,0.0
2081-07-31 00:00:00+00:00,0.0
2081-08-31 00:00:00+00:00,0.0
2081-09-30 00:00:00+00:00,1.3321012e-06
2081-10-31 00:00:00+00:00,5.0216345e-06
2081-11-30 00:00:00+00:00,0.00013173312
2081-12-31 00:00:00+00:00,0.008087352
2082-01-31 00:00:00+00:00,0.04258469
2082-02-28 00:00:00+00:00,0.0062156795
2082-03-31 00:00:00+00:00,0.006964261
2082-04-30 00:00:00+00:00,0.007935534
2082-05-31 00:00:00+00:00,0.0004178421
2082-06-30 00:00:00+00:00,0.0
2082-07-31 00:00:00+00:00,0.0
2082-08-31 00:00:00+00:00,0.0
2082-09-30 00:00:00+00:00,0.0
2082-10-31 00:00:00+00:00,3.5054522e-06
2082-11-30 00:00:00+00:00,0.0010617642
2082-12-31 00:00:00+00:00,0.03651283
2083-01-31 00:00:00+00:00,0.046983555
2083-02-28 00:00:00+00:00,0.0039382023
2083-03-31 00:00:00+00:00,0.0005546388
2083-04-30 00:00:00+00:00,0.000877106
2083-05-31 00:00:00+00:00,0.002028044
2083-06-30 00:00:00+00:00,0.0
2083-07-31 00:00:00+00:00,0.0
2083-08-31 00:00:00+00:00,0.0
2083-09-30 00:00:00+00:00,1.3831996e-07
2083-10-31 00:00:00+00:00,1.2483751e-05
2083-11-30 00:00:00+00:00,0.0011821052
2083-12-31 00:00:00+00:00,0.020542081
2084-01-31 00:00:00+00:00,0.046210296
2084-02-29 00:00:00+00:00,0.032779574
2084-03-31 00:00:00+00:00,0.066443704
2084-04-30 00:00:00+00:00,0.021859078
2084-05-31 00:00:00+00:00,1.4936053e-07
2084-06-30 00:00:00+00:00,9.378433e-06
2084-07-31 00:00:00+00:00,0.0
2084-08-31 00:00:00+00:00,0.0
2084-09-30 00:00:00+00:00,0.0
2084-10-31 00:00:00+00:00,2.6310647e-06
2084-11-30 00:00:00+00:00,0.0064713503
2084-12-31 00:00:00+00:00,0.01867128
2085-01-31 00:00:00+00:00,0.0025313457
2085-02-28 00:00:00+00:00,0.004758774
2085-03-31 00:00:00+00:00,0.005912551
2085-04-30 00:00:00+00:00,0.0011270791
2085-05-31 00:00:00+00:00,1.1280808e-05
2085-06-30 00:00:00+00:00,0.0
2085-07-31 00:00:00+00:00,0.0
2085-08-31 00:00:00+00:00,0.0
2085-09-30 00:00:00+00:00,0.0
2085-10-31 00:00:00+00:00,0.0024822657
2085-11-30 00:00:00+00:00,0.00065246026
2085-12-31 00:00:00+00:00,9.820729e-05
2086-01-31 00:00:00+00:00,0.17506759
2086-02-28 00:00:00+00:00,0.0633215
2086-03-31 00:00:00+00:00,0.017547213
2086-04-30 00:00:00+00:00,0.007323972
2086-05-31 00:00:00+00:00,0.00031751744
2086-06-30 00:00:00+00:00,0.0
2086-07-31 00:00:00+00:00,0.0
2086-08-31 00:00:00+00:00,0.0
2086-09-30 00:00:00+00:00,1.0911814e-08
2086-10-31 00:00:00+00:00,1.5128012e-05
2086-11-30 00:00:00+00:00,0.0
2086-12-31 00:00:00+00:00,0.027065115
2087-01-31 00:00:00+00:00,0.081257105
2087-02-28 00:00:00+00:00,0.016925743
2087-03-31 00:00:00+00:00,0.02626732
2087-04-30 00:00:00+00:00,0.0037489575
2087-05-31 00:00:00+00:00,2.21765e-05
2087-06-30 00:00:00+00:00,0.0
2087-07-31 00:00:00+00:00,0.0
2087-08-31 00:00:00+00:00,0.0
2087-09-30 00:00:00+00:00,1.3639888e-07
2087-10-31 00:00:00+00:00,0.0
2087-11-30 00:00:00+00:00,0.0028609787
2087-12-31 00:00:00+00:00,0.0174068
2088-01-31 00:00:00+00:00,0.29056945
2088-02-29 00:00:00+00:00,0.252981
2088-03-31 00:00:00+00:00,0.008673313
2088-04-30 00:00:00+00:00,0.012294261
2088-05-31 00:00:00+00:00,0.00040376303
2088-06-30 00:00:00+00:00,0.0
2088-07-31 00:00:00+00:00,0.0
2088-08-31 00:00:00+00:00,0.0
2088-09-30 00:00:00+00:00,8.005628e-07
2088-10-31 00:00:00+00:00,1.6137856e-06
2088-11-30 00:00:00+00:00,0.01337121
2088-12-31 00:00:00+00:00,0.051260933
2089-01-31 00:00:00+00:00,0.05145942
2089-02-28 00:00:00+00:00,0.08009116
2089-03-31 00:00:00+00:00,0.007013573
2089-04-30 00:00:00+00:00,0.00057084364
2089-05-31 00:00:00+00:00,0.001390776
2089-06-30 00:00:00+00:00,0.0
2089-07-31 00:00:00+00:00,0.0
2089-08-31 00:00:00+00:00,0.0
2089-09-30 00:00:00+00:00,0.0
2089-10-31 00:00:00+00:00,3.7557195e-06
2089-11-30 00:00:00+00:00,0.042719383
2089-12-31 00:00:00+00:00,0.02133343
2090-01-31 00:00:00+00:00,0.0463353
2090-02-28 00:00:00+00:00,0.040864643
2090-03-31 00:00:00+00:00,0.046259616
2090-04-30 00:00:00+00:00,0.048638687
2090-05-31 00:00:00+00:00,3.768363e-07
2090-06-30 00:00:00+00:00,0.0
2090-07-31 00:00:00+00:00,0.0
2090-08-31 00:00:00+00:00,0.0
2090-09-30 00:00:00+00:00,8.346475e-06
2090-10-31 00:00:00+00:00,0.002033134
2090-11-30 00:00:00+00:00,0.063362785
2090-12-31 00:00:00+00:00,0.03027297
2091-01-31 00:00:00+00:00,0.055088196
2091-02-28 00:00:00+00:00,0.023239158
2091-03-31 00:00:00+00:00,0.012304604
2091-04-30 00:00:00+00:00,0.0042719706
2091-05-31 00:00:00+00:00,7.696099e-06
2091-06-30 00:00:00+00:00,0.0
2091-07-31 00:00:00+00:00,2.6879512e-08
2091-08-31 00:00:00+00:00,1.9403811e-07
2091-09-30 00:00:00+00:00,1.0123951e-07
2091-10-31 00:00:00+00:00,1.9422636e-05
2091-11-30 00:00:00+00:00,0.003309961
2091-12-31 00:00:00+00:00,0.09799146
2092-01-31 00:00:00+00:00,6.758457e-05
2092-02-29 00:00:00+00:00,0.108995594
2092-03-31 00:00:00+00:00,0.051977217
2092-04-30 00:00:00+00:00,0.0077469484
2092-05-31 00:00:00+00:00,0.00017196179
2092-06-30 00:00:00+00:00,0.0
2092-07-31 00:00:00+00:00,0.0
2092-08-31 00:00:00+00:00,0.0
2092-09-30 00:00:00+00:00,0.0
2092-10-31 00:00:00+00:00,0.0006987033
2092-11-30 00:00:00+00:00,0.0022168253
2092-12-31 00:00:00+00:00,0.02646669
2093-01-31 00:00:00+00:00,0.0225957
2093-02-28 00:00:00+00:00,0.012921657
2093-03-31 00:00:00+00:00,0.028129302
2093-04-30 00:00:00+00:00,0.0022589837
2093-05-31 00:00:00+00:00,6.558273e-05
2093-06-30 00:00:00+00:00,7.189174e-08
2093-07-31 00:00:00+00:00,0.0
2093-08-31 00:00:00+00:00,0.0
2093-09-30 00:00:00+00:00,0.0
2093-10-31 00:00:00+00:00,5.0017487e-05
2093-11-30 00:00:00+00:00,0.011400125
2093-12-31 00:00:00+00:00,0.0018716736
2094-01-31 00:00:00+00:00,0.005847415
2094-02-28 00:00:00+00:00,0.023272615
2094-03-31 00:00:00+00:00,0.0014710274
2094-04-30 00:00:00+00:00,0.00032504302
2094-05-31 00:00:00+00:00,1.7109013e-06
2094-06-30 00:00:00+00:00,0.0
2094-07-31 00:00:00+00:00,0.0
2094-08-31 00:00:00+00:00,0.0
2094-09-30 00:00:00+00:00,1.3207725e-06
2094-10-31 00:00:00+00:00,7.925992e-06
2094-11-30 00:00:00+00:00,0.0014123436
2094-12-31 00:00:00+00:00,0.030449709
2095-01-31 00:00:00+00:00,0.0022796555
2095-02-28 00:00:00+00:00,0.03243359
2095-03-31 00:00:00+00:00,0.03684864
2095-04-30 00:00:00+00:00,2.7979022e-05
2095-05-31 00:00:00+00:00,0.0
2095-06-30 00:00:00+00:00,3.641749e-07
2095-07-31 00:00:00+00:00,0.0
2095-08-31 00:00:00+00:00,0.0
2095-09-30 00:00:00+00:00,0.0
2095-10-31 00:00:00+00:00,2.0976283e-06
2095-11-30 00:00:00+00:00,0.0031198477
2095-12-31 00:00:00+00:00,0.03330829
2096-01-31 00:00:00+00:00,0.063099824
2096-02-29 00:00:00+00:00,0.0044780984
2096-03-31 00:00:00+00:00,0.048786763
2096-04-30 00:00:00+00:00,2.1735961e-05
2096-05-31 00:00:00+00:00,9.644461e-07
2096-06-30 00:00:00+00:00,1.3133485e-06
2096-07-31 00:00:00+00:00,0.0
2096-08-31 00:00:00+00:00,0.0
2096-09-30 00:00:00+00:00,0.0
2096-10-31 00:00:00+00:00,5.9636714e-06
2096-11-30 00:00:00+00:00,0.010980253
2096-12-31 00:00:00+00:00,0.007907549
2097-01-31 00:00:00+00:00,0.017708382
2097-02-28 00:00:00+00:00,0.0023408183
2097-03-31 00:00:00+00:00,0.027475305
2097-04-30 00:00:00+00:00,0.024783839
2097-05-31 00:00:00+00:00,1.6893182e-05
2097-06-30 00:00:00+00:00,0.0
2097-07-31 00:00:00+00:00,0.0
2097-08-31 00:00:00+00:00,0.0
2097-09-30 00:00:00+00:00,8.896287e-07
2097-10-31 00:00:00+00:00,0.001412861
2097-11-30 00:00:00+00:00,0.012058478
2097-12-31 00:00:00+00:00,0.030646835
2098-01-31 00:00:00+00:00,0.04722842
2098-02-28 00:00:00+00:00,0.0061800405
2098-03-31 00:00:00+00:00,0.038225114
2098-04-30 00:00:00+00:00,0.0010351733
2098-05-31 00:00:00+00:00,0.00011319676
2098-06-30 00:00:00+00:00,0.0
2098-07-31 00:00:00+00:00,0.0
2098-08-31 00:00:00+00:00,0.0
2098-09-30 00:00:00+00:00,0.0
2098-10-31 00:00:00+00:00,1.2275211e-06
2098-11-30 00:00:00+00:00,0.0006569179
2098-12-31 00:00:00+00:00,0.0051222844
2099-01-31 00:00:00+00:00,0.13368851
2099-02-28 00:00:00+00:00,0.12936014
2099-03-31 00:00:00+00:00,0.11003729
2099-04-30 00:00:00+00:00,0.006777161
2099-05-31 00:00:00+00:00,4.5066577e-06
2099-06-30 00:00:00+00:00,1.3643454e-06
2099-07-31 00:00:00+00:00,0.0
2099-08-31 00:00:00+00:00,0.0
2099-09-30 00:00:00+00:00,1.9376978e-06
2099-10-31 00:00:00+00:00,0.00015545083
2099-11-30 00:00:00+00:00,0.005064057
2099-12-31 00:00:00+00:00,0.028810337
